point_id,point_name,subbranch,candidate_nucleus,observed_token_count,point_monophthong_token_count,in_core_nucleus,in_core_back_nucleus,core_nucleus_token_count,log_core_nucleus_token_count,candidate_is_back,distance_to_au,phonetic_fit_to_au,log_core_nucleus_token_count_z,phonetic_fit_to_au_z,predicted_probability,predicted_token_count
AJ01,安吉安城,太湖片-苕溪小片,ɔ,98,98,1,1,1,0.6931471805599453,1,0.0,-0.0,-0.04050390492150895,2.1616174789064986,0.9181155983505621,89.97532863835508
AJ01,安吉安城,太湖片-苕溪小片,ɒ,0,98,0,0,0,0.0,1,0.35999999999999993,-0.35999999999999993,-0.46693359802595813,1.5138513057933247,0.04841225685389591,4.744401171681799
AJ01,安吉安城,太湖片-苕溪小片,u,0,98,1,1,126,4.844187086458591,1,1.1700000000000002,-1.1700000000000002,2.51324906815806,0.05637741628868252,0.01651210322233701,1.618186115789027
AJ01,安吉安城,太湖片-苕溪小片,a,0,98,1,0,69,4.248495242049359,0,1.5481924944915604,-1.5481924944915604,2.1467746778401966,-0.624123430536104,0.004505213419238588,0.44151091508538165
AJ01,安吉安城,太湖片-苕溪小片,ɤ,0,98,0,0,0,0.0,1,1.0628264204469138,-1.0628264204469138,-0.46693359802595813,0.24922024819407998,0.004331773217766087,0.42451377534107654
AJ01,安吉安城,太湖片-苕溪小片,ʌ,0,98,0,0,0,0.0,1,1.121650569473399,-1.121650569473399,-0.46693359802595813,0.14337498735650964,0.003539382375238122,0.34685947277333595
AJ01,安吉安城,太湖片-苕溪小片,ɜ,0,98,0,0,0,0.0,0,1.425622670975739,-1.425622670975739,-0.46693359802595813,-0.4035773596527684,0.0012460707736971735,0.12211493582232301
AJ01,安吉安城,太湖片-苕溪小片,ɐ,0,98,0,0,0,0.0,0,1.4397569239284802,-1.4397569239284802,-0.46693359802595813,-0.42900983450002067,0.0011870280693047827,0.1163287507918687
AJ01,安吉安城,太湖片-苕溪小片,ə,0,98,0,0,0,0.0,0,1.4397569239284802,-1.4397569239284802,-0.46693359802595813,-0.42900983450002067,0.0011870280693047827,0.1163287507918687
AJ01,安吉安城,太湖片-苕溪小片,ɯ,0,98,0,0,0,0.0,1,1.5391231269784755,-1.5391231269784755,-0.46693359802595813,-0.6078044597402487,0.0008438259989010182,0.08269494789229978
AJ01,安吉安城,太湖片-苕溪小片,æ,0,98,0,0,0,0.0,0,2.1077238908357994,-2.1077238908357994,-0.46693359802595813,-1.6309165176099327,0.00011971964975443279,0.011732525675934413
BL01,北仑,太湖片-甬江小片,ɔ,88,89,0,0,0,0.0,1,0.0,-0.0,-0.46693359802595813,2.1616174789064986,0.6705829573049267,59.68188320013847
BL01,北仑,太湖片-甬江小片,ɒ,0,89,0,0,0,0.0,1,0.35999999999999993,-0.35999999999999993,-0.46693359802595813,1.5138513057933247,0.19476020049923828,17.333657844432206
BL01,北仑,太湖片-甬江小片,u,0,89,1,1,103,4.6443908991413725,1,1.1700000000000002,-1.1700000000000002,2.3903328546458096,0.05637741628868252,0.06642740378643756,5.912038936992944
BL01,北仑,太湖片-甬江小片,a,1,89,1,0,44,3.8066624897703196,0,1.5481924944915604,-1.5481924944915604,1.8749556324166239,-0.624123430536104,0.018124258727924933,1.613059026785319
BL01,北仑,太湖片-甬江小片,ɤ,0,89,0,0,0,0.0,1,1.0628264204469138,-1.0628264204469138,-0.46693359802595813,0.24922024819407998,0.017426517068919945,1.550960019133875
BL01,北仑,太湖片-甬江小片,ʌ,0,89,0,0,0,0.0,1,1.121650569473399,-1.121650569473399,-0.46693359802595813,0.14337498735650964,0.014238766499260484,1.267250218434183
BL01,北仑,太湖片-甬江小片,ɜ,0,89,0,0,0,0.0,0,1.425622670975739,-1.425622670975739,-0.46693359802595813,-0.4035773596527684,0.005012883296350039,0.4461466133751535
BL01,北仑,太湖片-甬江小片,ɐ,0,89,0,0,0,0.0,0,1.4397569239284802,-1.4397569239284802,-0.46693359802595813,-0.42900983450002067,0.00477535731237902,0.4250068008017328
BL01,北仑,太湖片-甬江小片,ə,0,89,0,0,0,0.0,0,1.4397569239284802,-1.4397569239284802,-0.46693359802595813,-0.42900983450002067,0.00477535731237902,0.4250068008017328
BL01,北仑,太湖片-甬江小片,ɯ,0,89,0,0,0,0.0,1,1.5391231269784755,-1.5391231269784755,-0.46693359802595813,-0.6078044597402487,0.003394671750759477,0.3021257858175934
BL01,北仑,太湖片-甬江小片,æ,0,89,0,0,0,0.0,0,2.1077238908357994,-2.1077238908357994,-0.46693359802595813,-1.6309165176099327,0.0004816264414245241,0.042864753286782645
BS01,宝山,太湖片-苏沪嘉小片,ɔ,77,77,0,0,0,0.0,1,0.0,-0.0,-0.46693359802595813,2.1616174789064986,0.6806799550746305,52.41235654074655
BS01,宝山,太湖片-苏沪嘉小片,ɒ,0,77,0,0,0,0.0,1,0.35999999999999993,-0.35999999999999993,-0.46693359802595813,1.5138513057933247,0.19769271360391252,15.222338947501264
BS01,宝山,太湖片-苏沪嘉小片,u,0,77,1,1,184,5.220355825078324,1,1.1700000000000002,-1.1700000000000002,2.744671086834551,0.05637741628868252,0.06742760419501116,5.191925523015859
BS01,宝山,太湖片-苏沪嘉小片,ɤ,0,77,0,0,0,0.0,1,1.0628264204469138,-1.0628264204469138,-0.46693359802595813,0.24922024819407998,0.017688908920758466,1.3620459868984018
BS01,宝山,太湖片-苏沪嘉小片,ʌ,0,77,0,0,0,0.0,1,1.121650569473399,-1.121650569473399,-0.46693359802595813,0.14337498735650964,0.014453160247297528,1.1128933390419096
BS01,宝山,太湖片-苏沪嘉小片,ɜ,0,77,0,0,0,0.0,0,1.425622670975739,-1.425622670975739,-0.46693359802595813,-0.4035773596527684,0.005088362505762778,0.3918039129437339
BS01,宝山,太湖片-苏沪嘉小片,ɐ,0,77,0,0,0,0.0,0,1.4397569239284802,-1.4397569239284802,-0.46693359802595813,-0.42900983450002067,0.004847260082360551,0.37323902634176237
BS01,宝山,太湖片-苏沪嘉小片,ə,0,77,0,0,0,0.0,0,1.4397569239284802,-1.4397569239284802,-0.46693359802595813,-0.42900983450002067,0.004847260082360551,0.37323902634176237
BS01,宝山,太湖片-苏沪嘉小片,ɯ,0,77,0,0,0,0.0,1,1.5391231269784755,-1.5391231269784755,-0.46693359802595813,-0.6078044597402487,0.003445785476097876,0.26532548165953646
BS01,宝山,太湖片-苏沪嘉小片,a,0,77,0,0,0,0.0,0,1.5481924944915604,-1.5481924944915604,-0.46693359802595813,-0.624123430536104,0.003340111499377915,0.25718858545209944
BS01,宝山,太湖片-苏沪嘉小片,æ,0,77,0,0,0,0.0,0,2.1077238908357994,-2.1077238908357994,-0.46693359802595813,-1.6309165176099327,0.0004888783124300715,0.037643630057115504
BZ01,堡镇,太湖片-苏沪嘉小片,ɔ,70,70,1,1,1,0.6931471805599453,1,0.0,-0.0,-0.04050390492150895,2.1616174789064986,0.9215134631880434,64.50594242316303
BZ01,堡镇,太湖片-苏沪嘉小片,ɒ,0,70,0,0,0,0.0,1,0.35999999999999993,-0.35999999999999993,-0.46693359802595813,1.5138513057933247,0.048591426345801395,3.4013998442060975
BZ01,堡镇,太湖片-苏沪嘉小片,u,0,70,1,1,157,5.062595033026967,1,1.1700000000000002,-1.1700000000000002,2.647615384921388,0.05637741628868252,0.01657321305973966,1.1601249141817762
BZ01,堡镇,太湖片-苏沪嘉小片,ɤ,0,70,0,0,0,0.0,1,1.0628264204469138,-1.0628264204469138,-0.46693359802595813,0.24922024819407998,0.004347804728315558,0.3043463309820891
BZ01,堡镇,太湖片-苏沪嘉小片,ʌ,0,70,0,0,0,0.0,1,1.121650569473399,-1.121650569473399,-0.46693359802595813,0.14337498735650964,0.0035524813171805406,0.24867369220263785
BZ01,堡镇,太湖片-苏沪嘉小片,ɜ,0,70,0,0,0,0.0,0,1.425622670975739,-1.425622670975739,-0.46693359802595813,-0.4035773596527684,0.0012506823717078873,0.08754776601955211
BZ01,堡镇,太湖片-苏沪嘉小片,ɐ,0,70,0,0,0,0.0,0,1.4397569239284802,-1.4397569239284802,-0.46693359802595813,-0.42900983450002067,0.0011914211554750211,0.08339948088325148
BZ01,堡镇,太湖片-苏沪嘉小片,ə,0,70,0,0,0,0.0,0,1.4397569239284802,-1.4397569239284802,-0.46693359802595813,-0.42900983450002067,0.0011914211554750211,0.08339948088325148
BZ01,堡镇,太湖片-苏沪嘉小片,ɯ,0,70,0,0,0,0.0,1,1.5391231269784755,-1.5391231269784755,-0.46693359802595813,-0.6078044597402487,0.0008469489244844299,0.059286424713910095
BZ01,堡镇,太湖片-苏沪嘉小片,a,0,70,0,0,0,0.0,0,1.5481924944915604,-1.5481924944915604,-0.46693359802595813,-0.624123430536104,0.0008209750321600835,0.057468252251205845
BZ01,堡镇,太湖片-苏沪嘉小片,æ,0,70,0,0,0,0.0,0,2.1077238908357994,-2.1077238908357994,-0.46693359802595813,-1.6309165176099327,0.00012016272161704682,0.008411390513193277
CM01,崇明城桥,太湖片-苏沪嘉小片,ɔ,97,98,1,1,1,0.6931471805599453,1,0.0,-0.0,-0.04050390492150895,2.1616174789064986,0.9210145614271905,90.25942701986467
CM01,崇明城桥,太湖片-苏沪嘉小片,ɒ,0,98,0,0,0,0.0,1,0.35999999999999993,-0.35999999999999993,-0.46693359802595813,1.5138513057933247,0.048565119244348524,4.759381685946155
CM01,崇明城桥,太湖片-苏沪嘉小片,u,1,98,1,1,207,5.337538079701318,1,1.1700000000000002,-1.1700000000000002,2.8167625477502587,0.05637741628868252,0.016564240423409544,1.6232955614941353
CM01,崇明城桥,太湖片-苏沪嘉小片,ɤ,0,98,0,0,0,0.0,1,1.0628264204469138,-1.0628264204469138,-0.46693359802595813,0.24922024819407998,0.004345450853389741,0.42585418363219457
CM01,崇明城桥,太湖片-苏沪嘉小片,ʌ,0,98,0,0,0,0.0,1,1.121650569473399,-1.121650569473399,-0.46693359802595813,0.14337498735650964,0.003550558025492097,0.3479546864982255
CM01,崇明城桥,太湖片-苏沪嘉小片,ɜ,0,98,0,0,0,0.0,0,1.425622670975739,-1.425622670975739,-0.46693359802595813,-0.4035773596527684,0.0012500052599103515,0.12250051547121445
CM01,崇明城桥,太湖片-苏沪嘉小片,ɐ,0,98,0,0,0,0.0,0,1.4397569239284802,-1.4397569239284802,-0.46693359802595813,-0.42900983450002067,0.0011907761273380177,0.11669606047912573
CM01,崇明城桥,太湖片-苏沪嘉小片,ə,0,98,0,0,0,0.0,0,1.4397569239284802,-1.4397569239284802,-0.46693359802595813,-0.42900983450002067,0.0011907761273380177,0.11669606047912573
CM01,崇明城桥,太湖片-苏沪嘉小片,ɯ,0,98,0,0,0,0.0,1,1.5391231269784755,-1.5391231269784755,-0.46693359802595813,-0.6078044597402487,0.0008464903915094303,0.08295605836792418
CM01,崇明城桥,太湖片-苏沪嘉小片,a,0,98,0,0,0,0.0,0,1.5481924944915604,-1.5481924944915604,-0.46693359802595813,-0.624123430536104,0.0008205305612917534,0.08041199500659184
CM01,崇明城桥,太湖片-苏沪嘉小片,æ,0,98,1,0,1,0.6931471805599453,0,2.1077238908357994,-2.1077238908357994,-0.04050390492150895,-1.6309165176099327,0.0006614915587821002,0.06482617276064581
CS01,川沙浦东,太湖片-苏沪嘉小片,ɔ,87,87,1,1,11,2.4849066497880004,1,0.0,-0.0,1.0618008609475234,2.1616174789064986,0.9037992930443971,78.63053849486255
CS01,川沙浦东,太湖片-苏沪嘉小片,ɒ,0,87,0,0,0,0.0,1,0.35999999999999993,-0.35999999999999993,-0.46693359802595813,1.5138513057933247,0.047657357742143525,4.146190123566487
CS01,川沙浦东,太湖片-苏沪嘉小片,ɤ,0,87,1,1,1,0.6931471805599453,1,1.0628264204469138,-1.0628264204469138,-0.04050390492150895,0.24922024819407998,0.023487137028378294,2.043380921468912
CS01,川沙浦东,太湖片-苏沪嘉小片,u,0,87,1,1,200,5.303304908059076,1,1.1700000000000002,-1.1700000000000002,2.7957020265697494,0.05637741628868252,0.01625462768069217,1.4141526082202187
CS01,川沙浦东,太湖片-苏沪嘉小片,ʌ,0,87,0,0,0,0.0,1,1.121650569473399,-1.121650569473399,-0.46693359802595813,0.14337498735650964,0.003484192289403396,0.30312472917809546
CS01,川沙浦东,太湖片-苏沪嘉小片,ɜ,0,87,0,0,0,0.0,0,1.425622670975739,-1.425622670975739,-0.46693359802595813,-0.4035773596527684,0.0012266406173406246,0.10671773370863434
CS01,川沙浦东,太湖片-苏沪嘉小片,ɐ,0,87,0,0,0,0.0,0,1.4397569239284802,-1.4397569239284802,-0.46693359802595813,-0.42900983450002067,0.0011685185741195521,0.10166111594840103
CS01,川沙浦东,太湖片-苏沪嘉小片,ə,0,87,0,0,0,0.0,0,1.4397569239284802,-1.4397569239284802,-0.46693359802595813,-0.42900983450002067,0.0011685185741195521,0.10166111594840103
CS01,川沙浦东,太湖片-苏沪嘉小片,ɯ,0,87,0,0,0,0.0,1,1.5391231269784755,-1.5391231269784755,-0.46693359802595813,-0.6078044597402487,0.00083066810173943,0.07226812485133041
CS01,川沙浦东,太湖片-苏沪嘉小片,a,0,87,0,0,0,0.0,0,1.5481924944915604,-1.5481924944915604,-0.46693359802595813,-0.624123430536104,0.0008051935032032985,0.07005183477868697
CS01,川沙浦东,太湖片-苏沪嘉小片,æ,0,87,0,0,0,0.0,0,2.1077238908357994,-2.1077238908357994,-0.46693359802595813,-1.6309165176099327,0.00011785284446312658,0.010253197468292013
CS02,常熟虞山镇,太湖片-苏沪嘉小片,ɔ,83,83,0,0,0,0.0,1,0.0,-0.0,-0.46693359802595813,2.1616174789064986,0.670268396123209,55.63227687822635
CS02,常熟虞山镇,太湖片-苏沪嘉小片,ɒ,0,83,0,0,0,0.0,1,0.35999999999999993,-0.35999999999999993,-0.46693359802595813,1.5138513057933247,0.19466884118544536,16.157513818391966
CS02,常熟虞山镇,太湖片-苏沪嘉小片,u,0,83,1,1,105,4.663439094112067,1,1.1700000000000002,-1.1700000000000002,2.402051456644573,0.05637741628868252,0.06639624361094268,5.510888219708242
CS02,常熟虞山镇,太湖片-苏沪嘉小片,ɯ,0,83,1,1,113,4.736198448394496,1,1.5391231269784755,-1.5391231269784755,2.4468135937307682,-0.6078044597402487,0.018688900651519166,1.5511787540760908
CS02,常熟虞山镇,太湖片-苏沪嘉小片,ɤ,0,83,0,0,0,0.0,1,1.0628264204469138,-1.0628264204469138,-0.46693359802595813,0.24922024819407998,0.01741834253101571,1.445722430074304
CS02,常熟虞山镇,太湖片-苏沪嘉小片,ʌ,0,83,0,0,0,0.0,1,1.121650569473399,-1.121650569473399,-0.46693359802595813,0.14337498735650964,0.01423208729101724,1.181263245154431
CS02,常熟虞山镇,太湖片-苏沪嘉小片,ɜ,0,83,0,0,0,0.0,0,1.425622670975739,-1.425622670975739,-0.46693359802595813,-0.4035773596527684,0.005010531822194105,0.4158741412421107
CS02,常熟虞山镇,太湖片-苏沪嘉小片,ɐ,0,83,0,0,0,0.0,0,1.4397569239284802,-1.4397569239284802,-0.46693359802595813,-0.42900983450002067,0.004773117258373856,0.39616873244503004
CS02,常熟虞山镇,太湖片-苏沪嘉小片,ə,0,83,0,0,0,0.0,0,1.4397569239284802,-1.4397569239284802,-0.46693359802595813,-0.42900983450002067,0.004773117258373856,0.39616873244503004
CS02,常熟虞山镇,太湖片-苏沪嘉小片,a,0,83,0,0,0,0.0,0,1.5481924944915604,-1.5481924944915604,-0.46693359802595813,-0.624123430536104,0.003289021750780454,0.27298880531477765
CS02,常熟虞山镇,太湖片-苏沪嘉小片,æ,0,83,0,0,0,0.0,0,2.1077238908357994,-2.1077238908357994,-0.46693359802595813,-1.6309165176099327,0.00048140051712849085,0.03995624292166474
CX01,慈溪逍林,太湖片-临绍小片,ɔ,88,88,0,0,0,0.0,1,0.0,-0.0,-0.46693359802595813,2.1616174789064986,0.6705829573049267,59.01130024283355
CX01,慈溪逍林,太湖片-临绍小片,ɒ,0,88,0,0,0,0.0,1,0.35999999999999993,-0.35999999999999993,-0.46693359802595813,1.5138513057933247,0.19476020049923828,17.138897643932967
CX01,慈溪逍林,太湖片-临绍小片,u,0,88,1,1,91,4.5217885770490405,1,1.1700000000000002,-1.1700000000000002,2.314906924843294,0.05637741628868252,0.06642740378643756,5.8456115332065055
CX01,慈溪逍林,太湖片-临绍小片,a,0,88,1,0,42,3.7612001156935624,0,1.5481924944915604,-1.5481924944915604,1.8469868160251468,-0.624123430536104,0.018124258727924933,1.594934768057394
CX01,慈溪逍林,太湖片-临绍小片,ɤ,0,88,0,0,0,0.0,1,1.0628264204469138,-1.0628264204469138,-0.46693359802595813,0.24922024819407998,0.017426517068919945,1.5335335020649552
CX01,慈溪逍林,太湖片-临绍小片,ʌ,0,88,0,0,0,0.0,1,1.121650569473399,-1.121650569473399,-0.46693359802595813,0.14337498735650964,0.014238766499260484,1.2530114519349225
CX01,慈溪逍林,太湖片-临绍小片,ɜ,0,88,0,0,0,0.0,0,1.425622670975739,-1.425622670975739,-0.46693359802595813,-0.4035773596527684,0.005012883296350039,0.44113373007880347
CX01,慈溪逍林,太湖片-临绍小片,ɐ,0,88,0,0,0,0.0,0,1.4397569239284802,-1.4397569239284802,-0.46693359802595813,-0.42900983450002067,0.00477535731237902,0.42023144348935376
CX01,慈溪逍林,太湖片-临绍小片,ə,0,88,0,0,0,0.0,0,1.4397569239284802,-1.4397569239284802,-0.46693359802595813,-0.42900983450002067,0.00477535731237902,0.42023144348935376
CX01,慈溪逍林,太湖片-临绍小片,ɯ,0,88,0,0,0,0.0,1,1.5391231269784755,-1.5391231269784755,-0.46693359802595813,-0.6078044597402487,0.003394671750759477,0.29873111406683395
CX01,慈溪逍林,太湖片-临绍小片,æ,0,88,0,0,0,0.0,0,2.1077238908357994,-2.1077238908357994,-0.46693359802595813,-1.6309165176099327,0.0004816264414245241,0.04238312684535812
CX02,长兴,太湖片-苕溪小片,ɔ,81,81,0,0,0,0.0,1,0.0,-0.0,-0.46693359802595813,2.1616174789064986,0.6705829573049267,54.31721954169906
CX02,长兴,太湖片-苕溪小片,ɒ,0,81,0,0,0,0.0,1,0.35999999999999993,-0.35999999999999993,-0.46693359802595813,1.5138513057933247,0.19476020049923828,15.775576240438301
CX02,长兴,太湖片-苕溪小片,u,0,81,1,1,37,3.6375861597263857,1,1.1700000000000002,-1.1700000000000002,1.770938520966185,0.05637741628868252,0.06642740378643756,5.3806197067014425
CX02,长兴,太湖片-苕溪小片,a,0,81,1,0,56,4.04305126783455,0,1.5481924944915604,-1.5481924944915604,2.020383900626319,-0.624123430536104,0.018124258727924933,1.4680649569619195
CX02,长兴,太湖片-苕溪小片,ɤ,0,81,0,0,0,0.0,1,1.0628264204469138,-1.0628264204469138,-0.46693359802595813,0.24922024819407998,0.017426517068919945,1.4115478825825156
CX02,长兴,太湖片-苕溪小片,ʌ,0,81,0,0,0,0.0,1,1.121650569473399,-1.121650569473399,-0.46693359802595813,0.14337498735650964,0.014238766499260484,1.153340086440099
CX02,长兴,太湖片-苕溪小片,ɜ,0,81,0,0,0,0.0,0,1.425622670975739,-1.425622670975739,-0.46693359802595813,-0.4035773596527684,0.005012883296350039,0.4060435470043532
CX02,长兴,太湖片-苕溪小片,ɐ,0,81,0,0,0,0.0,0,1.4397569239284802,-1.4397569239284802,-0.46693359802595813,-0.42900983450002067,0.00477535731237902,0.38680394230270065
CX02,长兴,太湖片-苕溪小片,ə,0,81,0,0,0,0.0,0,1.4397569239284802,-1.4397569239284802,-0.46693359802595813,-0.42900983450002067,0.00477535731237902,0.38680394230270065
CX02,长兴,太湖片-苕溪小片,ɯ,0,81,0,0,0,0.0,1,1.5391231269784755,-1.5391231269784755,-0.46693359802595813,-0.6078044597402487,0.003394671750759477,0.2749684118115176
CX02,长兴,太湖片-苕溪小片,æ,0,81,0,0,0,0.0,0,2.1077238908357994,-2.1077238908357994,-0.46693359802595813,-1.6309165176099327,0.0004816264414245241,0.03901174175538645
DB01,郎溪梅渚镇定埠,太湖片-毗陵小片,ɔ,85,85,0,0,0,0.0,1,0.0,-0.0,-0.46693359802595813,2.1616174789064986,0.6705829573049267,56.999551370918766
DB01,郎溪梅渚镇定埠,太湖片-毗陵小片,ɒ,0,85,0,0,0,0.0,1,0.35999999999999993,-0.35999999999999993,-0.46693359802595813,1.5138513057933247,0.19476020049923828,16.554617042435254
DB01,郎溪梅渚镇定埠,太湖片-毗陵小片,u,0,85,1,1,73,4.30406509320417,1,1.1700000000000002,-1.1700000000000002,2.180961695025584,0.05637741628868252,0.06642740378643756,5.646329321847193
DB01,郎溪梅渚镇定埠,太湖片-毗陵小片,a,0,85,1,0,1,0.6931471805599453,0,1.5481924944915604,-1.5481924944915604,-0.04050390492150895,-0.624123430536104,0.018124258727924933,1.5405619918736193
DB01,郎溪梅渚镇定埠,太湖片-毗陵小片,ɤ,0,85,0,0,0,0.0,1,1.0628264204469138,-1.0628264204469138,-0.46693359802595813,0.24922024819407998,0.017426517068919945,1.4812539508581954
DB01,郎溪梅渚镇定埠,太湖片-毗陵小片,ʌ,0,85,0,0,0,0.0,1,1.121650569473399,-1.121650569473399,-0.46693359802595813,0.14337498735650964,0.014238766499260484,1.210295152437141
DB01,郎溪梅渚镇定埠,太湖片-毗陵小片,ɜ,0,85,0,0,0,0.0,0,1.425622670975739,-1.425622670975739,-0.46693359802595813,-0.4035773596527684,0.005012883296350039,0.42609508018975334
DB01,郎溪梅渚镇定埠,太湖片-毗陵小片,ɐ,0,85,0,0,0,0.0,0,1.4397569239284802,-1.4397569239284802,-0.46693359802595813,-0.42900983450002067,0.00477535731237902,0.40590537155221673
DB01,郎溪梅渚镇定埠,太湖片-毗陵小片,ə,0,85,0,0,0,0.0,0,1.4397569239284802,-1.4397569239284802,-0.46693359802595813,-0.42900983450002067,0.00477535731237902,0.40590537155221673
DB01,郎溪梅渚镇定埠,太湖片-毗陵小片,ɯ,0,85,0,0,0,0.0,1,1.5391231269784755,-1.5391231269784755,-0.46693359802595813,-0.6078044597402487,0.003394671750759477,0.28854709881455554
DB01,郎溪梅渚镇定埠,太湖片-毗陵小片,æ,0,85,0,0,0,0.0,0,2.1077238908357994,-2.1077238908357994,-0.46693359802595813,-1.6309165176099327,0.0004816264414245241,0.04093824752108455
DQ01,德清乾元,太湖片-苕溪小片,ɔ,92,92,1,1,49,3.912023005428146,1,0.0,-0.0,1.9397742649053238,2.1616174789064986,0.9181155983505621,84.46663504825172
DQ01,德清乾元,太湖片-苕溪小片,ɒ,0,92,0,0,0,0.0,1,0.35999999999999993,-0.35999999999999993,-0.46693359802595813,1.5138513057933247,0.04841225685389591,4.453927630558424
DQ01,德清乾元,太湖片-苕溪小片,u,0,92,1,1,199,5.298317366548036,1,1.1700000000000002,-1.1700000000000002,2.7926336511142216,0.05637741628868252,0.01651210322233701,1.519113496455005
DQ01,德清乾元,太湖片-苕溪小片,a,0,92,1,0,56,4.04305126783455,0,1.5481924944915604,-1.5481924944915604,2.020383900626319,-0.624123430536104,0.004505213419238588,0.41447963456995013
DQ01,德清乾元,太湖片-苕溪小片,ɤ,0,92,0,0,0,0.0,1,1.0628264204469138,-1.0628264204469138,-0.46693359802595813,0.24922024819407998,0.004331773217766087,0.39852313603448
DQ01,德清乾元,太湖片-苕溪小片,ʌ,0,92,0,0,0,0.0,1,1.121650569473399,-1.121650569473399,-0.46693359802595813,0.14337498735650964,0.003539382375238122,0.32562317852190725
DQ01,德清乾元,太湖片-苕溪小片,ɜ,0,92,0,0,0,0.0,0,1.425622670975739,-1.425622670975739,-0.46693359802595813,-0.4035773596527684,0.0012460707736971735,0.11463851118013997
DQ01,德清乾元,太湖片-苕溪小片,ɐ,0,92,0,0,0,0.0,0,1.4397569239284802,-1.4397569239284802,-0.46693359802595813,-0.42900983450002067,0.0011870280693047827,0.10920658237604002
DQ01,德清乾元,太湖片-苕溪小片,ə,0,92,0,0,0,0.0,0,1.4397569239284802,-1.4397569239284802,-0.46693359802595813,-0.42900983450002067,0.0011870280693047827,0.10920658237604002
DQ01,德清乾元,太湖片-苕溪小片,ɯ,0,92,0,0,0,0.0,1,1.5391231269784755,-1.5391231269784755,-0.46693359802595813,-0.6078044597402487,0.0008438259989010182,0.07763199189889368
DQ01,德清乾元,太湖片-苕溪小片,æ,0,92,0,0,0,0.0,0,2.1077238908357994,-2.1077238908357994,-0.46693359802595813,-1.6309165176099327,0.00011971964975443279,0.011014207777407817
DS01,岱山岱西镇,太湖片-甬江小片,ɔ,86,86,1,1,3,1.3862943611198906,1,0.0,-0.0,0.3859257881829402,2.1616174789064986,0.9181155983505621,78.95794145814834
DS01,岱山岱西镇,太湖片-甬江小片,ɒ,0,86,0,0,0,0.0,1,0.35999999999999993,-0.35999999999999993,-0.46693359802595813,1.5138513057933247,0.04841225685389591,4.1634540894350485
DS01,岱山岱西镇,太湖片-甬江小片,u,0,86,1,1,113,4.736198448394496,1,1.1700000000000002,-1.1700000000000002,2.4468135937307682,0.05637741628868252,0.01651210322233701,1.420040877120983
DS01,岱山岱西镇,太湖片-甬江小片,a,0,86,1,0,47,3.871201010907891,0,1.5481924944915604,-1.5481924944915604,1.9146602471564218,-0.624123430536104,0.004505213419238588,0.3874483540545186
DS01,岱山岱西镇,太湖片-甬江小片,ɤ,0,86,0,0,0,0.0,1,1.0628264204469138,-1.0628264204469138,-0.46693359802595813,0.24922024819407998,0.004331773217766087,0.37253249672788347
DS01,岱山岱西镇,太湖片-甬江小片,ʌ,0,86,0,0,0,0.0,1,1.121650569473399,-1.121650569473399,-0.46693359802595813,0.14337498735650964,0.003539382375238122,0.3043868842704785
DS01,岱山岱西镇,太湖片-甬江小片,ɜ,0,86,0,0,0,0.0,0,1.425622670975739,-1.425622670975739,-0.46693359802595813,-0.4035773596527684,0.0012460707736971735,0.10716208653795692
DS01,岱山岱西镇,太湖片-甬江小片,ɐ,0,86,0,0,0,0.0,0,1.4397569239284802,-1.4397569239284802,-0.46693359802595813,-0.42900983450002067,0.0011870280693047827,0.10208441396021131
DS01,岱山岱西镇,太湖片-甬江小片,ə,0,86,0,0,0,0.0,0,1.4397569239284802,-1.4397569239284802,-0.46693359802595813,-0.42900983450002067,0.0011870280693047827,0.10208441396021131
DS01,岱山岱西镇,太湖片-甬江小片,ɯ,0,86,0,0,0,0.0,1,1.5391231269784755,-1.5391231269784755,-0.46693359802595813,-0.6078044597402487,0.0008438259989010182,0.07256903590548756
DS01,岱山岱西镇,太湖片-甬江小片,æ,0,86,0,0,0,0.0,0,2.1077238908357994,-2.1077238908357994,-0.46693359802595813,-1.6309165176099327,0.00011971964975443279,0.01029588987888122
DY01,丹阳,太湖片-毗陵小片,ɔ,86,86,1,1,1,0.6931471805599453,1,0.0,-0.0,-0.04050390492150895,2.1616174789064986,0.9160969935731411,78.78434144729013
DY01,丹阳,太湖片-毗陵小片,ɒ,0,86,0,0,0,0.0,1,0.35999999999999993,-0.35999999999999993,-0.46693359802595813,1.5138513057933247,0.04830581577703526,4.154300156825032
DY01,丹阳,太湖片-毗陵小片,u,0,86,1,1,101,4.624972813284271,1,1.1700000000000002,-1.1700000000000002,2.378386692813296,0.05637741628868252,0.016475799067925782,1.4169187198416173
DY01,丹阳,太湖片-毗陵小片,ə,0,86,1,0,101,4.624972813284271,0,1.4397569239284802,-1.4397569239284802,2.378386692813296,-0.42900983450002067,0.006523712583883462,0.5610392822139777
DY01,丹阳,太湖片-毗陵小片,ɤ,0,86,0,0,0,0.0,1,1.0628264204469138,-1.0628264204469138,-0.46693359802595813,0.24922024819407998,0.004322249212153073,0.3717134322451643
DY01,丹阳,太湖片-毗陵小片,ʌ,0,86,0,0,0,0.0,1,1.121650569473399,-1.121650569473399,-0.46693359802595813,0.14337498735650964,0.003531600551048869,0.30371764739020274
DY01,丹阳,太湖片-毗陵小片,ɜ,0,86,0,0,0,0.0,0,1.425622670975739,-1.425622670975739,-0.46693359802595813,-0.4035773596527684,0.0012433311138751331,0.10692647579326145
DY01,丹阳,太湖片-毗陵小片,ɐ,0,86,0,0,0,0.0,0,1.4397569239284802,-1.4397569239284802,-0.46693359802595813,-0.42900983450002067,0.001184418223076338,0.10185996718456507
DY01,丹阳,太湖片-毗陵小片,ɯ,0,86,0,0,0,0.0,1,1.5391231269784755,-1.5391231269784755,-0.46693359802595813,-0.6078044597402487,0.0008419707301355667,0.07240948279165874
DY01,丹阳,太湖片-毗陵小片,a,0,86,0,0,0,0.0,0,1.5481924944915604,-1.5481924944915604,-0.46693359802595813,-0.624123430536104,0.0008161495070929786,0.07018885760999616
DY01,丹阳,太湖片-毗陵小片,æ,0,86,1,0,16,2.833213344056216,0,2.1077238908357994,-2.1077238908357994,1.276081926944264,-1.6309165176099327,0.0006579596606325734,0.05658453081440132
FC01,奉城,太湖片-苏沪嘉小片,ɔ,69,70,1,1,6,1.9459101490553132,1,0.0,-0.0,0.7302058998223309,2.1616174789064986,0.9180085060603138,64.26059542422196
FC01,奉城,太湖片-苏沪嘉小片,ɒ,0,70,0,0,0,0.0,1,0.35999999999999993,-0.35999999999999993,-0.46693359802595813,1.5138513057933247,0.04840660987494044,3.388462691245831
FC01,奉城,太湖片-苏沪嘉小片,u,0,70,1,1,142,4.962844630259907,1,1.1700000000000002,-1.1700000000000002,2.5862481387837923,0.05637741628868252,0.016510177191503776,1.1557124034052644
FC01,奉城,太湖片-苏沪嘉小片,ɯ,1,70,1,1,1,0.6931471805599453,1,1.5391231269784755,-1.5391231269784755,-0.04050390492150895,-0.6078044597402487,0.00464720659618971,0.32530446173327965
FC01,奉城,太湖片-苏沪嘉小片,ɤ,0,70,0,0,0,0.0,1,1.0628264204469138,-1.0628264204469138,-0.46693359802595813,0.24922024819407998,0.004331267944230205,0.30318875609611434
FC01,奉城,太湖片-苏沪嘉小片,ʌ,0,70,0,0,0,0.0,1,1.121650569473399,-1.121650569473399,-0.46693359802595813,0.14337498735650964,0.0035389695290068746,0.24772786703048122
FC01,奉城,太湖片-苏沪嘉小片,ɜ,0,70,0,0,0,0.0,0,1.425622670975739,-1.425622670975739,-0.46693359802595813,-0.4035773596527684,0.0012459254275411923,0.08721477992788346
FC01,奉城,太湖片-苏沪嘉小片,ɐ,0,70,0,0,0,0.0,0,1.4397569239284802,-1.4397569239284802,-0.46693359802595813,-0.42900983450002067,0.0011868896101012148,0.08308227270708503
FC01,奉城,太湖片-苏沪嘉小片,ə,0,70,0,0,0,0.0,0,1.4397569239284802,-1.4397569239284802,-0.46693359802595813,-0.42900983450002067,0.0011868896101012148,0.08308227270708503
FC01,奉城,太湖片-苏沪嘉小片,a,0,70,0,0,0,0.0,0,1.5481924944915604,-1.5481924944915604,-0.46693359802595813,-0.624123430536104,0.000817852470845892,0.05724967295921244
FC01,奉城,太湖片-苏沪嘉小片,æ,0,70,0,0,0,0.0,0,2.1077238908357994,-2.1077238908357994,-0.46693359802595813,-1.6309165176099327,0.00011970568522588872,0.00837939796581221
FH01,奉化西坞,太湖片-甬江小片,ɔ,0,85,0,0,0,0.0,1,0.0,-0.0,-0.46693359802595813,2.1616174789064986,0.6705829573049267,56.999551370918766
FH01,奉化西坞,太湖片-甬江小片,ɒ,0,85,0,0,0,0.0,1,0.35999999999999993,-0.35999999999999993,-0.46693359802595813,1.5138513057933247,0.19476020049923828,16.554617042435254
FH01,奉化西坞,太湖片-甬江小片,u,0,85,1,1,100,4.61512051684126,1,1.1700000000000002,-1.1700000000000002,2.372325481188409,0.05637741628868252,0.06642740378643756,5.646329321847193
FH01,奉化西坞,太湖片-甬江小片,a,0,85,1,0,38,3.6635616461296463,0,1.5481924944915604,-1.5481924944915604,1.786918848097045,-0.624123430536104,0.018124258727924933,1.5405619918736193
FH01,奉化西坞,太湖片-甬江小片,ɤ,0,85,0,0,0,0.0,1,1.0628264204469138,-1.0628264204469138,-0.46693359802595813,0.24922024819407998,0.017426517068919945,1.4812539508581954
FH01,奉化西坞,太湖片-甬江小片,ʌ,0,85,0,0,0,0.0,1,1.121650569473399,-1.121650569473399,-0.46693359802595813,0.14337498735650964,0.014238766499260484,1.210295152437141
FH01,奉化西坞,太湖片-甬江小片,ɜ,85,85,0,0,0,0.0,0,1.425622670975739,-1.425622670975739,-0.46693359802595813,-0.4035773596527684,0.005012883296350039,0.42609508018975334
FH01,奉化西坞,太湖片-甬江小片,ɐ,0,85,0,0,0,0.0,0,1.4397569239284802,-1.4397569239284802,-0.46693359802595813,-0.42900983450002067,0.00477535731237902,0.40590537155221673
FH01,奉化西坞,太湖片-甬江小片,ə,0,85,0,0,0,0.0,0,1.4397569239284802,-1.4397569239284802,-0.46693359802595813,-0.42900983450002067,0.00477535731237902,0.40590537155221673
FH01,奉化西坞,太湖片-甬江小片,ɯ,0,85,0,0,0,0.0,1,1.5391231269784755,-1.5391231269784755,-0.46693359802595813,-0.6078044597402487,0.003394671750759477,0.28854709881455554
FH01,奉化西坞,太湖片-甬江小片,æ,0,85,0,0,0,0.0,0,2.1077238908357994,-2.1077238908357994,-0.46693359802595813,-1.6309165176099327,0.0004816264414245241,0.04093824752108455
FJ01,枫泾镇,太湖片-苏沪嘉小片,ɔ,68,69,1,1,2,1.0986122886681098,1,0.0,-0.0,0.2089414747386249,2.1616174789064986,0.9037992930443971,62.3621512200634
FJ01,枫泾镇,太湖片-苏沪嘉小片,ɒ,0,69,0,0,0,0.0,1,0.35999999999999993,-0.35999999999999993,-0.46693359802595813,1.5138513057933247,0.047657357742143525,3.288357684207903
FJ01,枫泾镇,太湖片-苏沪嘉小片,ɤ,0,69,1,1,1,0.6931471805599453,1,1.0628264204469138,-1.0628264204469138,-0.04050390492150895,0.24922024819407998,0.023487137028378294,1.6206124549581022
FJ01,枫泾镇,太湖片-苏沪嘉小片,u,0,69,1,1,115,4.7535901911063645,1,1.1700000000000002,-1.1700000000000002,2.457513133042437,0.05637741628868252,0.01625462768069217,1.1215693099677597
FJ01,枫泾镇,太湖片-苏沪嘉小片,ʌ,0,69,0,0,0,0.0,1,1.121650569473399,-1.121650569473399,-0.46693359802595813,0.14337498735650964,0.003484192289403396,0.24040926796883433
FJ01,枫泾镇,太湖片-苏沪嘉小片,ɜ,0,69,0,0,0,0.0,0,1.425622670975739,-1.425622670975739,-0.46693359802595813,-0.4035773596527684,0.0012266406173406246,0.08463820259650309
FJ01,枫泾镇,太湖片-苏沪嘉小片,ɐ,0,69,0,0,0,0.0,0,1.4397569239284802,-1.4397569239284802,-0.46693359802595813,-0.42900983450002067,0.0011685185741195521,0.08062778161424909
FJ01,枫泾镇,太湖片-苏沪嘉小片,ə,1,69,0,0,0,0.0,0,1.4397569239284802,-1.4397569239284802,-0.46693359802595813,-0.42900983450002067,0.0011685185741195521,0.08062778161424909
FJ01,枫泾镇,太湖片-苏沪嘉小片,ɯ,0,69,0,0,0,0.0,1,1.5391231269784755,-1.5391231269784755,-0.46693359802595813,-0.6078044597402487,0.00083066810173943,0.057316099020020675
FJ01,枫泾镇,太湖片-苏沪嘉小片,a,0,69,0,0,0,0.0,0,1.5481924944915604,-1.5481924944915604,-0.46693359802595813,-0.624123430536104,0.0008051935032032985,0.0555583517210276
FJ01,枫泾镇,太湖片-苏沪嘉小片,æ,0,69,0,0,0,0.0,0,2.1077238908357994,-2.1077238908357994,-0.46693359802595813,-1.6309165176099327,0.00011785284446312658,0.008131846267955734
FX01,奉贤,太湖片-苏沪嘉小片,ɔ,76,77,1,1,6,1.9459101490553132,1,0.0,-0.0,0.7302058998223309,2.1616174789064986,0.9180085060603138,70.68665496664417
FX01,奉贤,太湖片-苏沪嘉小片,ɒ,0,77,0,0,0,0.0,1,0.35999999999999993,-0.35999999999999993,-0.46693359802595813,1.5138513057933247,0.04840660987494044,3.727308960370414
FX01,奉贤,太湖片-苏沪嘉小片,u,0,77,1,1,165,5.111987788356544,1,1.1700000000000002,-1.1700000000000002,2.6780022033165225,0.05637741628868252,0.016510177191503776,1.2712836437457906
FX01,奉贤,太湖片-苏沪嘉小片,ɯ,1,77,1,1,1,0.6931471805599453,1,1.5391231269784755,-1.5391231269784755,-0.04050390492150895,-0.6078044597402487,0.00464720659618971,0.35783490790660766
FX01,奉贤,太湖片-苏沪嘉小片,ɤ,0,77,0,0,0,0.0,1,1.0628264204469138,-1.0628264204469138,-0.46693359802595813,0.24922024819407998,0.004331267944230205,0.3335076317057258
FX01,奉贤,太湖片-苏沪嘉小片,ʌ,0,77,0,0,0,0.0,1,1.121650569473399,-1.121650569473399,-0.46693359802595813,0.14337498735650964,0.0035389695290068746,0.27250065373352933
FX01,奉贤,太湖片-苏沪嘉小片,ɜ,0,77,0,0,0,0.0,0,1.425622670975739,-1.425622670975739,-0.46693359802595813,-0.4035773596527684,0.0012459254275411923,0.0959362579206718
FX01,奉贤,太湖片-苏沪嘉小片,ɐ,0,77,0,0,0,0.0,0,1.4397569239284802,-1.4397569239284802,-0.46693359802595813,-0.42900983450002067,0.0011868896101012148,0.09139049997779354
FX01,奉贤,太湖片-苏沪嘉小片,ə,0,77,0,0,0,0.0,0,1.4397569239284802,-1.4397569239284802,-0.46693359802595813,-0.42900983450002067,0.0011868896101012148,0.09139049997779354
FX01,奉贤,太湖片-苏沪嘉小片,a,0,77,0,0,0,0.0,0,1.5481924944915604,-1.5481924944915604,-0.46693359802595813,-0.624123430536104,0.000817852470845892,0.06297464025513369
FX01,奉贤,太湖片-苏沪嘉小片,æ,0,77,0,0,0,0.0,0,2.1077238908357994,-2.1077238908357994,-0.46693359802595813,-1.6309165176099327,0.00011970568522588872,0.009217337762393432
FY01,富阳城关,太湖片-临绍小片,ɔ,92,93,0,0,0,0.0,1,0.0,-0.0,-0.46693359802595813,2.1616174789064986,0.6705829573049267,62.36421502935818
FY01,富阳城关,太湖片-临绍小片,ɒ,0,93,0,0,0,0.0,1,0.35999999999999993,-0.35999999999999993,-0.46693359802595813,1.5138513057933247,0.19476020049923828,18.11269864642916
FY01,富阳城关,太湖片-临绍小片,u,0,93,1,1,97,4.584967478670572,1,1.1700000000000002,-1.1700000000000002,2.3537750907750694,0.05637741628868252,0.06642740378643756,6.177748552138693
FY01,富阳城关,太湖片-临绍小片,a,1,93,1,0,52,3.970291913552122,0,1.5481924944915604,-1.5481924944915604,1.9756217635401243,-0.624123430536104,0.018124258727924933,1.6855560616970187
FY01,富阳城关,太湖片-临绍小片,ɤ,0,93,0,0,0,0.0,1,1.0628264204469138,-1.0628264204469138,-0.46693359802595813,0.24922024819407998,0.017426517068919945,1.6206660874095549
FY01,富阳城关,太湖片-临绍小片,ʌ,0,93,0,0,0,0.0,1,1.121650569473399,-1.121650569473399,-0.46693359802595813,0.14337498735650964,0.014238766499260484,1.3242052844312249
FY01,富阳城关,太湖片-临绍小片,ɜ,0,93,0,0,0,0.0,0,1.425622670975739,-1.425622670975739,-0.46693359802595813,-0.4035773596527684,0.005012883296350039,0.46619814656055364
FY01,富阳城关,太湖片-临绍小片,ɐ,0,93,0,0,0,0.0,0,1.4397569239284802,-1.4397569239284802,-0.46693359802595813,-0.42900983450002067,0.00477535731237902,0.4441082300512489
FY01,富阳城关,太湖片-临绍小片,ə,0,93,0,0,0,0.0,0,1.4397569239284802,-1.4397569239284802,-0.46693359802595813,-0.42900983450002067,0.00477535731237902,0.4441082300512489
FY01,富阳城关,太湖片-临绍小片,ɯ,0,93,0,0,0,0.0,1,1.5391231269784755,-1.5391231269784755,-0.46693359802595813,-0.6078044597402487,0.003394671750759477,0.31570447282063135
FY01,富阳城关,太湖片-临绍小片,æ,0,93,0,0,0,0.0,0,2.1077238908357994,-2.1077238908357994,-0.46693359802595813,-1.6309165176099327,0.0004816264414245241,0.04479125905248074
FY02,富阳东梓关,太湖片-临绍小片,ɔ,88,88,1,1,1,0.6931471805599453,1,0.0,-0.0,-0.04050390492150895,2.1616174789064986,0.9181155983505621,80.79417265484946
FY02,富阳东梓关,太湖片-临绍小片,ɒ,0,88,0,0,0,0.0,1,0.35999999999999993,-0.35999999999999993,-0.46693359802595813,1.5138513057933247,0.04841225685389591,4.26027860314284
FY02,富阳东梓关,太湖片-临绍小片,u,0,88,1,1,182,5.209486152841421,1,1.1700000000000002,-1.1700000000000002,2.7379839774786645,0.05637741628868252,0.01651210322233701,1.453065083565657
FY02,富阳东梓关,太湖片-临绍小片,a,0,88,1,0,40,3.713572066704308,0,1.5481924944915604,-1.5481924944915604,1.817685659094458,-0.624123430536104,0.004505213419238588,0.3964587808929958
FY02,富阳东梓关,太湖片-临绍小片,ɤ,0,88,0,0,0,0.0,1,1.0628264204469138,-1.0628264204469138,-0.46693359802595813,0.24922024819407998,0.004331773217766087,0.38119604316341565
FY02,富阳东梓关,太湖片-临绍小片,ʌ,0,88,0,0,0,0.0,1,1.121650569473399,-1.121650569473399,-0.46693359802595813,0.14337498735650964,0.003539382375238122,0.31146564902095475
FY02,富阳东梓关,太湖片-临绍小片,ɜ,0,88,0,0,0,0.0,0,1.425622670975739,-1.425622670975739,-0.46693359802595813,-0.4035773596527684,0.0012460707736971735,0.10965422808535127
FY02,富阳东梓关,太湖片-临绍小片,ɐ,0,88,0,0,0,0.0,0,1.4397569239284802,-1.4397569239284802,-0.46693359802595813,-0.42900983450002067,0.0011870280693047827,0.10445847009882088
FY02,富阳东梓关,太湖片-临绍小片,ə,0,88,0,0,0,0.0,0,1.4397569239284802,-1.4397569239284802,-0.46693359802595813,-0.42900983450002067,0.0011870280693047827,0.10445847009882088
FY02,富阳东梓关,太湖片-临绍小片,ɯ,0,88,0,0,0,0.0,1,1.5391231269784755,-1.5391231269784755,-0.46693359802595813,-0.6078044597402487,0.0008438259989010182,0.0742566879032896
FY02,富阳东梓关,太湖片-临绍小片,æ,0,88,0,0,0,0.0,0,2.1077238908357994,-2.1077238908357994,-0.46693359802595813,-1.6309165176099327,0.00011971964975443279,0.010535329178390085
GQ01,高桥,太湖片-苏沪嘉小片,ɔ,70,70,1,1,1,0.6931471805599453,1,0.0,-0.0,-0.04050390492150895,2.1616174789064986,0.9215134631880434,64.50594242316303
GQ01,高桥,太湖片-苏沪嘉小片,ɒ,0,70,0,0,0,0.0,1,0.35999999999999993,-0.35999999999999993,-0.46693359802595813,1.5138513057933247,0.048591426345801395,3.4013998442060975
GQ01,高桥,太湖片-苏沪嘉小片,u,0,70,1,1,155,5.049856007249537,1,1.1700000000000002,-1.1700000000000002,2.6397782343059437,0.05637741628868252,0.01657321305973966,1.1601249141817762
GQ01,高桥,太湖片-苏沪嘉小片,ɤ,0,70,0,0,0,0.0,1,1.0628264204469138,-1.0628264204469138,-0.46693359802595813,0.24922024819407998,0.004347804728315558,0.3043463309820891
GQ01,高桥,太湖片-苏沪嘉小片,ʌ,0,70,0,0,0,0.0,1,1.121650569473399,-1.121650569473399,-0.46693359802595813,0.14337498735650964,0.0035524813171805406,0.24867369220263785
GQ01,高桥,太湖片-苏沪嘉小片,ɜ,0,70,0,0,0,0.0,0,1.425622670975739,-1.425622670975739,-0.46693359802595813,-0.4035773596527684,0.0012506823717078873,0.08754776601955211
GQ01,高桥,太湖片-苏沪嘉小片,ɐ,0,70,0,0,0,0.0,0,1.4397569239284802,-1.4397569239284802,-0.46693359802595813,-0.42900983450002067,0.0011914211554750211,0.08339948088325148
GQ01,高桥,太湖片-苏沪嘉小片,ə,0,70,0,0,0,0.0,0,1.4397569239284802,-1.4397569239284802,-0.46693359802595813,-0.42900983450002067,0.0011914211554750211,0.08339948088325148
GQ01,高桥,太湖片-苏沪嘉小片,ɯ,0,70,0,0,0,0.0,1,1.5391231269784755,-1.5391231269784755,-0.46693359802595813,-0.6078044597402487,0.0008469489244844299,0.059286424713910095
GQ01,高桥,太湖片-苏沪嘉小片,a,0,70,0,0,0,0.0,0,1.5481924944915604,-1.5481924944915604,-0.46693359802595813,-0.624123430536104,0.0008209750321600835,0.057468252251205845
GQ01,高桥,太湖片-苏沪嘉小片,æ,0,70,0,0,0,0.0,0,2.1077238908357994,-2.1077238908357994,-0.46693359802595813,-1.6309165176099327,0.00012016272161704682,0.008411390513193277
HM01,海门镇沙地话,太湖片-苏沪嘉小片,ɔ,90,90,0,0,0,0.0,1,0.0,-0.0,-0.46693359802595813,2.1616174789064986,0.6806799550746305,61.26119595671675
HM01,海门镇沙地话,太湖片-苏沪嘉小片,ɒ,0,90,0,0,0,0.0,1,0.35999999999999993,-0.35999999999999993,-0.46693359802595813,1.5138513057933247,0.19769271360391252,17.792344224352128
HM01,海门镇沙地话,太湖片-苏沪嘉小片,u,0,90,1,1,206,5.332718793265369,1,1.1700000000000002,-1.1700000000000002,2.8137976841635615,0.05637741628868252,0.06742760419501116,6.0684843775510044
HM01,海门镇沙地话,太湖片-苏沪嘉小片,ɤ,0,90,0,0,0,0.0,1,1.0628264204469138,-1.0628264204469138,-0.46693359802595813,0.24922024819407998,0.017688908920758466,1.5920018028682619
HM01,海门镇沙地话,太湖片-苏沪嘉小片,ʌ,0,90,0,0,0,0.0,1,1.121650569473399,-1.121650569473399,-0.46693359802595813,0.14337498735650964,0.014453160247297528,1.3007844222567775
HM01,海门镇沙地话,太湖片-苏沪嘉小片,ɜ,0,90,0,0,0,0.0,0,1.425622670975739,-1.425622670975739,-0.46693359802595813,-0.4035773596527684,0.005088362505762778,0.45795262551865
HM01,海门镇沙地话,太湖片-苏沪嘉小片,ɐ,0,90,0,0,0,0.0,0,1.4397569239284802,-1.4397569239284802,-0.46693359802595813,-0.42900983450002067,0.004847260082360551,0.43625340741244956
HM01,海门镇沙地话,太湖片-苏沪嘉小片,ə,0,90,0,0,0,0.0,0,1.4397569239284802,-1.4397569239284802,-0.46693359802595813,-0.42900983450002067,0.004847260082360551,0.43625340741244956
HM01,海门镇沙地话,太湖片-苏沪嘉小片,ɯ,0,90,0,0,0,0.0,1,1.5391231269784755,-1.5391231269784755,-0.46693359802595813,-0.6078044597402487,0.003445785476097876,0.31012069284880883
HM01,海门镇沙地话,太湖片-苏沪嘉小片,a,0,90,0,0,0,0.0,0,1.5481924944915604,-1.5481924944915604,-0.46693359802595813,-0.624123430536104,0.003340111499377915,0.30061003494401234
HM01,海门镇沙地话,太湖片-苏沪嘉小片,æ,0,90,0,0,0,0.0,0,2.1077238908357994,-2.1077238908357994,-0.46693359802595813,-1.6309165176099327,0.0004888783124300715,0.04399904811870643
HM02,海门四甲,太湖片-毗陵小片,ɔ,100,100,0,0,0,0.0,1,0.0,-0.0,-0.46693359802595813,2.1616174789064986,0.6544443601300491,65.44443601300492
HM02,海门四甲,太湖片-毗陵小片,ɒ,0,100,0,0,0,0.0,1,0.35999999999999993,-0.35999999999999993,-0.46693359802595813,1.5138513057933247,0.1900730005229849,19.00730005229849
HM02,海门四甲,太湖片-毗陵小片,ɤ,0,100,1,1,120,4.795790545596741,1,1.0628264204469138,-1.0628264204469138,2.483475128876703,0.24922024819407998,0.09367432061242036,9.367432061242036
HM02,海门四甲,太湖片-毗陵小片,ɯ,0,100,1,1,110,4.709530201312334,1,1.5391231269784755,-1.5391231269784755,2.4304070746857174,-0.6078044597402487,0.018247683613251013,1.8247683613251013
HM02,海门四甲,太湖片-毗陵小片,ʌ,0,100,0,0,0,0.0,1,1.121650569473399,-1.121650569473399,-0.46693359802595813,0.14337498735650964,0.013896088961313134,1.3896088961313133
HM02,海门四甲,太湖片-毗陵小片,u,0,100,0,0,0,0.0,1,1.1700000000000002,-1.1700000000000002,-0.46693359802595813,0.05637741628868252,0.011770035110129497,1.1770035110129498
HM02,海门四甲,太湖片-毗陵小片,ɜ,0,100,0,0,0,0.0,0,1.425622670975739,-1.425622670975739,-0.46693359802595813,-0.4035773596527684,0.0048922406475574035,0.4892240647557404
HM02,海门四甲,太湖片-毗陵小片,ɐ,0,100,0,0,0,0.0,0,1.4397569239284802,-1.4397569239284802,-0.46693359802595813,-0.42900983450002067,0.004660431087083458,0.4660431087083458
HM02,海门四甲,太湖片-毗陵小片,ə,0,100,0,0,0,0.0,0,1.4397569239284802,-1.4397569239284802,-0.46693359802595813,-0.42900983450002067,0.004660431087083458,0.4660431087083458
HM02,海门四甲,太湖片-毗陵小片,a,0,100,0,0,0,0.0,0,1.5481924944915604,-1.5481924944915604,-0.46693359802595813,-0.624123430536104,0.0032113728583850133,0.3211372858385013
HM02,海门四甲,太湖片-毗陵小片,æ,0,100,0,0,0,0.0,0,2.1077238908357994,-2.1077238908357994,-0.46693359802595813,-1.6309165176099327,0.00047003536974241794,0.0470035369742418
HN01,海宁硖石,太湖片-苏沪嘉小片,ɔ,82,82,0,0,0,0.0,1,0.0,-0.0,-0.46693359802595813,2.1616174789064986,0.6705829573049267,54.98780249900399
HN01,海宁硖石,太湖片-苏沪嘉小片,ɒ,0,82,0,0,0,0.0,1,0.35999999999999993,-0.35999999999999993,-0.46693359802595813,1.5138513057933247,0.19476020049923828,15.970336440937539
HN01,海宁硖石,太湖片-苏沪嘉小片,u,0,82,1,1,161,5.087596335232384,1,1.1700000000000002,-1.1700000000000002,2.6629963861368227,0.05637741628868252,0.06642740378643756,5.447047110487881
HN01,海宁硖石,太湖片-苏沪嘉小片,a,0,82,1,0,51,3.9512437185814275,0,1.5481924944915604,-1.5481924944915604,1.963903161541361,-0.624123430536104,0.018124258727924933,1.4861892156898444
HN01,海宁硖石,太湖片-苏沪嘉小片,ɤ,0,82,0,0,0,0.0,1,1.0628264204469138,-1.0628264204469138,-0.46693359802595813,0.24922024819407998,0.017426517068919945,1.4289743996514355
HN01,海宁硖石,太湖片-苏沪嘉小片,ʌ,0,82,0,0,0,0.0,1,1.121650569473399,-1.121650569473399,-0.46693359802595813,0.14337498735650964,0.014238766499260484,1.1675788529393596
HN01,海宁硖石,太湖片-苏沪嘉小片,ɜ,0,82,0,0,0,0.0,0,1.425622670975739,-1.425622670975739,-0.46693359802595813,-0.4035773596527684,0.005012883296350039,0.4110564303007032
HN01,海宁硖石,太湖片-苏沪嘉小片,ɐ,0,82,0,0,0,0.0,0,1.4397569239284802,-1.4397569239284802,-0.46693359802595813,-0.42900983450002067,0.00477535731237902,0.39157929961507965
HN01,海宁硖石,太湖片-苏沪嘉小片,ə,0,82,0,0,0,0.0,0,1.4397569239284802,-1.4397569239284802,-0.46693359802595813,-0.42900983450002067,0.00477535731237902,0.39157929961507965
HN01,海宁硖石,太湖片-苏沪嘉小片,ɯ,0,82,0,0,0,0.0,1,1.5391231269784755,-1.5391231269784755,-0.46693359802595813,-0.6078044597402487,0.003394671750759477,0.2783630835622771
HN01,海宁硖石,太湖片-苏沪嘉小片,æ,0,82,0,0,0,0.0,0,2.1077238908357994,-2.1077238908357994,-0.46693359802595813,-1.6309165176099327,0.0004816264414245241,0.03949336819681097
HY01,海盐县城,太湖片-苏沪嘉小片,ɔ,81,81,0,0,0,0.0,1,0.0,-0.0,-0.46693359802595813,2.1616174789064986,0.6304105975182603,51.06325839897909
HY01,海盐县城,太湖片-苏沪嘉小片,ɒ,0,81,0,0,0,0.0,1,0.35999999999999993,-0.35999999999999993,-0.46693359802595813,1.5138513057933247,0.1830927747745774,14.830514756740769
HY01,海盐县城,太湖片-苏沪嘉小片,ɤ,0,81,1,1,1,0.6931471805599453,1,1.0628264204469138,-1.0628264204469138,-0.04050390492150895,0.24922024819407998,0.09023423231526988,7.30897281753686
HY01,海盐县城,太湖片-苏沪嘉小片,u,0,81,1,1,170,5.14166355650266,1,1.1700000000000002,-1.1700000000000002,2.696258973390902,0.05637741628868252,0.06244796241302745,5.058284955455223
HY01,海盐县城,太湖片-苏沪嘉小片,ʌ,0,81,0,0,0,0.0,1,1.121650569473399,-1.121650569473399,-0.46693359802595813,0.14337498735650964,0.013385770095913891,1.0842473777690251
HY01,海盐县城,太湖片-苏沪嘉小片,ɜ,0,81,0,0,0,0.0,0,1.425622670975739,-1.425622670975739,-0.46693359802595813,-0.4035773596527684,0.004712578391258374,0.3817188496919283
HY01,海盐县城,太湖片-苏沪嘉小片,ɐ,0,81,0,0,0,0.0,0,1.4397569239284802,-1.4397569239284802,-0.46693359802595813,-0.42900983450002067,0.004489281786639785,0.36363182471782257
HY01,海盐县城,太湖片-苏沪嘉小片,ə,0,81,0,0,0,0.0,0,1.4397569239284802,-1.4397569239284802,-0.46693359802595813,-0.42900983450002067,0.004489281786639785,0.36363182471782257
HY01,海盐县城,太湖片-苏沪嘉小片,ɯ,0,81,0,0,0,0.0,1,1.5391231269784755,-1.5391231269784755,-0.46693359802595813,-0.6078044597402487,0.0031913084331511364,0.258495983085242
HY01,海盐县城,太湖片-苏沪嘉小片,a,0,81,0,0,0,0.0,0,1.5481924944915604,-1.5481924944915604,-0.46693359802595813,-0.624123430536104,0.0030934386570404867,0.25056853122027944
HY01,海盐县城,太湖片-苏沪嘉小片,æ,0,81,0,0,0,0.0,0,2.1077238908357994,-2.1077238908357994,-0.46693359802595813,-1.6309165176099327,0.0004527738282214721,0.03667468008593924
HZ01,杭州城区,太湖片-杭州小片,ɔ,84,84,0,0,0,0.0,1,0.0,-0.0,-0.46693359802595813,2.1616174789064986,0.6705829573049267,56.32896841361384
HZ01,杭州城区,太湖片-杭州小片,ɒ,0,84,0,0,0,0.0,1,0.35999999999999993,-0.35999999999999993,-0.46693359802595813,1.5138513057933247,0.19476020049923828,16.359856841936015
HZ01,杭州城区,太湖片-杭州小片,u,0,84,1,1,98,4.59511985013459,1,1.1700000000000002,-1.1700000000000002,2.360020910954538,0.05637741628868252,0.06642740378643756,5.579901918060755
HZ01,杭州城区,太湖片-杭州小片,a,0,84,1,0,42,3.7612001156935624,0,1.5481924944915604,-1.5481924944915604,1.8469868160251468,-0.624123430536104,0.018124258727924933,1.5224377331456944
HZ01,杭州城区,太湖片-杭州小片,ɤ,0,84,0,0,0,0.0,1,1.0628264204469138,-1.0628264204469138,-0.46693359802595813,0.24922024819407998,0.017426517068919945,1.4638274337892754
HZ01,杭州城区,太湖片-杭州小片,ʌ,0,84,0,0,0,0.0,1,1.121650569473399,-1.121650569473399,-0.46693359802595813,0.14337498735650964,0.014238766499260484,1.1960563859378806
HZ01,杭州城区,太湖片-杭州小片,ɜ,0,84,0,0,0,0.0,0,1.425622670975739,-1.425622670975739,-0.46693359802595813,-0.4035773596527684,0.005012883296350039,0.4210821968934033
HZ01,杭州城区,太湖片-杭州小片,ɐ,0,84,0,0,0,0.0,0,1.4397569239284802,-1.4397569239284802,-0.46693359802595813,-0.42900983450002067,0.00477535731237902,0.4011300142398377
HZ01,杭州城区,太湖片-杭州小片,ə,0,84,0,0,0,0.0,0,1.4397569239284802,-1.4397569239284802,-0.46693359802595813,-0.42900983450002067,0.00477535731237902,0.4011300142398377
HZ01,杭州城区,太湖片-杭州小片,ɯ,0,84,0,0,0,0.0,1,1.5391231269784755,-1.5391231269784755,-0.46693359802595813,-0.6078044597402487,0.003394671750759477,0.28515242706379607
HZ01,杭州城区,太湖片-杭州小片,æ,0,84,0,0,0,0.0,0,2.1077238908357994,-2.1077238908357994,-0.46693359802595813,-1.6309165176099327,0.0004816264414245241,0.04045662107966002
HZ02,湖州市区,太湖片-苕溪小片,ɔ,87,87,0,0,0,0.0,1,0.0,-0.0,-0.46693359802595813,2.1616174789064986,0.6705829573049267,58.34071728552862
HZ02,湖州市区,太湖片-苕溪小片,ɒ,0,87,0,0,0,0.0,1,0.35999999999999993,-0.35999999999999993,-0.46693359802595813,1.5138513057933247,0.19476020049923828,16.944137443433732
HZ02,湖州市区,太湖片-苕溪小片,u,0,87,1,1,46,3.8501476017100584,1,1.1700000000000002,-1.1700000000000002,1.9017080213163313,0.05637741628868252,0.06642740378643756,5.779184129420068
HZ02,湖州市区,太湖片-苕溪小片,a,0,87,1,0,55,4.02535169073515,0,1.5481924944915604,-1.5481924944915604,2.0094949791356784,-0.624123430536104,0.018124258727924933,1.576810509329469
HZ02,湖州市区,太湖片-苕溪小片,ɤ,0,87,0,0,0,0.0,1,1.0628264204469138,-1.0628264204469138,-0.46693359802595813,0.24922024819407998,0.017426517068919945,1.5161069849960351
HZ02,湖州市区,太湖片-苕溪小片,ʌ,0,87,0,0,0,0.0,1,1.121650569473399,-1.121650569473399,-0.46693359802595813,0.14337498735650964,0.014238766499260484,1.238772685435662
HZ02,湖州市区,太湖片-苕溪小片,ɜ,0,87,0,0,0,0.0,0,1.425622670975739,-1.425622670975739,-0.46693359802595813,-0.4035773596527684,0.005012883296350039,0.4361208467824534
HZ02,湖州市区,太湖片-苕溪小片,ɐ,0,87,0,0,0,0.0,0,1.4397569239284802,-1.4397569239284802,-0.46693359802595813,-0.42900983450002067,0.00477535731237902,0.41545608617697477
HZ02,湖州市区,太湖片-苕溪小片,ə,0,87,0,0,0,0.0,0,1.4397569239284802,-1.4397569239284802,-0.46693359802595813,-0.42900983450002067,0.00477535731237902,0.41545608617697477
HZ02,湖州市区,太湖片-苕溪小片,ɯ,0,87,0,0,0,0.0,1,1.5391231269784755,-1.5391231269784755,-0.46693359802595813,-0.6078044597402487,0.003394671750759477,0.2953364423160745
HZ02,湖州市区,太湖片-苕溪小片,æ,0,87,0,0,0,0.0,0,2.1077238908357994,-2.1077238908357994,-0.46693359802595813,-1.6309165176099327,0.0004816264414245241,0.041901500403933596
JD01,嘉定城厢,太湖片-苏沪嘉小片,ɔ,94,94,0,0,0,0.0,1,0.0,-0.0,-0.46693359802595813,2.1616174789064986,0.6806799550746305,63.98391577701527
JD01,嘉定城厢,太湖片-苏沪嘉小片,ɒ,0,94,0,0,0,0.0,1,0.35999999999999993,-0.35999999999999993,-0.46693359802595813,1.5138513057933247,0.19769271360391252,18.583115078767776
JD01,嘉定城厢,太湖片-苏沪嘉小片,u,0,94,1,1,206,5.332718793265369,1,1.1700000000000002,-1.1700000000000002,2.8137976841635615,0.05637741628868252,0.06742760419501116,6.3381947943310495
JD01,嘉定城厢,太湖片-苏沪嘉小片,ɤ,0,94,0,0,0,0.0,1,1.0628264204469138,-1.0628264204469138,-0.46693359802595813,0.24922024819407998,0.017688908920758466,1.6627574385512958
JD01,嘉定城厢,太湖片-苏沪嘉小片,ʌ,0,94,0,0,0,0.0,1,1.121650569473399,-1.121650569473399,-0.46693359802595813,0.14337498735650964,0.014453160247297528,1.3585970632459676
JD01,嘉定城厢,太湖片-苏沪嘉小片,ɜ,0,94,0,0,0,0.0,0,1.425622670975739,-1.425622670975739,-0.46693359802595813,-0.4035773596527684,0.005088362505762778,0.4783060755417011
JD01,嘉定城厢,太湖片-苏沪嘉小片,ɐ,0,94,0,0,0,0.0,0,1.4397569239284802,-1.4397569239284802,-0.46693359802595813,-0.42900983450002067,0.004847260082360551,0.4556424477418918
JD01,嘉定城厢,太湖片-苏沪嘉小片,ə,0,94,0,0,0,0.0,0,1.4397569239284802,-1.4397569239284802,-0.46693359802595813,-0.42900983450002067,0.004847260082360551,0.4556424477418918
JD01,嘉定城厢,太湖片-苏沪嘉小片,ɯ,0,94,0,0,0,0.0,1,1.5391231269784755,-1.5391231269784755,-0.46693359802595813,-0.6078044597402487,0.003445785476097876,0.32390383475320034
JD01,嘉定城厢,太湖片-苏沪嘉小片,a,0,94,0,0,0,0.0,0,1.5481924944915604,-1.5481924944915604,-0.46693359802595813,-0.624123430536104,0.003340111499377915,0.313970480941524
JD01,嘉定城厢,太湖片-苏沪嘉小片,æ,0,94,0,0,0,0.0,0,2.1077238908357994,-2.1077238908357994,-0.46693359802595813,-1.6309165176099327,0.0004888783124300715,0.04595456136842672
JJ01,靖江城区,太湖片-毗陵小片,ɔ,0,46,0,0,0,0.0,1,0.0,-0.0,-0.46693359802595813,2.1616174789064986,0.6791831458337868,31.242424708354193
JJ01,靖江城区,太湖片-毗陵小片,ɒ,46,46,0,0,0,0.0,1,0.35999999999999993,-0.35999999999999993,-0.46693359802595813,1.5138513057933247,0.19725798906359993,9.073867496925597
JJ01,靖江城区,太湖片-毗陵小片,u,0,46,1,1,55,4.02535169073515,1,1.1700000000000002,-1.1700000000000002,2.0094949791356784,0.05637741628868252,0.06727933148579647,3.0948492483466374
JJ01,靖江城区,太湖片-毗陵小片,ɤ,0,46,0,0,0,0.0,1,1.0628264204469138,-1.0628264204469138,-0.46693359802595813,0.24922024819407998,0.017650011165454164,0.8119005136108915
JJ01,靖江城区,太湖片-毗陵小片,ʌ,0,46,0,0,0,0.0,1,1.121650569473399,-1.121650569473399,-0.46693359802595813,0.14337498735650964,0.014421377874897301,0.6633833822452758
JJ01,靖江城区,太湖片-毗陵小片,ɜ,0,46,0,0,0,0.0,0,1.425622670975739,-1.425622670975739,-0.46693359802595813,-0.4035773596527684,0.005077173241318295,0.23354996910064157
JJ01,靖江城区,太湖片-毗陵小片,ɐ,0,46,0,0,0,0.0,0,1.4397569239284802,-1.4397569239284802,-0.46693359802595813,-0.42900983450002067,0.004836601000026835,0.2224836460012344
JJ01,靖江城区,太湖片-毗陵小片,ə,0,46,0,0,0,0.0,0,1.4397569239284802,-1.4397569239284802,-0.46693359802595813,-0.42900983450002067,0.004836601000026835,0.2224836460012344
JJ01,靖江城区,太湖片-毗陵小片,ɯ,0,46,0,0,0,0.0,1,1.5391231269784755,-1.5391231269784755,-0.46693359802595813,-0.6078044597402487,0.0034382082241101587,0.1581575783090673
JJ01,靖江城区,太湖片-毗陵小片,a,0,46,0,0,0,0.0,0,1.5481924944915604,-1.5481924944915604,-0.46693359802595813,-0.624123430536104,0.0033327666235365675,0.1533072646826821
JJ01,靖江城区,太湖片-毗陵小片,æ,0,46,1,0,30,3.4339872044851463,0,2.1077238908357994,-2.1077238908357994,1.6456828141915114,-1.6309165176099327,0.0026867944874466162,0.12359254642254434
JS01,嘉善魏塘镇,太湖片-苏沪嘉小片,ɔ,94,94,1,1,1,0.6931471805599453,1,0.0,-0.0,-0.04050390492150895,2.1616174789064986,0.9005305746386291,84.64987401603113
JS01,嘉善魏塘镇,太湖片-苏沪嘉小片,ɒ,0,94,0,0,0,0.0,1,0.35999999999999993,-0.35999999999999993,-0.46693359802595813,1.5138513057933247,0.047484998144585885,4.4635898255910735
JS01,嘉善魏塘镇,太湖片-苏沪嘉小片,ɤ,0,94,1,1,2,1.0986122886681098,1,1.0628264204469138,-1.0628264204469138,0.2089414747386249,0.24922024819407998,0.02340219246414341,2.1998060916294806
JS01,嘉善魏塘镇,太湖片-苏沪嘉小片,u,0,94,1,1,208,5.342334251964811,1,1.1700000000000002,-1.1700000000000002,2.8197131913130664,0.05637741628868252,0.016195840512913125,1.5224090082138337
JS01,嘉善魏塘镇,太湖片-苏沪嘉小片,a,0,94,1,0,73,4.30406509320417,0,1.5481924944915604,-1.5481924944915604,2.180961695025584,-0.624123430536104,0.004418923321404547,0.41537879221202745
JS01,嘉善魏塘镇,太湖片-苏沪嘉小片,ʌ,0,94,0,0,0,0.0,1,1.121650569473399,-1.121650569473399,-0.46693359802595813,0.14337498735650964,0.0034715912135304056,0.32632957407185814
JS01,嘉善魏塘镇,太湖片-苏沪嘉小片,ɜ,0,94,0,0,0,0.0,0,1.425622670975739,-1.425622670975739,-0.46693359802595813,-0.4035773596527684,0.0012222042974695854,0.11488720396214103
JS01,嘉善魏塘镇,太湖片-苏沪嘉小片,ɐ,0,94,0,0,0,0.0,0,1.4397569239284802,-1.4397569239284802,-0.46693359802595813,-0.42900983450002067,0.0011642924608661987,0.10944349132142267
JS01,嘉善魏塘镇,太湖片-苏沪嘉小片,ə,0,94,0,0,0,0.0,0,1.4397569239284802,-1.4397569239284802,-0.46693359802595813,-0.42900983450002067,0.0011642924608661987,0.10944349132142267
JS01,嘉善魏塘镇,太湖片-苏沪嘉小片,ɯ,0,94,0,0,0,0.0,1,1.5391231269784755,-1.5391231269784755,-0.46693359802595813,-0.6078044597402487,0.0008276638726654131,0.07780040403054883
JS01,嘉善魏塘镇,太湖片-苏沪嘉小片,æ,0,94,0,0,0,0.0,0,2.1077238908357994,-2.1077238908357994,-0.46693359802595813,-1.6309165176099327,0.00011742661292606583,0.011038101615050188
JS02,金山朱泾,太湖片-苏沪嘉小片,ɔ,76,77,1,1,3,1.3862943611198906,1,0.0,-0.0,0.3859257881829402,2.1616174789064986,0.9037992930443971,69.59254556441857
JS02,金山朱泾,太湖片-苏沪嘉小片,ɒ,0,77,0,0,0,0.0,1,0.35999999999999993,-0.35999999999999993,-0.46693359802595813,1.5138513057933247,0.047657357742143525,3.6696165461450514
JS02,金山朱泾,太湖片-苏沪嘉小片,ɤ,1,77,1,1,1,0.6931471805599453,1,1.0628264204469138,-1.0628264204469138,-0.04050390492150895,0.24922024819407998,0.023487137028378294,1.8085095511851286
JS02,金山朱泾,太湖片-苏沪嘉小片,u,0,77,1,1,165,5.111987788356544,1,1.1700000000000002,-1.1700000000000002,2.6780022033165225,0.05637741628868252,0.01625462768069217,1.251606331413297
JS02,金山朱泾,太湖片-苏沪嘉小片,ʌ,0,77,0,0,0,0.0,1,1.121650569473399,-1.121650569473399,-0.46693359802595813,0.14337498735650964,0.003484192289403396,0.2682828062840615
JS02,金山朱泾,太湖片-苏沪嘉小片,ɜ,0,77,0,0,0,0.0,0,1.425622670975739,-1.425622670975739,-0.46693359802595813,-0.4035773596527684,0.0012266406173406246,0.09445132753522809
JS02,金山朱泾,太湖片-苏沪嘉小片,ɐ,0,77,0,0,0,0.0,0,1.4397569239284802,-1.4397569239284802,-0.46693359802595813,-0.42900983450002067,0.0011685185741195521,0.08997593020720551
JS02,金山朱泾,太湖片-苏沪嘉小片,ə,0,77,0,0,0,0.0,0,1.4397569239284802,-1.4397569239284802,-0.46693359802595813,-0.42900983450002067,0.0011685185741195521,0.08997593020720551
JS02,金山朱泾,太湖片-苏沪嘉小片,ɯ,0,77,0,0,0,0.0,1,1.5391231269784755,-1.5391231269784755,-0.46693359802595813,-0.6078044597402487,0.00083066810173943,0.06396144383393611
JS02,金山朱泾,太湖片-苏沪嘉小片,a,0,77,0,0,0,0.0,0,1.5481924944915604,-1.5481924944915604,-0.46693359802595813,-0.624123430536104,0.0008051935032032985,0.061999899746653986
JS02,金山朱泾,太湖片-苏沪嘉小片,æ,0,77,0,0,0,0.0,0,2.1077238908357994,-2.1077238908357994,-0.46693359802595813,-1.6309165176099327,0.00011785284446312658,0.009074669023660746
JW01,江湾,太湖片-苏沪嘉小片,ɔ,70,70,1,1,3,1.3862943611198906,1,0.0,-0.0,0.3859257881829402,2.1616174789064986,0.9215134631880434,64.50594242316303
JW01,江湾,太湖片-苏沪嘉小片,ɒ,0,70,0,0,0,0.0,1,0.35999999999999993,-0.35999999999999993,-0.46693359802595813,1.5138513057933247,0.048591426345801395,3.4013998442060975
JW01,江湾,太湖片-苏沪嘉小片,u,0,70,1,1,156,5.056245805348308,1,1.1700000000000002,-1.1700000000000002,2.6437092892372456,0.05637741628868252,0.01657321305973966,1.1601249141817762
JW01,江湾,太湖片-苏沪嘉小片,ɤ,0,70,0,0,0,0.0,1,1.0628264204469138,-1.0628264204469138,-0.46693359802595813,0.24922024819407998,0.004347804728315558,0.3043463309820891
JW01,江湾,太湖片-苏沪嘉小片,ʌ,0,70,0,0,0,0.0,1,1.121650569473399,-1.121650569473399,-0.46693359802595813,0.14337498735650964,0.0035524813171805406,0.24867369220263785
JW01,江湾,太湖片-苏沪嘉小片,ɜ,0,70,0,0,0,0.0,0,1.425622670975739,-1.425622670975739,-0.46693359802595813,-0.4035773596527684,0.0012506823717078873,0.08754776601955211
JW01,江湾,太湖片-苏沪嘉小片,ɐ,0,70,0,0,0,0.0,0,1.4397569239284802,-1.4397569239284802,-0.46693359802595813,-0.42900983450002067,0.0011914211554750211,0.08339948088325148
JW01,江湾,太湖片-苏沪嘉小片,ə,0,70,0,0,0,0.0,0,1.4397569239284802,-1.4397569239284802,-0.46693359802595813,-0.42900983450002067,0.0011914211554750211,0.08339948088325148
JW01,江湾,太湖片-苏沪嘉小片,ɯ,0,70,0,0,0,0.0,1,1.5391231269784755,-1.5391231269784755,-0.46693359802595813,-0.6078044597402487,0.0008469489244844299,0.059286424713910095
JW01,江湾,太湖片-苏沪嘉小片,a,0,70,0,0,0,0.0,0,1.5481924944915604,-1.5481924944915604,-0.46693359802595813,-0.624123430536104,0.0008209750321600835,0.057468252251205845
JW01,江湾,太湖片-苏沪嘉小片,æ,0,70,0,0,0,0.0,0,2.1077238908357994,-2.1077238908357994,-0.46693359802595813,-1.6309165176099327,0.00012016272161704682,0.008411390513193277
JX01,嘉兴城区,太湖片-苏沪嘉小片,ɔ,87,87,0,0,0,0.0,1,0.0,-0.0,-0.46693359802595813,2.1616174789064986,0.6806799550746305,59.219156091492856
JX01,嘉兴城区,太湖片-苏沪嘉小片,ɒ,0,87,0,0,0,0.0,1,0.35999999999999993,-0.35999999999999993,-0.46693359802595813,1.5138513057933247,0.19769271360391252,17.19926608354039
JX01,嘉兴城区,太湖片-苏沪嘉小片,u,0,87,1,1,169,5.135798437050262,1,1.1700000000000002,-1.1700000000000002,2.6926507049621295,0.05637741628868252,0.06742760419501116,5.866201564965971
JX01,嘉兴城区,太湖片-苏沪嘉小片,ɤ,0,87,0,0,0,0.0,1,1.0628264204469138,-1.0628264204469138,-0.46693359802595813,0.24922024819407998,0.017688908920758466,1.5389350761059866
JX01,嘉兴城区,太湖片-苏沪嘉小片,ʌ,0,87,0,0,0,0.0,1,1.121650569473399,-1.121650569473399,-0.46693359802595813,0.14337498735650964,0.014453160247297528,1.2574249415148848
JX01,嘉兴城区,太湖片-苏沪嘉小片,ɜ,0,87,0,0,0,0.0,0,1.425622670975739,-1.425622670975739,-0.46693359802595813,-0.4035773596527684,0.005088362505762778,0.4426875380013617
JX01,嘉兴城区,太湖片-苏沪嘉小片,ɐ,0,87,0,0,0,0.0,0,1.4397569239284802,-1.4397569239284802,-0.46693359802595813,-0.42900983450002067,0.004847260082360551,0.4217116271653679
JX01,嘉兴城区,太湖片-苏沪嘉小片,ə,0,87,0,0,0,0.0,0,1.4397569239284802,-1.4397569239284802,-0.46693359802595813,-0.42900983450002067,0.004847260082360551,0.4217116271653679
JX01,嘉兴城区,太湖片-苏沪嘉小片,ɯ,0,87,0,0,0,0.0,1,1.5391231269784755,-1.5391231269784755,-0.46693359802595813,-0.6078044597402487,0.003445785476097876,0.2997833364205152
JX01,嘉兴城区,太湖片-苏沪嘉小片,a,0,87,0,0,0,0.0,0,1.5481924944915604,-1.5481924944915604,-0.46693359802595813,-0.624123430536104,0.003340111499377915,0.2905897004458786
JX01,嘉兴城区,太湖片-苏沪嘉小片,æ,0,87,0,0,0,0.0,0,2.1077238908357994,-2.1077238908357994,-0.46693359802595813,-1.6309165176099327,0.0004888783124300715,0.04253241318141622
JY01,江阴城区澄江镇,太湖片-毗陵小片,ɒ,94,94,1,1,1,0.6931471805599453,1,0.35999999999999993,-0.35999999999999993,-0.04050390492150895,1.5138513057933247,0.5705580204027761,53.63245391786096
JY01,江阴城区澄江镇,太湖片-毗陵小片,ɔ,0,94,0,0,0,0.0,1,0.0,-0.0,-0.46693359802595813,2.1616174789064986,0.3566665452540547,33.526655253881145
JY01,江阴城区澄江镇,太湖片-毗陵小片,u,0,94,1,1,79,4.382026634673881,1,1.1700000000000002,-1.1700000000000002,2.2289242593052547,0.05637741628868252,0.035331098651723424,3.321123273262002
JY01,江阴城区澄江镇,太湖片-毗陵小片,a,0,94,1,0,32,3.4965075614664802,0,1.5481924944915604,-1.5481924944915604,1.6841458381899557,-0.624123430536104,0.00963984645801278,0.9061455670532013
JY01,江阴城区澄江镇,太湖片-毗陵小片,ɤ,0,94,0,0,0,0.0,1,1.0628264204469138,-1.0628264204469138,-0.46693359802595813,0.24922024819407998,0.009268734868781058,0.8712610776654195
JY01,江阴城区澄江镇,太湖片-毗陵小片,ʌ,0,94,0,0,0,0.0,1,1.121650569473399,-1.121650569473399,-0.46693359802595813,0.14337498735650964,0.007573248918196295,0.7118853983104517
JY01,江阴城区澄江镇,太湖片-毗陵小片,ɜ,0,94,0,0,0,0.0,0,1.425622670975739,-1.425622670975739,-0.46693359802595813,-0.4035773596527684,0.002666229058753013,0.2506255315227832
JY01,江阴城区澄江镇,太湖片-毗陵小片,ɐ,0,94,0,0,0,0.0,0,1.4397569239284802,-1.4397569239284802,-0.46693359802595813,-0.42900983450002067,0.002539894842847059,0.23875011522762354
JY01,江阴城区澄江镇,太湖片-毗陵小片,ə,0,94,0,0,0,0.0,0,1.4397569239284802,-1.4397569239284802,-0.46693359802595813,-0.42900983450002067,0.002539894842847059,0.23875011522762354
JY01,江阴城区澄江镇,太湖片-毗陵小片,ɯ,0,94,0,0,0,0.0,1,1.5391231269784755,-1.5391231269784755,-0.46693359802595813,-0.6078044597402487,0.0018055422262459294,0.16972096926711736
JY01,江阴城区澄江镇,太湖片-毗陵小片,æ,0,94,1,0,32,3.4965075614664802,0,2.1077238908357994,-2.1077238908357994,1.6841458381899557,-1.6309165176099327,0.001410944475762567,0.1326287807216813
KQ01,柯桥,太湖片-临绍小片,ɒ,99,108,1,1,1,0.6931471805599453,1,0.35999999999999993,-0.35999999999999993,-0.04050390492150895,1.5138513057933247,0.57121765068935,61.69150627444981
KQ01,柯桥,太湖片-临绍小片,ɔ,0,108,0,0,0,0.0,1,0.0,-0.0,-0.46693359802595813,2.1616174789064986,0.35707889254748365,38.564520395128234
KQ01,柯桥,太湖片-临绍小片,u,0,108,1,1,142,4.962844630259907,1,1.1700000000000002,-1.1700000000000002,2.5862481387837923,0.05637741628868252,0.035371945440122184,3.8201701075331957
KQ01,柯桥,太湖片-临绍小片,a,9,108,1,0,57,4.060443010546419,0,1.5481924944915604,-1.5481924944915604,2.031083439937988,-0.624123430536104,0.009650991222356183,1.0423070520144677
KQ01,柯桥,太湖片-临绍小片,ɤ,0,108,0,0,0,0.0,1,1.0628264204469138,-1.0628264204469138,-0.46693359802595813,0.24922024819407998,0.00927945058570912,1.002180663256585
KQ01,柯桥,太湖片-临绍小片,ʌ,0,108,0,0,0,0.0,1,1.121650569473399,-1.121650569473399,-0.46693359802595813,0.14337498735650964,0.007582004459570823,0.8188564816336489
KQ01,柯桥,太湖片-临绍小片,ɜ,0,108,0,0,0,0.0,0,1.425622670975739,-1.425622670975739,-0.46693359802595813,-0.4035773596527684,0.002669311524295878,0.28828564462395484
KQ01,柯桥,太湖片-临绍小片,ɐ,0,108,0,0,0,0.0,0,1.4397569239284802,-1.4397569239284802,-0.46693359802595813,-0.42900983450002067,0.002542831251596291,0.2746257751723994
KQ01,柯桥,太湖片-临绍小片,ə,0,108,0,0,0,0.0,0,1.4397569239284802,-1.4397569239284802,-0.46693359802595813,-0.42900983450002067,0.002542831251596291,0.2746257751723994
KQ01,柯桥,太湖片-临绍小片,ɯ,0,108,0,0,0,0.0,1,1.5391231269784755,-1.5391231269784755,-0.46693359802595813,-0.6078044597402487,0.0018076296394335999,0.19522400105882878
KQ01,柯桥,太湖片-临绍小片,æ,0,108,0,0,0,0.0,0,2.1077238908357994,-2.1077238908357994,-0.46693359802595813,-1.6309165176099327,0.0002564613884859777,0.027697829956485592
KS01,昆山市区玉山镇,太湖片-苏沪嘉小片,ɔ,82,82,0,0,0,0.0,1,0.0,-0.0,-0.46693359802595813,2.1616174789064986,0.6705829573049267,54.98780249900399
KS01,昆山市区玉山镇,太湖片-苏沪嘉小片,ɒ,0,82,0,0,0,0.0,1,0.35999999999999993,-0.35999999999999993,-0.46693359802595813,1.5138513057933247,0.19476020049923828,15.970336440937539
KS01,昆山市区玉山镇,太湖片-苏沪嘉小片,u,0,82,1,1,27,3.332204510175204,1,1.1700000000000002,-1.1700000000000002,1.5830652860312293,0.05637741628868252,0.06642740378643756,5.447047110487881
KS01,昆山市区玉山镇,太湖片-苏沪嘉小片,a,0,82,1,0,50,3.9318256327243257,0,1.5481924944915604,-1.5481924944915604,1.951956999708847,-0.624123430536104,0.018124258727924933,1.4861892156898444
KS01,昆山市区玉山镇,太湖片-苏沪嘉小片,ɤ,0,82,0,0,0,0.0,1,1.0628264204469138,-1.0628264204469138,-0.46693359802595813,0.24922024819407998,0.017426517068919945,1.4289743996514355
KS01,昆山市区玉山镇,太湖片-苏沪嘉小片,ʌ,0,82,0,0,0,0.0,1,1.121650569473399,-1.121650569473399,-0.46693359802595813,0.14337498735650964,0.014238766499260484,1.1675788529393596
KS01,昆山市区玉山镇,太湖片-苏沪嘉小片,ɜ,0,82,0,0,0,0.0,0,1.425622670975739,-1.425622670975739,-0.46693359802595813,-0.4035773596527684,0.005012883296350039,0.4110564303007032
KS01,昆山市区玉山镇,太湖片-苏沪嘉小片,ɐ,0,82,0,0,0,0.0,0,1.4397569239284802,-1.4397569239284802,-0.46693359802595813,-0.42900983450002067,0.00477535731237902,0.39157929961507965
KS01,昆山市区玉山镇,太湖片-苏沪嘉小片,ə,0,82,0,0,0,0.0,0,1.4397569239284802,-1.4397569239284802,-0.46693359802595813,-0.42900983450002067,0.00477535731237902,0.39157929961507965
KS01,昆山市区玉山镇,太湖片-苏沪嘉小片,ɯ,0,82,0,0,0,0.0,1,1.5391231269784755,-1.5391231269784755,-0.46693359802595813,-0.6078044597402487,0.003394671750759477,0.2783630835622771
KS01,昆山市区玉山镇,太湖片-苏沪嘉小片,æ,0,82,0,0,0,0.0,0,2.1077238908357994,-2.1077238908357994,-0.46693359802595813,-1.6309165176099327,0.0004816264414245241,0.03949336819681097
LA01,临安城区,太湖片-临绍小片,ɔ,91,91,0,0,0,0.0,1,0.0,-0.0,-0.46693359802595813,2.1616174789064986,0.6705829573049267,61.023049114748325
LA01,临安城区,太湖片-临绍小片,ɒ,0,91,0,0,0,0.0,1,0.35999999999999993,-0.35999999999999993,-0.46693359802595813,1.5138513057933247,0.19476020049923828,17.723178245430685
LA01,临安城区,太湖片-临绍小片,u,0,91,1,1,115,4.7535901911063645,1,1.1700000000000002,-1.1700000000000002,2.457513133042437,0.05637741628868252,0.06642740378643756,6.044893744565818
LA01,临安城区,太湖片-临绍小片,a,0,91,1,0,55,4.02535169073515,0,1.5481924944915604,-1.5481924944915604,2.0094949791356784,-0.624123430536104,0.018124258727924933,1.6493075442411689
LA01,临安城区,太湖片-临绍小片,ɤ,0,91,0,0,0,0.0,1,1.0628264204469138,-1.0628264204469138,-0.46693359802595813,0.24922024819407998,0.017426517068919945,1.585813053271715
LA01,临安城区,太湖片-临绍小片,ʌ,0,91,0,0,0,0.0,1,1.121650569473399,-1.121650569473399,-0.46693359802595813,0.14337498735650964,0.014238766499260484,1.295727751432704
LA01,临安城区,太湖片-临绍小片,ɜ,0,91,0,0,0,0.0,0,1.425622670975739,-1.425622670975739,-0.46693359802595813,-0.4035773596527684,0.005012883296350039,0.4561723799678536
LA01,临安城区,太湖片-临绍小片,ɐ,0,91,0,0,0,0.0,0,1.4397569239284802,-1.4397569239284802,-0.46693359802595813,-0.42900983450002067,0.00477535731237902,0.43455751542649085
LA01,临安城区,太湖片-临绍小片,ə,0,91,0,0,0,0.0,0,1.4397569239284802,-1.4397569239284802,-0.46693359802595813,-0.42900983450002067,0.00477535731237902,0.43455751542649085
LA01,临安城区,太湖片-临绍小片,ɯ,0,91,0,0,0,0.0,1,1.5391231269784755,-1.5391231269784755,-0.46693359802595813,-0.6078044597402487,0.003394671750759477,0.3089151293191124
LA01,临安城区,太湖片-临绍小片,æ,0,91,0,0,0,0.0,0,2.1077238908357994,-2.1077238908357994,-0.46693359802595813,-1.6309165176099327,0.0004816264414245241,0.04382800616963169
LP01,临平五杭,太湖片-苕溪小片,ɔ,88,88,0,0,0,0.0,1,0.0,-0.0,-0.46693359802595813,2.1616174789064986,0.6705829573049267,59.01130024283355
LP01,临平五杭,太湖片-苕溪小片,ɒ,0,88,0,0,0,0.0,1,0.35999999999999993,-0.35999999999999993,-0.46693359802595813,1.5138513057933247,0.19476020049923828,17.138897643932967
LP01,临平五杭,太湖片-苕溪小片,u,0,88,1,1,187,5.236441962829949,1,1.1700000000000002,-1.1700000000000002,2.7545674075252298,0.05637741628868252,0.06642740378643756,5.8456115332065055
LP01,临平五杭,太湖片-苕溪小片,a,0,88,1,0,53,3.9889840465642745,0,1.5481924944915604,-1.5481924944915604,1.9871213133722399,-0.624123430536104,0.018124258727924933,1.594934768057394
LP01,临平五杭,太湖片-苕溪小片,ɤ,0,88,0,0,0,0.0,1,1.0628264204469138,-1.0628264204469138,-0.46693359802595813,0.24922024819407998,0.017426517068919945,1.5335335020649552
LP01,临平五杭,太湖片-苕溪小片,ʌ,0,88,0,0,0,0.0,1,1.121650569473399,-1.121650569473399,-0.46693359802595813,0.14337498735650964,0.014238766499260484,1.2530114519349225
LP01,临平五杭,太湖片-苕溪小片,ɜ,0,88,0,0,0,0.0,0,1.425622670975739,-1.425622670975739,-0.46693359802595813,-0.4035773596527684,0.005012883296350039,0.44113373007880347
LP01,临平五杭,太湖片-苕溪小片,ɐ,0,88,0,0,0,0.0,0,1.4397569239284802,-1.4397569239284802,-0.46693359802595813,-0.42900983450002067,0.00477535731237902,0.42023144348935376
LP01,临平五杭,太湖片-苕溪小片,ə,0,88,0,0,0,0.0,0,1.4397569239284802,-1.4397569239284802,-0.46693359802595813,-0.42900983450002067,0.00477535731237902,0.42023144348935376
LP01,临平五杭,太湖片-苕溪小片,ɯ,0,88,0,0,0,0.0,1,1.5391231269784755,-1.5391231269784755,-0.46693359802595813,-0.6078044597402487,0.003394671750759477,0.29873111406683395
LP01,临平五杭,太湖片-苕溪小片,æ,0,88,0,0,0,0.0,0,2.1077238908357994,-2.1077238908357994,-0.46693359802595813,-1.6309165176099327,0.0004816264414245241,0.04238312684535812
LT01,练塘,太湖片-苏沪嘉小片,ɔ,70,70,1,1,1,0.6931471805599453,1,0.0,-0.0,-0.04050390492150895,2.1616174789064986,0.9181155983505621,64.26809188453934
LT01,练塘,太湖片-苏沪嘉小片,ɒ,0,70,0,0,0,0.0,1,0.35999999999999993,-0.35999999999999993,-0.46693359802595813,1.5138513057933247,0.04841225685389591,3.388857979772714
LT01,练塘,太湖片-苏沪嘉小片,u,0,70,1,1,154,5.043425116919247,1,1.1700000000000002,-1.1700000000000002,2.635821899104928,0.05637741628868252,0.01651210322233701,1.1558472255635908
LT01,练塘,太湖片-苏沪嘉小片,a,0,70,1,0,48,3.8918202981106265,0,1.5481924944915604,-1.5481924944915604,1.9273453976706199,-0.624123430536104,0.004505213419238588,0.3153649393467012
LT01,练塘,太湖片-苏沪嘉小片,ɤ,0,70,0,0,0,0.0,1,1.0628264204469138,-1.0628264204469138,-0.46693359802595813,0.24922024819407998,0.004331773217766087,0.3032241252436261
LT01,练塘,太湖片-苏沪嘉小片,ʌ,0,70,0,0,0,0.0,1,1.121650569473399,-1.121650569473399,-0.46693359802595813,0.14337498735650964,0.003539382375238122,0.24775676626666854
LT01,练塘,太湖片-苏沪嘉小片,ɜ,0,70,0,0,0,0.0,0,1.425622670975739,-1.425622670975739,-0.46693359802595813,-0.4035773596527684,0.0012460707736971735,0.08722495415880215
LT01,练塘,太湖片-苏沪嘉小片,ɐ,0,70,0,0,0,0.0,0,1.4397569239284802,-1.4397569239284802,-0.46693359802595813,-0.42900983450002067,0.0011870280693047827,0.0830919648513348
LT01,练塘,太湖片-苏沪嘉小片,ə,0,70,0,0,0,0.0,0,1.4397569239284802,-1.4397569239284802,-0.46693359802595813,-0.42900983450002067,0.0011870280693047827,0.0830919648513348
LT01,练塘,太湖片-苏沪嘉小片,ɯ,0,70,0,0,0,0.0,1,1.5391231269784755,-1.5391231269784755,-0.46693359802595813,-0.6078044597402487,0.0008438259989010182,0.05906781992307127
LT01,练塘,太湖片-苏沪嘉小片,æ,0,70,0,0,0,0.0,0,2.1077238908357994,-2.1077238908357994,-0.46693359802595813,-1.6309165176099327,0.00011971964975443279,0.008380375482810296
MH01,闵行,太湖片-苏沪嘉小片,ɔ,77,77,1,1,4,1.6094379124341003,1,0.0,-0.0,0.5232054868874582,2.1616174789064986,0.9005305746386291,69.34085424717443
MH01,闵行,太湖片-苏沪嘉小片,ɒ,0,77,0,0,0,0.0,1,0.35999999999999993,-0.35999999999999993,-0.46693359802595813,1.5138513057933247,0.047484998144585885,3.656344857133113
MH01,闵行,太湖片-苏沪嘉小片,ɤ,0,77,1,1,1,0.6931471805599453,1,1.0628264204469138,-1.0628264204469138,-0.04050390492150895,0.24922024819407998,0.02340219246414341,1.8019688197390427
MH01,闵行,太湖片-苏沪嘉小片,u,0,77,1,1,164,5.10594547390058,1,1.1700000000000002,-1.1700000000000002,2.6742849231033716,0.05637741628868252,0.016195840512913125,1.2470797194943106
MH01,闵行,太湖片-苏沪嘉小片,a,0,77,1,0,46,3.8501476017100584,0,1.5481924944915604,-1.5481924944915604,1.9017080213163313,-0.624123430536104,0.004418923321404547,0.3402570957481501
MH01,闵行,太湖片-苏沪嘉小片,ʌ,0,77,0,0,0,0.0,1,1.121650569473399,-1.121650569473399,-0.46693359802595813,0.14337498735650964,0.0034715912135304056,0.26731252344184125
MH01,闵行,太湖片-苏沪嘉小片,ɜ,0,77,0,0,0,0.0,0,1.425622670975739,-1.425622670975739,-0.46693359802595813,-0.4035773596527684,0.0012222042974695854,0.09410973090515808
MH01,闵行,太湖片-苏沪嘉小片,ɐ,0,77,0,0,0,0.0,0,1.4397569239284802,-1.4397569239284802,-0.46693359802595813,-0.42900983450002067,0.0011642924608661987,0.08965051948669729
MH01,闵行,太湖片-苏沪嘉小片,ə,0,77,0,0,0,0.0,0,1.4397569239284802,-1.4397569239284802,-0.46693359802595813,-0.42900983450002067,0.0011642924608661987,0.08965051948669729
MH01,闵行,太湖片-苏沪嘉小片,ɯ,0,77,0,0,0,0.0,1,1.5391231269784755,-1.5391231269784755,-0.46693359802595813,-0.6078044597402487,0.0008276638726654131,0.06373011819523682
MH01,闵行,太湖片-苏沪嘉小片,æ,0,77,0,0,0,0.0,0,2.1077238908357994,-2.1077238908357994,-0.46693359802595813,-1.6309165176099327,0.00011742661292606583,0.009041849195307069
NB01,宁波市区,太湖片-甬江小片,ɔ,81,81,0,0,0,0.0,1,0.0,-0.0,-0.46693359802595813,2.1616174789064986,0.6705829573049267,54.31721954169906
NB01,宁波市区,太湖片-甬江小片,ɒ,0,81,0,0,0,0.0,1,0.35999999999999993,-0.35999999999999993,-0.46693359802595813,1.5138513057933247,0.19476020049923828,15.775576240438301
NB01,宁波市区,太湖片-甬江小片,u,0,81,1,1,97,4.584967478670572,1,1.1700000000000002,-1.1700000000000002,2.3537750907750694,0.05637741628868252,0.06642740378643756,5.3806197067014425
NB01,宁波市区,太湖片-甬江小片,a,0,81,1,0,46,3.8501476017100584,0,1.5481924944915604,-1.5481924944915604,1.9017080213163313,-0.624123430536104,0.018124258727924933,1.4680649569619195
NB01,宁波市区,太湖片-甬江小片,ɤ,0,81,0,0,0,0.0,1,1.0628264204469138,-1.0628264204469138,-0.46693359802595813,0.24922024819407998,0.017426517068919945,1.4115478825825156
NB01,宁波市区,太湖片-甬江小片,ʌ,0,81,0,0,0,0.0,1,1.121650569473399,-1.121650569473399,-0.46693359802595813,0.14337498735650964,0.014238766499260484,1.153340086440099
NB01,宁波市区,太湖片-甬江小片,ɜ,0,81,0,0,0,0.0,0,1.425622670975739,-1.425622670975739,-0.46693359802595813,-0.4035773596527684,0.005012883296350039,0.4060435470043532
NB01,宁波市区,太湖片-甬江小片,ɐ,0,81,0,0,0,0.0,0,1.4397569239284802,-1.4397569239284802,-0.46693359802595813,-0.42900983450002067,0.00477535731237902,0.38680394230270065
NB01,宁波市区,太湖片-甬江小片,ə,0,81,0,0,0,0.0,0,1.4397569239284802,-1.4397569239284802,-0.46693359802595813,-0.42900983450002067,0.00477535731237902,0.38680394230270065
NB01,宁波市区,太湖片-甬江小片,ɯ,0,81,0,0,0,0.0,1,1.5391231269784755,-1.5391231269784755,-0.46693359802595813,-0.6078044597402487,0.003394671750759477,0.2749684118115176
NB01,宁波市区,太湖片-甬江小片,æ,0,81,0,0,0,0.0,0,2.1077238908357994,-2.1077238908357994,-0.46693359802595813,-1.6309165176099327,0.0004816264414245241,0.03901174175538645
NH01,南汇惠南镇,太湖片-苏沪嘉小片,ɔ,79,79,1,1,7,2.0794415416798357,1,0.0,-0.0,0.8123554812873893,2.1616174789064986,0.9181155983505621,72.53113226969441
NH01,南汇惠南镇,太湖片-苏沪嘉小片,ɒ,0,79,0,0,0,0.0,1,0.35999999999999993,-0.35999999999999993,-0.46693359802595813,1.5138513057933247,0.04841225685389591,3.824568291457777
NH01,南汇惠南镇,太湖片-苏沪嘉小片,u,0,79,1,1,178,5.187385805840755,1,1.1700000000000002,-1.1700000000000002,2.7243876671230733,0.05637741628868252,0.01651210322233701,1.3044561545646238
NH01,南汇惠南镇,太湖片-苏沪嘉小片,a,0,79,1,0,57,4.060443010546419,0,1.5481924944915604,-1.5481924944915604,2.031083439937988,-0.624123430536104,0.004505213419238588,0.3559118601198485
NH01,南汇惠南镇,太湖片-苏沪嘉小片,ɤ,0,79,0,0,0,0.0,1,1.0628264204469138,-1.0628264204469138,-0.46693359802595813,0.24922024819407998,0.004331773217766087,0.3422100842035209
NH01,南汇惠南镇,太湖片-苏沪嘉小片,ʌ,0,79,0,0,0,0.0,1,1.121650569473399,-1.121650569473399,-0.46693359802595813,0.14337498735650964,0.003539382375238122,0.27961120764381164
NH01,南汇惠南镇,太湖片-苏沪嘉小片,ɜ,0,79,0,0,0,0.0,0,1.425622670975739,-1.425622670975739,-0.46693359802595813,-0.4035773596527684,0.0012460707736971735,0.09843959112207672
NH01,南汇惠南镇,太湖片-苏沪嘉小片,ɐ,0,79,0,0,0,0.0,0,1.4397569239284802,-1.4397569239284802,-0.46693359802595813,-0.42900983450002067,0.0011870280693047827,0.09377521747507783
NH01,南汇惠南镇,太湖片-苏沪嘉小片,ə,0,79,0,0,0,0.0,0,1.4397569239284802,-1.4397569239284802,-0.46693359802595813,-0.42900983450002067,0.0011870280693047827,0.09377521747507783
NH01,南汇惠南镇,太湖片-苏沪嘉小片,ɯ,0,79,0,0,0,0.0,1,1.5391231269784755,-1.5391231269784755,-0.46693359802595813,-0.6078044597402487,0.0008438259989010182,0.06666225391318044
NH01,南汇惠南镇,太湖片-苏沪嘉小片,æ,0,79,0,0,0,0.0,0,2.1077238908357994,-2.1077238908357994,-0.46693359802595813,-1.6309165176099327,0.00011971964975443279,0.00945785233060019
NT01,南通金沙镇,太湖片-毗陵小片,ɔ,0,44,0,0,0,0.0,1,0.0,-0.0,-0.46693359802595813,2.1616174789064986,0.6791831458337868,29.88405841668662
NT01,南通金沙镇,太湖片-毗陵小片,ɒ,0,44,0,0,0,0.0,1,0.35999999999999993,-0.35999999999999993,-0.46693359802595813,1.5138513057933247,0.19725798906359993,8.679351518798397
NT01,南通金沙镇,太湖片-毗陵小片,u,0,44,1,1,60,4.110873864173311,1,1.1700000000000002,-1.1700000000000002,2.0621089047140817,0.05637741628868252,0.06727933148579647,2.9602905853750445
NT01,南通金沙镇,太湖片-毗陵小片,ɤ,0,44,0,0,0,0.0,1,1.0628264204469138,-1.0628264204469138,-0.46693359802595813,0.24922024819407998,0.017650011165454164,0.7766004912799832
NT01,南通金沙镇,太湖片-毗陵小片,ʌ,0,44,0,0,0,0.0,1,1.121650569473399,-1.121650569473399,-0.46693359802595813,0.14337498735650964,0.014421377874897301,0.6345406264954813
NT01,南通金沙镇,太湖片-毗陵小片,ɜ,0,44,0,0,0,0.0,0,1.425622670975739,-1.425622670975739,-0.46693359802595813,-0.4035773596527684,0.005077173241318295,0.223395622618005
NT01,南通金沙镇,太湖片-毗陵小片,ɐ,0,44,0,0,0,0.0,0,1.4397569239284802,-1.4397569239284802,-0.46693359802595813,-0.42900983450002067,0.004836601000026835,0.21281044400118074
NT01,南通金沙镇,太湖片-毗陵小片,ə,44,44,0,0,0,0.0,0,1.4397569239284802,-1.4397569239284802,-0.46693359802595813,-0.42900983450002067,0.004836601000026835,0.21281044400118074
NT01,南通金沙镇,太湖片-毗陵小片,ɯ,0,44,0,0,0,0.0,1,1.5391231269784755,-1.5391231269784755,-0.46693359802595813,-0.6078044597402487,0.0034382082241101587,0.15128116186084697
NT01,南通金沙镇,太湖片-毗陵小片,a,0,44,0,0,0,0.0,0,1.5481924944915604,-1.5481924944915604,-0.46693359802595813,-0.624123430536104,0.0033327666235365675,0.14664173143560896
NT01,南通金沙镇,太湖片-毗陵小片,æ,0,44,1,0,26,3.295836866004329,0,2.1077238908357994,-2.1077238908357994,1.5606916202677907,-1.6309165176099327,0.0026867944874466162,0.11821895744765111
PB01,彭埠镇,太湖片-杭州小片,ɔ,83,83,0,0,0,0.0,1,0.0,-0.0,-0.46693359802595813,2.1616174789064986,0.6705829573049267,55.65838545630891
PB01,彭埠镇,太湖片-杭州小片,ɒ,0,83,0,0,0,0.0,1,0.35999999999999993,-0.35999999999999993,-0.46693359802595813,1.5138513057933247,0.19476020049923828,16.165096641436776
PB01,彭埠镇,太湖片-杭州小片,u,0,83,1,1,112,4.727387818712341,1,1.1700000000000002,-1.1700000000000002,2.4413932238341713,0.05637741628868252,0.06642740378643756,5.513474514274318
PB01,彭埠镇,太湖片-杭州小片,a,0,83,1,0,27,3.332204510175204,0,1.5481924944915604,-1.5481924944915604,1.5830652860312293,-0.624123430536104,0.018124258727924933,1.5043134744177695
PB01,彭埠镇,太湖片-杭州小片,ɤ,0,83,0,0,0,0.0,1,1.0628264204469138,-1.0628264204469138,-0.46693359802595813,0.24922024819407998,0.017426517068919945,1.4464009167203555
PB01,彭埠镇,太湖片-杭州小片,ʌ,0,83,0,0,0,0.0,1,1.121650569473399,-1.121650569473399,-0.46693359802595813,0.14337498735650964,0.014238766499260484,1.18181761943862
PB01,彭埠镇,太湖片-杭州小片,ɜ,0,83,0,0,0,0.0,0,1.425622670975739,-1.425622670975739,-0.46693359802595813,-0.4035773596527684,0.005012883296350039,0.41606931359705324
PB01,彭埠镇,太湖片-杭州小片,ɐ,0,83,0,0,0,0.0,0,1.4397569239284802,-1.4397569239284802,-0.46693359802595813,-0.42900983450002067,0.00477535731237902,0.3963546569274587
PB01,彭埠镇,太湖片-杭州小片,ə,0,83,0,0,0,0.0,0,1.4397569239284802,-1.4397569239284802,-0.46693359802595813,-0.42900983450002067,0.00477535731237902,0.3963546569274587
PB01,彭埠镇,太湖片-杭州小片,ɯ,0,83,0,0,0,0.0,1,1.5391231269784755,-1.5391231269784755,-0.46693359802595813,-0.6078044597402487,0.003394671750759477,0.2817577553130366
PB01,彭埠镇,太湖片-杭州小片,æ,0,83,0,0,0,0.0,0,2.1077238908357994,-2.1077238908357994,-0.46693359802595813,-1.6309165176099327,0.0004816264414245241,0.0399749946382355
PH01,平湖城关,太湖片-苏沪嘉小片,ɔ,80,81,0,0,0,0.0,1,0.0,-0.0,-0.46693359802595813,2.1616174789064986,0.6705829573049267,54.31721954169906
PH01,平湖城关,太湖片-苏沪嘉小片,ɒ,0,81,0,0,0,0.0,1,0.35999999999999993,-0.35999999999999993,-0.46693359802595813,1.5138513057933247,0.19476020049923828,15.775576240438301
PH01,平湖城关,太湖片-苏沪嘉小片,u,0,81,1,1,170,5.14166355650266,1,1.1700000000000002,-1.1700000000000002,2.696258973390902,0.05637741628868252,0.06642740378643756,5.3806197067014425
PH01,平湖城关,太湖片-苏沪嘉小片,a,1,81,1,0,56,4.04305126783455,0,1.5481924944915604,-1.5481924944915604,2.020383900626319,-0.624123430536104,0.018124258727924933,1.4680649569619195
PH01,平湖城关,太湖片-苏沪嘉小片,ɤ,0,81,0,0,0,0.0,1,1.0628264204469138,-1.0628264204469138,-0.46693359802595813,0.24922024819407998,0.017426517068919945,1.4115478825825156
PH01,平湖城关,太湖片-苏沪嘉小片,ʌ,0,81,0,0,0,0.0,1,1.121650569473399,-1.121650569473399,-0.46693359802595813,0.14337498735650964,0.014238766499260484,1.153340086440099
PH01,平湖城关,太湖片-苏沪嘉小片,ɜ,0,81,0,0,0,0.0,0,1.425622670975739,-1.425622670975739,-0.46693359802595813,-0.4035773596527684,0.005012883296350039,0.4060435470043532
PH01,平湖城关,太湖片-苏沪嘉小片,ɐ,0,81,0,0,0,0.0,0,1.4397569239284802,-1.4397569239284802,-0.46693359802595813,-0.42900983450002067,0.00477535731237902,0.38680394230270065
PH01,平湖城关,太湖片-苏沪嘉小片,ə,0,81,0,0,0,0.0,0,1.4397569239284802,-1.4397569239284802,-0.46693359802595813,-0.42900983450002067,0.00477535731237902,0.38680394230270065
PH01,平湖城关,太湖片-苏沪嘉小片,ɯ,0,81,0,0,0,0.0,1,1.5391231269784755,-1.5391231269784755,-0.46693359802595813,-0.6078044597402487,0.003394671750759477,0.2749684118115176
PH01,平湖城关,太湖片-苏沪嘉小片,æ,0,81,0,0,0,0.0,0,2.1077238908357994,-2.1077238908357994,-0.46693359802595813,-1.6309165176099327,0.0004816264414245241,0.03901174175538645
QD01,启东吕四,太湖片-毗陵小片,ɔ,92,92,0,0,0,0.0,1,0.0,-0.0,-0.46693359802595813,2.1616174789064986,0.6217403923371029,57.20011609501346
QD01,启东吕四,太湖片-毗陵小片,ɒ,0,92,0,0,0,0.0,1,0.35999999999999993,-0.35999999999999993,-0.46693359802595813,1.5138513057933247,0.18057465098234998,16.612867890376197
QD01,启东吕四,太湖片-毗陵小片,ɤ,0,92,1,1,119,4.787491742782046,1,1.0628264204469138,-1.0628264204469138,2.4783696389653884,0.24922024819407998,0.08899321683802776,8.187375949098554
QD01,启东吕四,太湖片-毗陵小片,u,0,92,1,1,102,4.634728988229636,1,1.1700000000000002,-1.1700000000000002,2.3843887697235195,0.05637741628868252,0.06158909892088815,5.6661971007217105
QD01,启东吕四,太湖片-毗陵小片,a,0,92,1,0,37,3.6375861597263857,0,1.5481924944915604,-1.5481924944915604,1.770938520966185,-0.624123430536104,0.016804160633022428,1.5459827782380633
QD01,启东吕四,太湖片-毗陵小片,ʌ,0,92,0,0,0,0.0,1,1.121650569473399,-1.121650569473399,-0.46693359802595813,0.14337498735650964,0.013201672027613236,1.2145538265404177
QD01,启东吕四,太湖片-毗陵小片,ɜ,0,92,0,0,0,0.0,0,1.425622670975739,-1.425622670975739,-0.46693359802595813,-0.4035773596527684,0.004647765043028905,0.42759438395865923
QD01,启东吕四,太湖片-毗陵小片,ɐ,0,92,0,0,0,0.0,0,1.4397569239284802,-1.4397569239284802,-0.46693359802595813,-0.42900983450002067,0.0044275394962033175,0.4073336336507052
QD01,启东吕四,太湖片-毗陵小片,ə,0,92,0,0,0,0.0,0,1.4397569239284802,-1.4397569239284802,-0.46693359802595813,-0.42900983450002067,0.0044275394962033175,0.4073336336507052
QD01,启东吕四,太湖片-毗陵小片,ɯ,0,92,0,0,0,0.0,1,1.5391231269784755,-1.5391231269784755,-0.46693359802595813,-0.6078044597402487,0.003147417516626725,0.28956241152965867
QD01,启东吕四,太湖片-毗陵小片,æ,0,92,0,0,0,0.0,0,2.1077238908357994,-2.1077238908357994,-0.46693359802595813,-1.6309165176099327,0.0004465467089331981,0.041082297221854226
QP01,青浦商榻,太湖片-苏沪嘉小片,ɒ,1,90,1,1,59,4.0943445622221,1,0.35999999999999993,-0.35999999999999993,2.0519399458609393,1.5138513057933247,0.5691889753461145,51.2270077811503
QP01,青浦商榻,太湖片-苏沪嘉小片,ɔ,0,90,0,0,0,0.0,1,0.0,-0.0,-0.46693359802595813,2.1616174789064986,0.3558107294505858,32.02296565055272
QP01,青浦商榻,太湖片-苏沪嘉小片,u,0,90,1,1,65,4.189654742026425,1,1.1700000000000002,-1.1700000000000002,2.1105755312944043,0.05637741628868252,0.03524632223245335,3.1721690009208015
QP01,青浦商榻,太湖片-苏沪嘉小片,ɐ,89,90,1,0,1,0.6931471805599453,0,1.4397569239284802,-1.4397569239284802,-0.04050390492150895,-0.42900983450002067,0.013956037879285404,1.2560434091356865
QP01,青浦商榻,太湖片-苏沪嘉小片,ɤ,0,90,0,0,0,0.0,1,1.0628264204469138,-1.0628264204469138,-0.46693359802595813,0.24922024819407998,0.009246494684260202,0.8321845215834182
QP01,青浦商榻,太湖片-苏沪嘉小片,ʌ,0,90,0,0,0,0.0,1,1.121650569473399,-1.121650569473399,-0.46693359802595813,0.14337498735650964,0.007555077025726875,0.6799569323154188
QP01,青浦商榻,太湖片-苏沪嘉小片,ɜ,0,90,0,0,0,0.0,0,1.425622670975739,-1.425622670975739,-0.46693359802595813,-0.4035773596527684,0.0026598314837785403,0.23938483354006862
QP01,青浦商榻,太湖片-苏沪嘉小片,ə,0,90,0,0,0,0.0,0,1.4397569239284802,-1.4397569239284802,-0.46693359802595813,-0.42900983450002067,0.0025338004048500516,0.22804203643650464
QP01,青浦商榻,太湖片-苏沪嘉小片,ɯ,0,90,0,0,0,0.0,1,1.5391231269784755,-1.5391231269784755,-0.46693359802595813,-0.6078044597402487,0.0018012098558803514,0.16210888702923162
QP01,青浦商榻,太湖片-苏沪嘉小片,a,0,90,0,0,0,0.0,0,1.5481924944915604,-1.5481924944915604,-0.46693359802595813,-0.624123430536104,0.0017459710693399854,0.1571373962405987
QP01,青浦商榻,太湖片-苏沪嘉小片,æ,0,90,0,0,0,0.0,0,2.1077238908357994,-2.1077238908357994,-0.46693359802595813,-1.6309165176099327,0.0002555505677249498,0.02299955109524548
SH01,上海市区,太湖片-苏沪嘉小片,ɔ,97,97,1,1,1,0.6931471805599453,1,0.0,-0.0,-0.04050390492150895,2.1616174789064986,0.9215134631880434,89.38680592924021
SH01,上海市区,太湖片-苏沪嘉小片,ɒ,0,97,0,0,0,0.0,1,0.35999999999999993,-0.35999999999999993,-0.46693359802595813,1.5138513057933247,0.048591426345801395,4.713368355542736
SH01,上海市区,太湖片-苏沪嘉小片,u,0,97,1,1,232,5.4510384535657,1,1.1700000000000002,-1.1700000000000002,2.8865888861552276,0.05637741628868252,0.01657321305973966,1.607601666794747
SH01,上海市区,太湖片-苏沪嘉小片,ɤ,0,97,0,0,0,0.0,1,1.0628264204469138,-1.0628264204469138,-0.46693359802595813,0.24922024819407998,0.004347804728315558,0.42173705864660915
SH01,上海市区,太湖片-苏沪嘉小片,ʌ,0,97,0,0,0,0.0,1,1.121650569473399,-1.121650569473399,-0.46693359802595813,0.14337498735650964,0.0035524813171805406,0.3445906877665124
SH01,上海市区,太湖片-苏沪嘉小片,ɜ,0,97,0,0,0,0.0,0,1.425622670975739,-1.425622670975739,-0.46693359802595813,-0.4035773596527684,0.0012506823717078873,0.12131619005566506
SH01,上海市区,太湖片-苏沪嘉小片,ɐ,0,97,0,0,0,0.0,0,1.4397569239284802,-1.4397569239284802,-0.46693359802595813,-0.42900983450002067,0.0011914211554750211,0.11556785208107705
SH01,上海市区,太湖片-苏沪嘉小片,ə,0,97,0,0,0,0.0,0,1.4397569239284802,-1.4397569239284802,-0.46693359802595813,-0.42900983450002067,0.0011914211554750211,0.11556785208107705
SH01,上海市区,太湖片-苏沪嘉小片,ɯ,0,97,0,0,0,0.0,1,1.5391231269784755,-1.5391231269784755,-0.46693359802595813,-0.6078044597402487,0.0008469489244844299,0.0821540456749897
SH01,上海市区,太湖片-苏沪嘉小片,a,0,97,0,0,0,0.0,0,1.5481924944915604,-1.5481924944915604,-0.46693359802595813,-0.624123430536104,0.0008209750321600835,0.0796345781195281
SH01,上海市区,太湖片-苏沪嘉小片,æ,0,97,0,0,0,0.0,0,2.1077238908357994,-2.1077238908357994,-0.46693359802595813,-1.6309165176099327,0.00012016272161704682,0.011655783996853542
SJ01,松江镇,太湖片-苏沪嘉小片,ɔ,100,101,1,1,9,2.302585092994046,1,0.0,-0.0,0.9496351799919075,2.1616174789064986,0.9215134631880434,93.07285978199238
SJ01,松江镇,太湖片-苏沪嘉小片,ɒ,0,101,0,0,0,0.0,1,0.35999999999999993,-0.35999999999999993,-0.46693359802595813,1.5138513057933247,0.048591426345801395,4.907734060925941
SJ01,松江镇,太湖片-苏沪嘉小片,u,0,101,1,1,221,5.402677381872279,1,1.1700000000000002,-1.1700000000000002,2.856836767790167,0.05637741628868252,0.01657321305973966,1.6738945190337058
SJ01,松江镇,太湖片-苏沪嘉小片,ɤ,0,101,0,0,0,0.0,1,1.0628264204469138,-1.0628264204469138,-0.46693359802595813,0.24922024819407998,0.004347804728315558,0.4391282775598714
SJ01,松江镇,太湖片-苏沪嘉小片,ʌ,0,101,0,0,0,0.0,1,1.121650569473399,-1.121650569473399,-0.46693359802595813,0.14337498735650964,0.0035524813171805406,0.3588006130352346
SJ01,松江镇,太湖片-苏沪嘉小片,ɜ,0,101,0,0,0,0.0,0,1.425622670975739,-1.425622670975739,-0.46693359802595813,-0.4035773596527684,0.0012506823717078873,0.1263189195424966
SJ01,松江镇,太湖片-苏沪嘉小片,ɐ,0,101,0,0,0,0.0,0,1.4397569239284802,-1.4397569239284802,-0.46693359802595813,-0.42900983450002067,0.0011914211554750211,0.12033353670297713
SJ01,松江镇,太湖片-苏沪嘉小片,ə,0,101,0,0,0,0.0,0,1.4397569239284802,-1.4397569239284802,-0.46693359802595813,-0.42900983450002067,0.0011914211554750211,0.12033353670297713
SJ01,松江镇,太湖片-苏沪嘉小片,ɯ,1,101,0,0,0,0.0,1,1.5391231269784755,-1.5391231269784755,-0.46693359802595813,-0.6078044597402487,0.0008469489244844299,0.08554184137292742
SJ01,松江镇,太湖片-苏沪嘉小片,a,0,101,0,0,0,0.0,0,1.5481924944915604,-1.5481924944915604,-0.46693359802595813,-0.624123430536104,0.0008209750321600835,0.08291847824816843
SJ01,松江镇,太湖片-苏沪嘉小片,æ,0,101,0,0,0,0.0,0,2.1077238908357994,-2.1077238908357994,-0.46693359802595813,-1.6309165176099327,0.00012016272161704682,0.012136434883321728
SJ02,泗泾,太湖片-苏沪嘉小片,ɔ,69,70,0,0,0,0.0,1,0.0,-0.0,-0.46693359802595813,2.1616174789064986,0.6806799550746305,47.64759685522414
SJ02,泗泾,太湖片-苏沪嘉小片,ɒ,0,70,0,0,0,0.0,1,0.35999999999999993,-0.35999999999999993,-0.46693359802595813,1.5138513057933247,0.19769271360391252,13.838489952273877
SJ02,泗泾,太湖片-苏沪嘉小片,u,0,70,1,1,118,4.77912349311153,1,1.1700000000000002,-1.1700000000000002,2.4732214247925532,0.05637741628868252,0.06742760419501116,4.719932293650781
SJ02,泗泾,太湖片-苏沪嘉小片,ɤ,0,70,0,0,0,0.0,1,1.0628264204469138,-1.0628264204469138,-0.46693359802595813,0.24922024819407998,0.017688908920758466,1.2382236244530926
SJ02,泗泾,太湖片-苏沪嘉小片,ʌ,0,70,0,0,0,0.0,1,1.121650569473399,-1.121650569473399,-0.46693359802595813,0.14337498735650964,0.014453160247297528,1.011721217310827
SJ02,泗泾,太湖片-苏沪嘉小片,ɜ,0,70,0,0,0,0.0,0,1.425622670975739,-1.425622670975739,-0.46693359802595813,-0.4035773596527684,0.005088362505762778,0.35618537540339446
SJ02,泗泾,太湖片-苏沪嘉小片,ɐ,0,70,0,0,0,0.0,0,1.4397569239284802,-1.4397569239284802,-0.46693359802595813,-0.42900983450002067,0.004847260082360551,0.33930820576523857
SJ02,泗泾,太湖片-苏沪嘉小片,ə,0,70,0,0,0,0.0,0,1.4397569239284802,-1.4397569239284802,-0.46693359802595813,-0.42900983450002067,0.004847260082360551,0.33930820576523857
SJ02,泗泾,太湖片-苏沪嘉小片,ɯ,1,70,0,0,0,0.0,1,1.5391231269784755,-1.5391231269784755,-0.46693359802595813,-0.6078044597402487,0.003445785476097876,0.2412049833268513
SJ02,泗泾,太湖片-苏沪嘉小片,a,0,70,0,0,0,0.0,0,1.5481924944915604,-1.5481924944915604,-0.46693359802595813,-0.624123430536104,0.003340111499377915,0.23380780495645406
SJ02,泗泾,太湖片-苏沪嘉小片,æ,0,70,0,0,0,0.0,0,2.1077238908357994,-2.1077238908357994,-0.46693359802595813,-1.6309165176099327,0.0004888783124300715,0.03422148187010501
SL01,三林,太湖片-苏沪嘉小片,ɔ,70,70,1,1,4,1.6094379124341003,1,0.0,-0.0,0.5232054868874582,2.1616174789064986,0.9037992930443971,63.265950513107796
SL01,三林,太湖片-苏沪嘉小片,ɒ,0,70,0,0,0,0.0,1,0.35999999999999993,-0.35999999999999993,-0.46693359802595813,1.5138513057933247,0.047657357742143525,3.3360150419500467
SL01,三林,太湖片-苏沪嘉小片,ɤ,0,70,1,1,1,0.6931471805599453,1,1.0628264204469138,-1.0628264204469138,-0.04050390492150895,0.24922024819407998,0.023487137028378294,1.6440995919864807
SL01,三林,太湖片-苏沪嘉小片,u,0,70,1,1,154,5.043425116919247,1,1.1700000000000002,-1.1700000000000002,2.635821899104928,0.05637741628868252,0.01625462768069217,1.1378239376484518
SL01,三林,太湖片-苏沪嘉小片,ʌ,0,70,0,0,0,0.0,1,1.121650569473399,-1.121650569473399,-0.46693359802595813,0.14337498735650964,0.003484192289403396,0.24389346025823772
SL01,三林,太湖片-苏沪嘉小片,ɜ,0,70,0,0,0,0.0,0,1.425622670975739,-1.425622670975739,-0.46693359802595813,-0.4035773596527684,0.0012266406173406246,0.08586484321384372
SL01,三林,太湖片-苏沪嘉小片,ɐ,0,70,0,0,0,0.0,0,1.4397569239284802,-1.4397569239284802,-0.46693359802595813,-0.42900983450002067,0.0011685185741195521,0.08179630018836866
SL01,三林,太湖片-苏沪嘉小片,ə,0,70,0,0,0,0.0,0,1.4397569239284802,-1.4397569239284802,-0.46693359802595813,-0.42900983450002067,0.0011685185741195521,0.08179630018836866
SL01,三林,太湖片-苏沪嘉小片,ɯ,0,70,0,0,0,0.0,1,1.5391231269784755,-1.5391231269784755,-0.46693359802595813,-0.6078044597402487,0.00083066810173943,0.058146767121760104
SL01,三林,太湖片-苏沪嘉小片,a,0,70,0,0,0,0.0,0,1.5481924944915604,-1.5481924944915604,-0.46693359802595813,-0.624123430536104,0.0008051935032032985,0.0563635452242309
SL01,三林,太湖片-苏沪嘉小片,æ,0,70,0,0,0,0.0,0,2.1077238908357994,-2.1077238908357994,-0.46693359802595813,-1.6309165176099327,0.00011785284446312658,0.00824969911241886
SX01,绍兴城区东头埭,太湖片-临绍小片,ɒ,101,106,1,1,1,0.6931471805599453,1,0.35999999999999993,-0.35999999999999993,-0.04050390492150895,1.5138513057933247,0.57121765068935,60.5490709730711
SX01,绍兴城区东头埭,太湖片-临绍小片,ɔ,0,106,0,0,0,0.0,1,0.0,-0.0,-0.46693359802595813,2.1616174789064986,0.35707889254748365,37.850362610033265
SX01,绍兴城区东头埭,太湖片-临绍小片,u,0,106,1,1,148,5.003946305945459,1,1.1700000000000002,-1.1700000000000002,2.611534218624022,0.05637741628868252,0.035371945440122184,3.7494262166529513
SX01,绍兴城区东头埭,太湖片-临绍小片,a,4,106,1,0,52,3.970291913552122,0,1.5481924944915604,-1.5481924944915604,1.9756217635401243,-0.624123430536104,0.009650991222356183,1.0230050695697555
SX01,绍兴城区东头埭,太湖片-临绍小片,ɤ,1,106,0,0,0,0.0,1,1.0628264204469138,-1.0628264204469138,-0.46693359802595813,0.24922024819407998,0.00927945058570912,0.9836217620851667
SX01,绍兴城区东头埭,太湖片-临绍小片,ʌ,0,106,0,0,0,0.0,1,1.121650569473399,-1.121650569473399,-0.46693359802595813,0.14337498735650964,0.007582004459570823,0.8036924727145073
SX01,绍兴城区东头埭,太湖片-临绍小片,ɜ,0,106,0,0,0,0.0,0,1.425622670975739,-1.425622670975739,-0.46693359802595813,-0.4035773596527684,0.002669311524295878,0.2829470215753631
SX01,绍兴城区东头埭,太湖片-临绍小片,ɐ,0,106,0,0,0,0.0,0,1.4397569239284802,-1.4397569239284802,-0.46693359802595813,-0.42900983450002067,0.002542831251596291,0.26954011266920685
SX01,绍兴城区东头埭,太湖片-临绍小片,ə,0,106,0,0,0,0.0,0,1.4397569239284802,-1.4397569239284802,-0.46693359802595813,-0.42900983450002067,0.002542831251596291,0.26954011266920685
SX01,绍兴城区东头埭,太湖片-临绍小片,ɯ,0,106,0,0,0,0.0,1,1.5391231269784755,-1.5391231269784755,-0.46693359802595813,-0.6078044597402487,0.0018076296394335999,0.1916087417799616
SX01,绍兴城区东头埭,太湖片-临绍小片,æ,0,106,0,0,0,0.0,0,2.1077238908357994,-2.1077238908357994,-0.46693359802595813,-1.6309165176099327,0.0002564613884859777,0.027184907179513634
SY02,上虞百官镇,太湖片-临绍小片,ɔ,94,94,0,0,0,0.0,1,0.0,-0.0,-0.46693359802595813,2.1616174789064986,0.6661243450033554,62.61568843031541
SY02,上虞百官镇,太湖片-临绍小片,ɒ,0,94,0,0,0,0.0,1,0.35999999999999993,-0.35999999999999993,-0.46693359802595813,1.5138513057933247,0.19346526716348467,18.18573511336756
SY02,上虞百官镇,太湖片-临绍小片,u,0,94,1,1,114,4.74493212836325,1,1.1700000000000002,-1.1700000000000002,2.452186623547812,0.05637741628868252,0.06598573726858573,6.202659303247058
SY02,上虞百官镇,太湖片-临绍小片,ɐ,0,94,1,0,46,3.8501476017100584,0,1.4397569239284802,-1.4397569239284802,1.9017080213163313,-0.42900983450002067,0.026127533044143565,2.455988106149495
SY02,上虞百官镇,太湖片-临绍小片,ɤ,0,94,0,0,0,0.0,1,1.0628264204469138,-1.0628264204469138,-0.46693359802595813,0.24922024819407998,0.01731065059404069,1.6272011558398247
SY02,上虞百官镇,太湖片-临绍小片,ʌ,0,94,0,0,0,0.0,1,1.121650569473399,-1.121650569473399,-0.46693359802595813,0.14337498735650964,0.014144094932109491,1.3295449236182921
SY02,上虞百官镇,太湖片-临绍小片,ɜ,0,94,0,0,0,0.0,0,1.425622670975739,-1.425622670975739,-0.46693359802595813,-0.4035773596527684,0.0049795533363682426,0.4680780136186148
SY02,上虞百官镇,太湖片-临绍小片,ə,0,94,0,0,0,0.0,0,1.4397569239284802,-1.4397569239284802,-0.46693359802595813,-0.42900983450002067,0.004743606629446453,0.4458990231679666
SY02,上虞百官镇,太湖片-临绍小片,ɯ,0,94,0,0,0,0.0,1,1.5391231269784755,-1.5391231269784755,-0.46693359802595813,-0.6078044597402487,0.0033721010530361668,0.3169774989853997
SY02,上虞百官镇,太湖片-临绍小片,a,0,94,0,0,0,0.0,0,1.5481924944915604,-1.5481924944915604,-0.46693359802595813,-0.624123430536104,0.0032686868008583343,0.3072565592806834
SY02,上虞百官镇,太湖片-临绍小片,æ,0,94,0,0,0,0.0,0,2.1077238908357994,-2.1077238908357994,-0.46693359802595813,-1.6309165176099327,0.0004784241745713255,0.0449718724097046
SZ01,苏州城区,太湖片-苏沪嘉小片,ɔ,0,92,0,0,0,0.0,1,0.0,-0.0,-0.46693359802595813,2.1616174789064986,0.7204378416968769,66.28028143611267
SZ01,苏州城区,太湖片-苏沪嘉小片,ɒ,0,92,0,0,0,0.0,1,0.35999999999999993,-0.35999999999999993,-0.46693359802595813,1.5138513057933247,0.20923976216162535,19.250058118869532
SZ01,苏州城区,太湖片-苏沪嘉小片,ɤ,0,92,0,0,0,0.0,1,1.0628264204469138,-1.0628264204469138,-0.46693359802595813,0.24922024819407998,0.018722101730535932,1.7224333592093057
SZ01,苏州城区,太湖片-苏沪嘉小片,ʌ,0,92,0,0,0,0.0,1,1.121650569473399,-1.121650569473399,-0.46693359802595813,0.14337498735650964,0.015297355969767728,1.407356749218631
SZ01,苏州城区,太湖片-苏沪嘉小片,u,0,92,0,0,0,0.0,1,1.1700000000000002,-1.1700000000000002,-0.46693359802595813,0.05637741628868252,0.012956913082348394,1.1920360035760522
SZ01,苏州城区,太湖片-苏沪嘉小片,ɜ,0,92,0,0,0,0.0,0,1.425622670975739,-1.425622670975739,-0.46693359802595813,-0.4035773596527684,0.005385569053551929,0.4954723529267775
SZ01,苏州城区,太湖片-苏沪嘉小片,ɐ,0,92,0,0,0,0.0,0,1.4397569239284802,-1.4397569239284802,-0.46693359802595813,-0.42900983450002067,0.005130384060591848,0.47199533357445006
SZ01,苏州城区,太湖片-苏沪嘉小片,ə,0,92,0,0,0,0.0,0,1.4397569239284802,-1.4397569239284802,-0.46693359802595813,-0.42900983450002067,0.005130384060591848,0.47199533357445006
SZ01,苏州城区,太湖片-苏沪嘉小片,ɯ,0,92,0,0,0,0.0,1,1.5391231269784755,-1.5391231269784755,-0.46693359802595813,-0.6078044597402487,0.003647050618786354,0.33552865692834455
SZ01,苏州城区,太湖片-苏沪嘉小片,a,0,92,0,0,0,0.0,0,1.5481924944915604,-1.5481924944915604,-0.46693359802595813,-0.624123430536104,0.003535204322822919,0.32523879769970854
SZ01,苏州城区,太湖片-苏沪嘉小片,æ,92,92,0,0,0,0.0,0,2.1077238908357994,-2.1077238908357994,-0.46693359802595813,-1.6309165176099327,0.0005174332425007518,0.047603858310069164
SZ02,嵊州长乐,太湖片-临绍小片,ɔ,0,84,1,1,65,4.189654742026425,1,0.0,-0.0,2.1105755312944043,2.1616174789064986,0.9181155983505621,77.12171026144722
SZ02,嵊州长乐,太湖片-临绍小片,ɒ,84,84,0,0,0,0.0,1,0.35999999999999993,-0.35999999999999993,-0.46693359802595813,1.5138513057933247,0.04841225685389591,4.066629575727257
SZ02,嵊州长乐,太湖片-临绍小片,u,0,84,1,1,109,4.700480365792417,1,1.1700000000000002,-1.1700000000000002,2.424839543443238,0.05637741628868252,0.01651210322233701,1.3870166706763087
SZ02,嵊州长乐,太湖片-临绍小片,a,0,84,1,0,51,3.9512437185814275,0,1.5481924944915604,-1.5481924944915604,1.963903161541361,-0.624123430536104,0.004505213419238588,0.3784379272160414
SZ02,嵊州长乐,太湖片-临绍小片,ɤ,0,84,0,0,0,0.0,1,1.0628264204469138,-1.0628264204469138,-0.46693359802595813,0.24922024819407998,0.004331773217766087,0.36386895029235133
SZ02,嵊州长乐,太湖片-临绍小片,ʌ,0,84,0,0,0,0.0,1,1.121650569473399,-1.121650569473399,-0.46693359802595813,0.14337498735650964,0.003539382375238122,0.29730811952000225
SZ02,嵊州长乐,太湖片-临绍小片,ɜ,0,84,0,0,0,0.0,0,1.425622670975739,-1.425622670975739,-0.46693359802595813,-0.4035773596527684,0.0012460707736971735,0.10466994499056258
SZ02,嵊州长乐,太湖片-临绍小片,ɐ,0,84,0,0,0,0.0,0,1.4397569239284802,-1.4397569239284802,-0.46693359802595813,-0.42900983450002067,0.0011870280693047827,0.09971035782160174
SZ02,嵊州长乐,太湖片-临绍小片,ə,0,84,0,0,0,0.0,0,1.4397569239284802,-1.4397569239284802,-0.46693359802595813,-0.42900983450002067,0.0011870280693047827,0.09971035782160174
SZ02,嵊州长乐,太湖片-临绍小片,ɯ,0,84,0,0,0,0.0,1,1.5391231269784755,-1.5391231269784755,-0.46693359802595813,-0.6078044597402487,0.0008438259989010182,0.07088138390768553
SZ02,嵊州长乐,太湖片-临绍小片,æ,0,84,0,0,0,0.0,0,2.1077238908357994,-2.1077238908357994,-0.46693359802595813,-1.6309165176099327,0.00011971964975443279,0.010056450579372354
TC01,太仓沙溪,太湖片-苏沪嘉小片,ɔ,97,97,1,1,2,1.0986122886681098,1,0.0,-0.0,0.2089414747386249,2.1616174789064986,0.9181155983505621,89.05721304000453
TC01,太仓沙溪,太湖片-苏沪嘉小片,ɒ,0,97,0,0,0,0.0,1,0.35999999999999993,-0.35999999999999993,-0.46693359802595813,1.5138513057933247,0.04841225685389591,4.695988914827904
TC01,太仓沙溪,太湖片-苏沪嘉小片,u,0,97,1,1,73,4.30406509320417,1,1.1700000000000002,-1.1700000000000002,2.180961695025584,0.05637741628868252,0.01651210322233701,1.60167401256669
TC01,太仓沙溪,太湖片-苏沪嘉小片,a,0,97,1,0,61,4.127134385045092,0,1.5481924944915604,-1.5481924944915604,2.0721125072959605,-0.624123430536104,0.004505213419238588,0.43700570166614305
TC01,太仓沙溪,太湖片-苏沪嘉小片,ɤ,0,97,0,0,0,0.0,1,1.0628264204469138,-1.0628264204469138,-0.46693359802595813,0.24922024819407998,0.004331773217766087,0.4201820021233104
TC01,太仓沙溪,太湖片-苏沪嘉小片,ʌ,0,97,0,0,0,0.0,1,1.121650569473399,-1.121650569473399,-0.46693359802595813,0.14337498735650964,0.003539382375238122,0.34332009039809785
TC01,太仓沙溪,太湖片-苏沪嘉小片,ɜ,0,97,0,0,0,0.0,0,1.425622670975739,-1.425622670975739,-0.46693359802595813,-0.4035773596527684,0.0012460707736971735,0.12086886504862583
TC01,太仓沙溪,太湖片-苏沪嘉小片,ɐ,0,97,0,0,0,0.0,0,1.4397569239284802,-1.4397569239284802,-0.46693359802595813,-0.42900983450002067,0.0011870280693047827,0.11514172272256393
TC01,太仓沙溪,太湖片-苏沪嘉小片,ə,0,97,0,0,0,0.0,0,1.4397569239284802,-1.4397569239284802,-0.46693359802595813,-0.42900983450002067,0.0011870280693047827,0.11514172272256393
TC01,太仓沙溪,太湖片-苏沪嘉小片,ɯ,0,97,0,0,0,0.0,1,1.5391231269784755,-1.5391231269784755,-0.46693359802595813,-0.6078044597402487,0.0008438259989010182,0.08185112189339877
TC01,太仓沙溪,太湖片-苏沪嘉小片,æ,0,97,0,0,0,0.0,0,2.1077238908357994,-2.1077238908357994,-0.46693359802595813,-1.6309165176099327,0.00011971964975443279,0.01161280602617998
TC02,太仓城厢,太湖片-苏沪嘉小片,ɔ,103,103,0,0,0,0.0,1,0.0,-0.0,-0.46693359802595813,2.1616174789064986,0.6705829573049267,69.07004460240745
TC02,太仓城厢,太湖片-苏沪嘉小片,ɒ,0,103,0,0,0,0.0,1,0.35999999999999993,-0.35999999999999993,-0.46693359802595813,1.5138513057933247,0.19476020049923828,20.060300651421542
TC02,太仓城厢,太湖片-苏沪嘉小片,u,0,103,1,1,79,4.382026634673881,1,1.1700000000000002,-1.1700000000000002,2.2289242593052547,0.05637741628868252,0.06642740378643756,6.842022590003069
TC02,太仓城厢,太湖片-苏沪嘉小片,a,0,103,1,0,55,4.02535169073515,0,1.5481924944915604,-1.5481924944915604,2.0094949791356784,-0.624123430536104,0.018124258727924933,1.866798648976268
TC02,太仓城厢,太湖片-苏沪嘉小片,ɤ,0,103,0,0,0,0.0,1,1.0628264204469138,-1.0628264204469138,-0.46693359802595813,0.24922024819407998,0.017426517068919945,1.7949312580987544
TC02,太仓城厢,太湖片-苏沪嘉小片,ʌ,0,103,0,0,0,0.0,1,1.121650569473399,-1.121650569473399,-0.46693359802595813,0.14337498735650964,0.014238766499260484,1.46659294942383
TC02,太仓城厢,太湖片-苏沪嘉小片,ɜ,0,103,0,0,0,0.0,0,1.425622670975739,-1.425622670975739,-0.46693359802595813,-0.4035773596527684,0.005012883296350039,0.516326979524054
TC02,太仓城厢,太湖片-苏沪嘉小片,ɐ,0,103,0,0,0,0.0,0,1.4397569239284802,-1.4397569239284802,-0.46693359802595813,-0.42900983450002067,0.00477535731237902,0.4918618031750391
TC02,太仓城厢,太湖片-苏沪嘉小片,ə,0,103,0,0,0,0.0,0,1.4397569239284802,-1.4397569239284802,-0.46693359802595813,-0.42900983450002067,0.00477535731237902,0.4918618031750391
TC02,太仓城厢,太湖片-苏沪嘉小片,ɯ,0,103,0,0,0,0.0,1,1.5391231269784755,-1.5391231269784755,-0.46693359802595813,-0.6078044597402487,0.003394671750759477,0.3496511903282261
TC02,太仓城厢,太湖片-苏沪嘉小片,æ,0,103,0,0,0,0.0,0,2.1077238908357994,-2.1077238908357994,-0.46693359802595813,-1.6309165176099327,0.0004816264414245241,0.04960752346672598
TL01,桐庐镇,太湖片-临绍小片,ɔ,82,82,1,1,1,0.6931471805599453,1,0.0,-0.0,-0.04050390492150895,2.1616174789064986,0.9181155983505621,75.2854790647461
TL01,桐庐镇,太湖片-临绍小片,ɒ,0,82,0,0,0,0.0,1,0.35999999999999993,-0.35999999999999993,-0.46693359802595813,1.5138513057933247,0.04841225685389591,3.9698050620194647
TL01,桐庐镇,太湖片-临绍小片,u,0,82,1,1,194,5.272999558563747,1,1.1700000000000002,-1.1700000000000002,2.7770579330104614,0.05637741628868252,0.01651210322233701,1.3539924642316348
TL01,桐庐镇,太湖片-临绍小片,a,0,82,1,0,47,3.871201010907891,0,1.5481924944915604,-1.5481924944915604,1.9146602471564218,-0.624123430536104,0.004505213419238588,0.3694275003775642
TL01,桐庐镇,太湖片-临绍小片,ɤ,0,82,0,0,0,0.0,1,1.0628264204469138,-1.0628264204469138,-0.46693359802595813,0.24922024819407998,0.004331773217766087,0.35520540385681915
TL01,桐庐镇,太湖片-临绍小片,ʌ,0,82,0,0,0,0.0,1,1.121650569473399,-1.121650569473399,-0.46693359802595813,0.14337498735650964,0.003539382375238122,0.290229354769526
TL01,桐庐镇,太湖片-临绍小片,ɜ,0,82,0,0,0,0.0,0,1.425622670975739,-1.425622670975739,-0.46693359802595813,-0.4035773596527684,0.0012460707736971735,0.10217780344316824
TL01,桐庐镇,太湖片-临绍小片,ɐ,0,82,0,0,0,0.0,0,1.4397569239284802,-1.4397569239284802,-0.46693359802595813,-0.42900983450002067,0.0011870280693047827,0.09733630168299219
TL01,桐庐镇,太湖片-临绍小片,ə,0,82,0,0,0,0.0,0,1.4397569239284802,-1.4397569239284802,-0.46693359802595813,-0.42900983450002067,0.0011870280693047827,0.09733630168299219
TL01,桐庐镇,太湖片-临绍小片,ɯ,0,82,0,0,0,0.0,1,1.5391231269784755,-1.5391231269784755,-0.46693359802595813,-0.6078044597402487,0.0008438259989010182,0.0691937319098835
TL01,桐庐镇,太湖片-临绍小片,æ,0,82,0,0,0,0.0,0,2.1077238908357994,-2.1077238908357994,-0.46693359802595813,-1.6309165176099327,0.00011971964975443279,0.009817011279863489
TX01,桐乡城区,太湖片-苏沪嘉小片,ɔ,90,90,0,0,0,0.0,1,0.0,-0.0,-0.46693359802595813,2.1616174789064986,0.6705829573049267,60.3524661574434
TX01,桐乡城区,太湖片-苏沪嘉小片,ɒ,0,90,0,0,0,0.0,1,0.35999999999999993,-0.35999999999999993,-0.46693359802595813,1.5138513057933247,0.19476020049923828,17.528418044931446
TX01,桐乡城区,太湖片-苏沪嘉小片,u,0,90,1,1,134,4.90527477843843,1,1.1700000000000002,-1.1700000000000002,2.550830705181207,0.05637741628868252,0.06642740378643756,5.978466340779381
TX01,桐乡城区,太湖片-苏沪嘉小片,a,0,90,1,0,69,4.248495242049359,0,1.5481924944915604,-1.5481924944915604,2.1467746778401966,-0.624123430536104,0.018124258727924933,1.631183285513244
TX01,桐乡城区,太湖片-苏沪嘉小片,ɤ,0,90,0,0,0,0.0,1,1.0628264204469138,-1.0628264204469138,-0.46693359802595813,0.24922024819407998,0.017426517068919945,1.5683865362027951
TX01,桐乡城区,太湖片-苏沪嘉小片,ʌ,0,90,0,0,0,0.0,1,1.121650569473399,-1.121650569473399,-0.46693359802595813,0.14337498735650964,0.014238766499260484,1.2814889849334434
TX01,桐乡城区,太湖片-苏沪嘉小片,ɜ,0,90,0,0,0,0.0,0,1.425622670975739,-1.425622670975739,-0.46693359802595813,-0.4035773596527684,0.005012883296350039,0.4511594966715035
TX01,桐乡城区,太湖片-苏沪嘉小片,ɐ,0,90,0,0,0,0.0,0,1.4397569239284802,-1.4397569239284802,-0.46693359802595813,-0.42900983450002067,0.00477535731237902,0.4297821581141118
TX01,桐乡城区,太湖片-苏沪嘉小片,ə,0,90,0,0,0,0.0,0,1.4397569239284802,-1.4397569239284802,-0.46693359802595813,-0.42900983450002067,0.00477535731237902,0.4297821581141118
TX01,桐乡城区,太湖片-苏沪嘉小片,ɯ,0,90,0,0,0,0.0,1,1.5391231269784755,-1.5391231269784755,-0.46693359802595813,-0.6078044597402487,0.003394671750759477,0.30552045756835294
TX01,桐乡城区,太湖片-苏沪嘉小片,æ,0,90,0,0,0,0.0,0,2.1077238908357994,-2.1077238908357994,-0.46693359802595813,-1.6309165176099327,0.0004816264414245241,0.043346379728207166
WJ01,吴江市松陵,太湖片-苏沪嘉小片,ɔ,0,85,1,1,50,3.9318256327243257,1,0.0,-0.0,1.951956999708847,2.1616174789064986,0.9181155983505621,78.03982585979777
WJ01,吴江市松陵,太湖片-苏沪嘉小片,ɒ,0,85,0,0,0,0.0,1,0.35999999999999993,-0.35999999999999993,-0.46693359802595813,1.5138513057933247,0.04841225685389591,4.115041832581152
WJ01,吴江市松陵,太湖片-苏沪嘉小片,u,0,85,1,1,44,3.8066624897703196,1,1.1700000000000002,-1.1700000000000002,1.8749556324166239,0.05637741628868252,0.01651210322233701,1.403528773898646
WJ01,吴江市松陵,太湖片-苏沪嘉小片,a,0,85,1,0,1,0.6931471805599453,0,1.5481924944915604,-1.5481924944915604,-0.04050390492150895,-0.624123430536104,0.004505213419238588,0.38294314063528
WJ01,吴江市松陵,太湖片-苏沪嘉小片,ɤ,0,85,0,0,0,0.0,1,1.0628264204469138,-1.0628264204469138,-0.46693359802595813,0.24922024819407998,0.004331773217766087,0.3682007235101174
WJ01,吴江市松陵,太湖片-苏沪嘉小片,ʌ,85,85,0,0,0,0.0,1,1.121650569473399,-1.121650569473399,-0.46693359802595813,0.14337498735650964,0.003539382375238122,0.3008475018952404
WJ01,吴江市松陵,太湖片-苏沪嘉小片,ɜ,0,85,0,0,0,0.0,0,1.425622670975739,-1.425622670975739,-0.46693359802595813,-0.4035773596527684,0.0012460707736971735,0.10591601576425975
WJ01,吴江市松陵,太湖片-苏沪嘉小片,ɐ,0,85,0,0,0,0.0,0,1.4397569239284802,-1.4397569239284802,-0.46693359802595813,-0.42900983450002067,0.0011870280693047827,0.10089738589090654
WJ01,吴江市松陵,太湖片-苏沪嘉小片,ə,0,85,0,0,0,0.0,0,1.4397569239284802,-1.4397569239284802,-0.46693359802595813,-0.42900983450002067,0.0011870280693047827,0.10089738589090654
WJ01,吴江市松陵,太湖片-苏沪嘉小片,ɯ,0,85,0,0,0,0.0,1,1.5391231269784755,-1.5391231269784755,-0.46693359802595813,-0.6078044597402487,0.0008438259989010182,0.07172520990658654
WJ01,吴江市松陵,太湖片-苏沪嘉小片,æ,0,85,0,0,0,0.0,0,2.1077238908357994,-2.1077238908357994,-0.46693359802595813,-1.6309165176099327,0.00011971964975443279,0.010176170229126787
WX01,无锡城区,太湖片-苏沪嘉小片,ɔ,0,98,0,0,0,0.0,1,0.0,-0.0,-0.46693359802595813,2.1616174789064986,0.6301360361220351,61.75333153995943
WX01,无锡城区,太湖片-苏沪嘉小片,ɒ,0,98,0,0,0,0.0,1,0.35999999999999993,-0.35999999999999993,-0.46693359802595813,1.5138513057933247,0.18301303276503827,17.93527721097375
WX01,无锡城区,太湖片-苏沪嘉小片,ʌ,98,98,1,1,2,1.0986122886681098,1,1.121650569473399,-1.121650569473399,0.2089414747386249,0.14337498735650964,0.07369599916857268,7.222207918520123
WX01,无锡城区,太湖片-苏沪嘉小片,u,0,98,1,1,81,4.406719247264253,1,1.1700000000000002,-1.1700000000000002,2.2441153521989072,0.05637741628868252,0.06242076458383638,6.117234929215965
WX01,无锡城区,太湖片-苏沪嘉小片,a,0,98,1,0,67,4.219507705176107,0,1.5481924944915604,-1.5481924944915604,2.1289413131531623,-0.624123430536104,0.017031074870087377,1.669045337268563
WX01,无锡城区,太湖片-苏沪嘉小片,ɤ,0,98,0,0,0,0.0,1,1.0628264204469138,-1.0628264204469138,-0.46693359802595813,0.24922024819407998,0.016375418238117997,1.6047909873355637
WX01,无锡城区,太湖片-苏沪嘉小片,ɜ,0,98,0,0,0,0.0,0,1.425622670975739,-1.425622670975739,-0.46693359802595813,-0.4035773596527684,0.004710525931943733,0.46163154133048584
WX01,无锡城区,太湖片-苏沪嘉小片,ɐ,0,98,0,0,0,0.0,0,1.4397569239284802,-1.4397569239284802,-0.46693359802595813,-0.42900983450002067,0.004487326579223792,0.4397580047639316
WX01,无锡城区,太湖片-苏沪嘉小片,ə,0,98,0,0,0,0.0,0,1.4397569239284802,-1.4397569239284802,-0.46693359802595813,-0.42900983450002067,0.004487326579223792,0.4397580047639316
WX01,无锡城区,太湖片-苏沪嘉小片,ɯ,0,98,0,0,0,0.0,1,1.5391231269784755,-1.5391231269784755,-0.46693359802595813,-0.6078044597402487,0.0031899185293287054,0.3126120158742131
WX01,无锡城区,太湖片-苏沪嘉小片,æ,0,98,0,0,0,0.0,0,2.1077238908357994,-2.1077238908357994,-0.46693359802595813,-1.6309165176099327,0.00045257663259224226,0.044352509994039745
WX02,吴县光福镇,太湖片-苏沪嘉小片,ɔ,0,96,0,0,0,0.0,1,0.0,-0.0,-0.46693359802595813,2.1616174789064986,0.6691301777388,64.2364970629248
WX02,吴县光福镇,太湖片-苏沪嘉小片,ɒ,0,96,0,0,0,0.0,1,0.35999999999999993,-0.35999999999999993,-0.46693359802595813,1.5138513057933247,0.1943382636806869,18.65647331334594
WX02,吴县光福镇,太湖片-苏沪嘉小片,u,0,96,1,1,27,3.332204510175204,1,1.1700000000000002,-1.1700000000000002,1.5830652860312293,0.05637741628868252,0.06628349262108432,6.363215291624095
WX02,吴县光福镇,太湖片-苏沪嘉小片,a,0,96,1,0,51,3.9512437185814275,0,1.5481924944915604,-1.5481924944915604,1.963903161541361,-0.624123430536104,0.018084993559545254,1.7361593817163445
WX02,吴县光福镇,太湖片-苏沪嘉小片,ɤ,0,96,0,0,0,0.0,1,1.0628264204469138,-1.0628264204469138,-0.46693359802595813,0.24922024819407998,0.017388763517877978,1.669321297716286
WX02,吴县光福镇,太湖片-苏沪嘉小片,ʌ,0,96,0,0,0,0.0,1,1.121650569473399,-1.121650569473399,-0.46693359802595813,0.14337498735650964,0.014207919027233892,1.3639602266144535
WX02,吴县光福镇,太湖片-苏沪嘉小片,ɜ,0,96,0,0,0,0.0,0,1.425622670975739,-1.425622670975739,-0.46693359802595813,-0.4035773596527684,0.005002023171825575,0.4801942244952552
WX02,吴县光福镇,太湖片-苏沪嘉小片,ɐ,0,96,0,0,0,0.0,0,1.4397569239284802,-1.4397569239284802,-0.46693359802595813,-0.42900983450002067,0.004765011774293383,0.4574411303321648
WX02,吴县光福镇,太湖片-苏沪嘉小片,ə,0,96,0,0,0,0.0,0,1.4397569239284802,-1.4397569239284802,-0.46693359802595813,-0.42900983450002067,0.004765011774293383,0.4574411303321648
WX02,吴县光福镇,太湖片-苏沪嘉小片,ɯ,0,96,0,0,0,0.0,1,1.5391231269784755,-1.5391231269784755,-0.46693359802595813,-0.6078044597402487,0.003387317388857661,0.32518246933033546
WX02,吴县光福镇,太湖片-苏沪嘉小片,æ,96,96,1,0,1,0.6931471805599453,0,2.1077238908357994,-2.1077238908357994,-0.04050390492150895,-1.6309165176099327,0.0026470257455015723,0.2541144715681509
XC01,新昌城关,太湖片-临绍小片,ɔ,83,84,0,0,0,0.0,1,0.0,-0.0,-0.46693359802595813,2.1616174789064986,0.6705829573049267,56.32896841361384
XC01,新昌城关,太湖片-临绍小片,ɒ,0,84,0,0,0,0.0,1,0.35999999999999993,-0.35999999999999993,-0.46693359802595813,1.5138513057933247,0.19476020049923828,16.359856841936015
XC01,新昌城关,太湖片-临绍小片,u,0,84,1,1,96,4.574710978503383,1,1.1700000000000002,-1.1700000000000002,2.3474652097840116,0.05637741628868252,0.06642740378643756,5.579901918060755
XC01,新昌城关,太湖片-临绍小片,a,0,84,1,0,46,3.8501476017100584,0,1.5481924944915604,-1.5481924944915604,1.9017080213163313,-0.624123430536104,0.018124258727924933,1.5224377331456944
XC01,新昌城关,太湖片-临绍小片,ɤ,0,84,0,0,0,0.0,1,1.0628264204469138,-1.0628264204469138,-0.46693359802595813,0.24922024819407998,0.017426517068919945,1.4638274337892754
XC01,新昌城关,太湖片-临绍小片,ʌ,0,84,0,0,0,0.0,1,1.121650569473399,-1.121650569473399,-0.46693359802595813,0.14337498735650964,0.014238766499260484,1.1960563859378806
XC01,新昌城关,太湖片-临绍小片,ɜ,0,84,0,0,0,0.0,0,1.425622670975739,-1.425622670975739,-0.46693359802595813,-0.4035773596527684,0.005012883296350039,0.4210821968934033
XC01,新昌城关,太湖片-临绍小片,ɐ,0,84,0,0,0,0.0,0,1.4397569239284802,-1.4397569239284802,-0.46693359802595813,-0.42900983450002067,0.00477535731237902,0.4011300142398377
XC01,新昌城关,太湖片-临绍小片,ə,0,84,0,0,0,0.0,0,1.4397569239284802,-1.4397569239284802,-0.46693359802595813,-0.42900983450002067,0.00477535731237902,0.4011300142398377
XC01,新昌城关,太湖片-临绍小片,ɯ,1,84,0,0,0,0.0,1,1.5391231269784755,-1.5391231269784755,-0.46693359802595813,-0.6078044597402487,0.003394671750759477,0.28515242706379607
XC01,新昌城关,太湖片-临绍小片,æ,0,84,0,0,0,0.0,0,2.1077238908357994,-2.1077238908357994,-0.46693359802595813,-1.6309165176099327,0.0004816264414245241,0.04045662107966002
XD01,新登下港,太湖片-临绍小片,ɔ,94,95,1,1,3,1.3862943611198906,1,0.0,-0.0,0.3859257881829402,2.1616174789064986,0.9181155983505621,87.2209818433034
XD01,新登下港,太湖片-临绍小片,ɒ,0,95,0,0,0,0.0,1,0.35999999999999993,-0.35999999999999993,-0.46693359802595813,1.5138513057933247,0.04841225685389591,4.599164401120111
XD01,新登下港,太湖片-临绍小片,u,1,95,1,1,214,5.3706380281276624,1,1.1700000000000002,-1.1700000000000002,2.8371259009385628,0.05637741628868252,0.01651210322233701,1.568649806122016
XD01,新登下港,太湖片-临绍小片,a,0,95,1,0,40,3.713572066704308,0,1.5481924944915604,-1.5481924944915604,1.817685659094458,-0.624123430536104,0.004505213419238588,0.4279952748276659
XD01,新登下港,太湖片-临绍小片,ɤ,0,95,0,0,0,0.0,1,1.0628264204469138,-1.0628264204469138,-0.46693359802595813,0.24922024819407998,0.004331773217766087,0.4115184556877783
XD01,新登下港,太湖片-临绍小片,ʌ,0,95,0,0,0,0.0,1,1.121650569473399,-1.121650569473399,-0.46693359802595813,0.14337498735650964,0.003539382375238122,0.3362413256476216
XD01,新登下港,太湖片-临绍小片,ɜ,0,95,0,0,0,0.0,0,1.425622670975739,-1.425622670975739,-0.46693359802595813,-0.4035773596527684,0.0012460707736971735,0.11837672350123149
XD01,新登下港,太湖片-临绍小片,ɐ,0,95,0,0,0,0.0,0,1.4397569239284802,-1.4397569239284802,-0.46693359802595813,-0.42900983450002067,0.0011870280693047827,0.11276766658395436
XD01,新登下港,太湖片-临绍小片,ə,0,95,0,0,0,0.0,0,1.4397569239284802,-1.4397569239284802,-0.46693359802595813,-0.42900983450002067,0.0011870280693047827,0.11276766658395436
XD01,新登下港,太湖片-临绍小片,ɯ,0,95,0,0,0,0.0,1,1.5391231269784755,-1.5391231269784755,-0.46693359802595813,-0.6078044597402487,0.0008438259989010182,0.08016346989559672
XD01,新登下港,太湖片-临绍小片,æ,0,95,0,0,0,0.0,0,2.1077238908357994,-2.1077238908357994,-0.46693359802595813,-1.6309165176099327,0.00011971964975443279,0.011373366726671115
XH02,萧山城厢,太湖片-临绍小片,ɔ,0,91,0,0,0,0.0,1,0.0,-0.0,-0.46693359802595813,2.1616174789064986,0.6705829573049267,61.023049114748325
XH02,萧山城厢,太湖片-临绍小片,ɒ,91,91,0,0,0,0.0,1,0.35999999999999993,-0.35999999999999993,-0.46693359802595813,1.5138513057933247,0.19476020049923828,17.723178245430685
XH02,萧山城厢,太湖片-临绍小片,u,0,91,1,1,115,4.7535901911063645,1,1.1700000000000002,-1.1700000000000002,2.457513133042437,0.05637741628868252,0.06642740378643756,6.044893744565818
XH02,萧山城厢,太湖片-临绍小片,a,0,91,1,0,49,3.912023005428146,0,1.5481924944915604,-1.5481924944915604,1.9397742649053238,-0.624123430536104,0.018124258727924933,1.6493075442411689
XH02,萧山城厢,太湖片-临绍小片,ɤ,0,91,0,0,0,0.0,1,1.0628264204469138,-1.0628264204469138,-0.46693359802595813,0.24922024819407998,0.017426517068919945,1.585813053271715
XH02,萧山城厢,太湖片-临绍小片,ʌ,0,91,0,0,0,0.0,1,1.121650569473399,-1.121650569473399,-0.46693359802595813,0.14337498735650964,0.014238766499260484,1.295727751432704
XH02,萧山城厢,太湖片-临绍小片,ɜ,0,91,0,0,0,0.0,0,1.425622670975739,-1.425622670975739,-0.46693359802595813,-0.4035773596527684,0.005012883296350039,0.4561723799678536
XH02,萧山城厢,太湖片-临绍小片,ɐ,0,91,0,0,0,0.0,0,1.4397569239284802,-1.4397569239284802,-0.46693359802595813,-0.42900983450002067,0.00477535731237902,0.43455751542649085
XH02,萧山城厢,太湖片-临绍小片,ə,0,91,0,0,0,0.0,0,1.4397569239284802,-1.4397569239284802,-0.46693359802595813,-0.42900983450002067,0.00477535731237902,0.43455751542649085
XH02,萧山城厢,太湖片-临绍小片,ɯ,0,91,0,0,0,0.0,1,1.5391231269784755,-1.5391231269784755,-0.46693359802595813,-0.6078044597402487,0.003394671750759477,0.3089151293191124
XH02,萧山城厢,太湖片-临绍小片,æ,0,91,0,0,0,0.0,0,2.1077238908357994,-2.1077238908357994,-0.46693359802595813,-1.6309165176099327,0.0004816264414245241,0.04382800616963169
XS01,象山丹城,太湖片-甬江小片,ɔ,91,91,0,0,0,0.0,1,0.0,-0.0,-0.46693359802595813,2.1616174789064986,0.6705829573049267,61.023049114748325
XS01,象山丹城,太湖片-甬江小片,ɒ,0,91,0,0,0,0.0,1,0.35999999999999993,-0.35999999999999993,-0.46693359802595813,1.5138513057933247,0.19476020049923828,17.723178245430685
XS01,象山丹城,太湖片-甬江小片,u,0,91,1,1,127,4.852030263919617,1,1.1700000000000002,-1.1700000000000002,2.518074253705186,0.05637741628868252,0.06642740378643756,6.044893744565818
XS01,象山丹城,太湖片-甬江小片,a,0,91,1,0,50,3.9318256327243257,0,1.5481924944915604,-1.5481924944915604,1.951956999708847,-0.624123430536104,0.018124258727924933,1.6493075442411689
XS01,象山丹城,太湖片-甬江小片,ɤ,0,91,0,0,0,0.0,1,1.0628264204469138,-1.0628264204469138,-0.46693359802595813,0.24922024819407998,0.017426517068919945,1.585813053271715
XS01,象山丹城,太湖片-甬江小片,ʌ,0,91,0,0,0,0.0,1,1.121650569473399,-1.121650569473399,-0.46693359802595813,0.14337498735650964,0.014238766499260484,1.295727751432704
XS01,象山丹城,太湖片-甬江小片,ɜ,0,91,0,0,0,0.0,0,1.425622670975739,-1.425622670975739,-0.46693359802595813,-0.4035773596527684,0.005012883296350039,0.4561723799678536
XS01,象山丹城,太湖片-甬江小片,ɐ,0,91,0,0,0,0.0,0,1.4397569239284802,-1.4397569239284802,-0.46693359802595813,-0.42900983450002067,0.00477535731237902,0.43455751542649085
XS01,象山丹城,太湖片-甬江小片,ə,0,91,0,0,0,0.0,0,1.4397569239284802,-1.4397569239284802,-0.46693359802595813,-0.42900983450002067,0.00477535731237902,0.43455751542649085
XS01,象山丹城,太湖片-甬江小片,ɯ,0,91,0,0,0,0.0,1,1.5391231269784755,-1.5391231269784755,-0.46693359802595813,-0.6078044597402487,0.003394671750759477,0.3089151293191124
XS01,象山丹城,太湖片-甬江小片,æ,0,91,0,0,0,0.0,0,2.1077238908357994,-2.1077238908357994,-0.46693359802595813,-1.6309165176099327,0.0004816264414245241,0.04382800616963169
XS03,萧山南阳镇,太湖片-临绍小片,ɔ,81,81,0,0,0,0.0,1,0.0,-0.0,-0.46693359802595813,2.1616174789064986,0.6705829573049267,54.31721954169906
XS03,萧山南阳镇,太湖片-临绍小片,ɒ,0,81,0,0,0,0.0,1,0.35999999999999993,-0.35999999999999993,-0.46693359802595813,1.5138513057933247,0.19476020049923828,15.775576240438301
XS03,萧山南阳镇,太湖片-临绍小片,u,0,81,1,1,112,4.727387818712341,1,1.1700000000000002,-1.1700000000000002,2.4413932238341713,0.05637741628868252,0.06642740378643756,5.3806197067014425
XS03,萧山南阳镇,太湖片-临绍小片,a,0,81,1,0,34,3.5553480614894135,0,1.5481924944915604,-1.5481924944915604,1.7203449847357473,-0.624123430536104,0.018124258727924933,1.4680649569619195
XS03,萧山南阳镇,太湖片-临绍小片,ɤ,0,81,0,0,0,0.0,1,1.0628264204469138,-1.0628264204469138,-0.46693359802595813,0.24922024819407998,0.017426517068919945,1.4115478825825156
XS03,萧山南阳镇,太湖片-临绍小片,ʌ,0,81,0,0,0,0.0,1,1.121650569473399,-1.121650569473399,-0.46693359802595813,0.14337498735650964,0.014238766499260484,1.153340086440099
XS03,萧山南阳镇,太湖片-临绍小片,ɜ,0,81,0,0,0,0.0,0,1.425622670975739,-1.425622670975739,-0.46693359802595813,-0.4035773596527684,0.005012883296350039,0.4060435470043532
XS03,萧山南阳镇,太湖片-临绍小片,ɐ,0,81,0,0,0,0.0,0,1.4397569239284802,-1.4397569239284802,-0.46693359802595813,-0.42900983450002067,0.00477535731237902,0.38680394230270065
XS03,萧山南阳镇,太湖片-临绍小片,ə,0,81,0,0,0,0.0,0,1.4397569239284802,-1.4397569239284802,-0.46693359802595813,-0.42900983450002067,0.00477535731237902,0.38680394230270065
XS03,萧山南阳镇,太湖片-临绍小片,ɯ,0,81,0,0,0,0.0,1,1.5391231269784755,-1.5391231269784755,-0.46693359802595813,-0.6078044597402487,0.003394671750759477,0.2749684118115176
XS03,萧山南阳镇,太湖片-临绍小片,æ,0,81,0,0,0,0.0,0,2.1077238908357994,-2.1077238908357994,-0.46693359802595813,-1.6309165176099327,0.0004816264414245241,0.03901174175538645
XZ01,莘庄,太湖片-苏沪嘉小片,ɔ,69,69,1,1,5,1.791759469228055,1,0.0,-0.0,0.635371167843074,2.1616174789064986,0.9037992930443971,62.3621512200634
XZ01,莘庄,太湖片-苏沪嘉小片,ɒ,0,69,0,0,0,0.0,1,0.35999999999999993,-0.35999999999999993,-0.46693359802595813,1.5138513057933247,0.047657357742143525,3.288357684207903
XZ01,莘庄,太湖片-苏沪嘉小片,ɤ,0,69,1,1,1,0.6931471805599453,1,1.0628264204469138,-1.0628264204469138,-0.04050390492150895,0.24922024819407998,0.023487137028378294,1.6206124549581022
XZ01,莘庄,太湖片-苏沪嘉小片,u,0,69,1,1,142,4.962844630259907,1,1.1700000000000002,-1.1700000000000002,2.5862481387837923,0.05637741628868252,0.01625462768069217,1.1215693099677597
XZ01,莘庄,太湖片-苏沪嘉小片,ʌ,0,69,0,0,0,0.0,1,1.121650569473399,-1.121650569473399,-0.46693359802595813,0.14337498735650964,0.003484192289403396,0.24040926796883433
XZ01,莘庄,太湖片-苏沪嘉小片,ɜ,0,69,0,0,0,0.0,0,1.425622670975739,-1.425622670975739,-0.46693359802595813,-0.4035773596527684,0.0012266406173406246,0.08463820259650309
XZ01,莘庄,太湖片-苏沪嘉小片,ɐ,0,69,0,0,0,0.0,0,1.4397569239284802,-1.4397569239284802,-0.46693359802595813,-0.42900983450002067,0.0011685185741195521,0.08062778161424909
XZ01,莘庄,太湖片-苏沪嘉小片,ə,0,69,0,0,0,0.0,0,1.4397569239284802,-1.4397569239284802,-0.46693359802595813,-0.42900983450002067,0.0011685185741195521,0.08062778161424909
XZ01,莘庄,太湖片-苏沪嘉小片,ɯ,0,69,0,0,0,0.0,1,1.5391231269784755,-1.5391231269784755,-0.46693359802595813,-0.6078044597402487,0.00083066810173943,0.057316099020020675
XZ01,莘庄,太湖片-苏沪嘉小片,a,0,69,0,0,0,0.0,0,1.5481924944915604,-1.5481924944915604,-0.46693359802595813,-0.624123430536104,0.0008051935032032985,0.0555583517210276
XZ01,莘庄,太湖片-苏沪嘉小片,æ,0,69,0,0,0,0.0,0,2.1077238908357994,-2.1077238908357994,-0.46693359802595813,-1.6309165176099327,0.00011785284446312658,0.008131846267955734
YQ01,於潜,太湖片-临绍小片,ɔ,94,94,0,0,0,0.0,1,0.0,-0.0,-0.46693359802595813,2.1616174789064986,0.6705829573049267,63.03479798666311
YQ01,於潜,太湖片-临绍小片,ɒ,0,94,0,0,0,0.0,1,0.35999999999999993,-0.35999999999999993,-0.46693359802595813,1.5138513057933247,0.19476020049923828,18.307458846928398
YQ01,於潜,太湖片-临绍小片,u,0,94,1,1,204,5.3230099791384085,1,1.1700000000000002,-1.1700000000000002,2.807824744007874,0.05637741628868252,0.06642740378643756,6.244175955925131
YQ01,於潜,太湖片-临绍小片,a,0,94,1,0,44,3.8066624897703196,0,1.5481924944915604,-1.5481924944915604,1.8749556324166239,-0.624123430536104,0.018124258727924933,1.7036803204249438
YQ01,於潜,太湖片-临绍小片,ɤ,0,94,0,0,0,0.0,1,1.0628264204469138,-1.0628264204469138,-0.46693359802595813,0.24922024819407998,0.017426517068919945,1.638092604478475
YQ01,於潜,太湖片-临绍小片,ʌ,0,94,0,0,0,0.0,1,1.121650569473399,-1.121650569473399,-0.46693359802595813,0.14337498735650964,0.014238766499260484,1.3384440509304854
YQ01,於潜,太湖片-临绍小片,ɜ,0,94,0,0,0,0.0,0,1.425622670975739,-1.425622670975739,-0.46693359802595813,-0.4035773596527684,0.005012883296350039,0.47121102985690366
YQ01,於潜,太湖片-临绍小片,ɐ,0,94,0,0,0,0.0,0,1.4397569239284802,-1.4397569239284802,-0.46693359802595813,-0.42900983450002067,0.00477535731237902,0.4488835873636279
YQ01,於潜,太湖片-临绍小片,ə,0,94,0,0,0,0.0,0,1.4397569239284802,-1.4397569239284802,-0.46693359802595813,-0.42900983450002067,0.00477535731237902,0.4488835873636279
YQ01,於潜,太湖片-临绍小片,ɯ,0,94,0,0,0,0.0,1,1.5391231269784755,-1.5391231269784755,-0.46693359802595813,-0.6078044597402487,0.003394671750759477,0.3190991445713908
YQ01,於潜,太湖片-临绍小片,æ,0,94,0,0,0,0.0,0,2.1077238908357994,-2.1077238908357994,-0.46693359802595813,-1.6309165176099327,0.0004816264414245241,0.04527288549390526
YX02,鄞县中区,太湖片-甬江小片,ɔ,84,84,0,0,0,0.0,1,0.0,-0.0,-0.46693359802595813,2.1616174789064986,0.6705829573049267,56.32896841361384
YX02,鄞县中区,太湖片-甬江小片,ɒ,0,84,0,0,0,0.0,1,0.35999999999999993,-0.35999999999999993,-0.46693359802595813,1.5138513057933247,0.19476020049923828,16.359856841936015
YX02,鄞县中区,太湖片-甬江小片,u,0,84,1,1,105,4.663439094112067,1,1.1700000000000002,-1.1700000000000002,2.402051456644573,0.05637741628868252,0.06642740378643756,5.579901918060755
YX02,鄞县中区,太湖片-甬江小片,a,0,84,1,0,40,3.713572066704308,0,1.5481924944915604,-1.5481924944915604,1.817685659094458,-0.624123430536104,0.018124258727924933,1.5224377331456944
YX02,鄞县中区,太湖片-甬江小片,ɤ,0,84,0,0,0,0.0,1,1.0628264204469138,-1.0628264204469138,-0.46693359802595813,0.24922024819407998,0.017426517068919945,1.4638274337892754
YX02,鄞县中区,太湖片-甬江小片,ʌ,0,84,0,0,0,0.0,1,1.121650569473399,-1.121650569473399,-0.46693359802595813,0.14337498735650964,0.014238766499260484,1.1960563859378806
YX02,鄞县中区,太湖片-甬江小片,ɜ,0,84,0,0,0,0.0,0,1.425622670975739,-1.425622670975739,-0.46693359802595813,-0.4035773596527684,0.005012883296350039,0.4210821968934033
YX02,鄞县中区,太湖片-甬江小片,ɐ,0,84,0,0,0,0.0,0,1.4397569239284802,-1.4397569239284802,-0.46693359802595813,-0.42900983450002067,0.00477535731237902,0.4011300142398377
YX02,鄞县中区,太湖片-甬江小片,ə,0,84,0,0,0,0.0,0,1.4397569239284802,-1.4397569239284802,-0.46693359802595813,-0.42900983450002067,0.00477535731237902,0.4011300142398377
YX02,鄞县中区,太湖片-甬江小片,ɯ,0,84,0,0,0,0.0,1,1.5391231269784755,-1.5391231269784755,-0.46693359802595813,-0.6078044597402487,0.003394671750759477,0.28515242706379607
YX02,鄞县中区,太湖片-甬江小片,æ,0,84,0,0,0,0.0,0,2.1077238908357994,-2.1077238908357994,-0.46693359802595813,-1.6309165176099327,0.0004816264414245241,0.04045662107966002
YY01,余姚城关,太湖片-临绍小片,ɔ,95,96,0,0,0,0.0,1,0.0,-0.0,-0.46693359802595813,2.1616174789064986,0.6705829573049267,64.37596390127297
YY01,余姚城关,太湖片-临绍小片,ɒ,0,96,0,0,0,0.0,1,0.35999999999999993,-0.35999999999999993,-0.46693359802595813,1.5138513057933247,0.19476020049923828,18.696979247926876
YY01,余姚城关,太湖片-临绍小片,u,0,96,1,1,94,4.553876891600541,1,1.1700000000000002,-1.1700000000000002,2.3346479127751523,0.05637741628868252,0.06642740378643756,6.377030763498006
YY01,余姚城关,太湖片-临绍小片,a,1,96,1,0,50,3.9318256327243257,0,1.5481924944915604,-1.5481924944915604,1.951956999708847,-0.624123430536104,0.018124258727924933,1.7399288378807936
YY01,余姚城关,太湖片-临绍小片,ɤ,0,96,0,0,0,0.0,1,1.0628264204469138,-1.0628264204469138,-0.46693359802595813,0.24922024819407998,0.017426517068919945,1.6729456386163148
YY01,余姚城关,太湖片-临绍小片,ʌ,0,96,0,0,0,0.0,1,1.121650569473399,-1.121650569473399,-0.46693359802595813,0.14337498735650964,0.014238766499260484,1.3669215839290065
YY01,余姚城关,太湖片-临绍小片,ɜ,0,96,0,0,0,0.0,0,1.425622670975739,-1.425622670975739,-0.46693359802595813,-0.4035773596527684,0.005012883296350039,0.48123679644960377
YY01,余姚城关,太湖片-临绍小片,ɐ,0,96,0,0,0,0.0,0,1.4397569239284802,-1.4397569239284802,-0.46693359802595813,-0.42900983450002067,0.00477535731237902,0.458434301988386
YY01,余姚城关,太湖片-临绍小片,ə,0,96,0,0,0,0.0,0,1.4397569239284802,-1.4397569239284802,-0.46693359802595813,-0.42900983450002067,0.00477535731237902,0.458434301988386
YY01,余姚城关,太湖片-临绍小片,ɯ,0,96,0,0,0,0.0,1,1.5391231269784755,-1.5391231269784755,-0.46693359802595813,-0.6078044597402487,0.003394671750759477,0.32588848807290977
YY01,余姚城关,太湖片-临绍小片,æ,0,96,0,0,0,0.0,0,2.1077238908357994,-2.1077238908357994,-0.46693359802595813,-1.6309165176099327,0.0004816264414245241,0.04623613837675431
ZJ01,诸暨城关,太湖片-临绍小片,ɔ,89,89,0,0,0,0.0,1,0.0,-0.0,-0.46693359802595813,2.1616174789064986,0.6705829573049267,59.68188320013847
ZJ01,诸暨城关,太湖片-临绍小片,ɒ,0,89,0,0,0,0.0,1,0.35999999999999993,-0.35999999999999993,-0.46693359802595813,1.5138513057933247,0.19476020049923828,17.333657844432206
ZJ01,诸暨城关,太湖片-临绍小片,u,0,89,1,1,82,4.418840607796598,1,1.1700000000000002,-1.1700000000000002,2.2515725102120734,0.05637741628868252,0.06642740378643756,5.912038936992944
ZJ01,诸暨城关,太湖片-临绍小片,a,0,89,1,0,47,3.871201010907891,0,1.5481924944915604,-1.5481924944915604,1.9146602471564218,-0.624123430536104,0.018124258727924933,1.613059026785319
ZJ01,诸暨城关,太湖片-临绍小片,ɤ,0,89,0,0,0,0.0,1,1.0628264204469138,-1.0628264204469138,-0.46693359802595813,0.24922024819407998,0.017426517068919945,1.550960019133875
ZJ01,诸暨城关,太湖片-临绍小片,ʌ,0,89,0,0,0,0.0,1,1.121650569473399,-1.121650569473399,-0.46693359802595813,0.14337498735650964,0.014238766499260484,1.267250218434183
ZJ01,诸暨城关,太湖片-临绍小片,ɜ,0,89,0,0,0,0.0,0,1.425622670975739,-1.425622670975739,-0.46693359802595813,-0.4035773596527684,0.005012883296350039,0.4461466133751535
ZJ01,诸暨城关,太湖片-临绍小片,ɐ,0,89,0,0,0,0.0,0,1.4397569239284802,-1.4397569239284802,-0.46693359802595813,-0.42900983450002067,0.00477535731237902,0.4250068008017328
ZJ01,诸暨城关,太湖片-临绍小片,ə,0,89,0,0,0,0.0,0,1.4397569239284802,-1.4397569239284802,-0.46693359802595813,-0.42900983450002067,0.00477535731237902,0.4250068008017328
ZJ01,诸暨城关,太湖片-临绍小片,ɯ,0,89,0,0,0,0.0,1,1.5391231269784755,-1.5391231269784755,-0.46693359802595813,-0.6078044597402487,0.003394671750759477,0.3021257858175934
ZJ01,诸暨城关,太湖片-临绍小片,æ,0,89,0,0,0,0.0,0,2.1077238908357994,-2.1077238908357994,-0.46693359802595813,-1.6309165176099327,0.0004816264414245241,0.042864753286782645
ZJ02,诸暨璜山镇,太湖片-临绍小片,ɔ,91,91,0,0,0,0.0,1,0.0,-0.0,-0.46693359802595813,2.1616174789064986,0.6705829573049267,61.023049114748325
ZJ02,诸暨璜山镇,太湖片-临绍小片,ɒ,0,91,0,0,0,0.0,1,0.35999999999999993,-0.35999999999999993,-0.46693359802595813,1.5138513057933247,0.19476020049923828,17.723178245430685
ZJ02,诸暨璜山镇,太湖片-临绍小片,u,0,91,1,1,112,4.727387818712341,1,1.1700000000000002,-1.1700000000000002,2.4413932238341713,0.05637741628868252,0.06642740378643756,6.044893744565818
ZJ02,诸暨璜山镇,太湖片-临绍小片,a,0,91,1,0,47,3.871201010907891,0,1.5481924944915604,-1.5481924944915604,1.9146602471564218,-0.624123430536104,0.018124258727924933,1.6493075442411689
ZJ02,诸暨璜山镇,太湖片-临绍小片,ɤ,0,91,0,0,0,0.0,1,1.0628264204469138,-1.0628264204469138,-0.46693359802595813,0.24922024819407998,0.017426517068919945,1.585813053271715
ZJ02,诸暨璜山镇,太湖片-临绍小片,ʌ,0,91,0,0,0,0.0,1,1.121650569473399,-1.121650569473399,-0.46693359802595813,0.14337498735650964,0.014238766499260484,1.295727751432704
ZJ02,诸暨璜山镇,太湖片-临绍小片,ɜ,0,91,0,0,0,0.0,0,1.425622670975739,-1.425622670975739,-0.46693359802595813,-0.4035773596527684,0.005012883296350039,0.4561723799678536
ZJ02,诸暨璜山镇,太湖片-临绍小片,ɐ,0,91,0,0,0,0.0,0,1.4397569239284802,-1.4397569239284802,-0.46693359802595813,-0.42900983450002067,0.00477535731237902,0.43455751542649085
ZJ02,诸暨璜山镇,太湖片-临绍小片,ə,0,91,0,0,0,0.0,0,1.4397569239284802,-1.4397569239284802,-0.46693359802595813,-0.42900983450002067,0.00477535731237902,0.43455751542649085
ZJ02,诸暨璜山镇,太湖片-临绍小片,ɯ,0,91,0,0,0,0.0,1,1.5391231269784755,-1.5391231269784755,-0.46693359802595813,-0.6078044597402487,0.003394671750759477,0.3089151293191124
ZJ02,诸暨璜山镇,太湖片-临绍小片,æ,0,91,0,0,0,0.0,0,2.1077238908357994,-2.1077238908357994,-0.46693359802595813,-1.6309165176099327,0.0004816264414245241,0.04382800616963169
ZJ03,诸暨直埠镇,太湖片-临绍小片,ɔ,84,84,0,0,0,0.0,1,0.0,-0.0,-0.46693359802595813,2.1616174789064986,0.6705829573049267,56.32896841361384
ZJ03,诸暨直埠镇,太湖片-临绍小片,ɒ,0,84,0,0,0,0.0,1,0.35999999999999993,-0.35999999999999993,-0.46693359802595813,1.5138513057933247,0.19476020049923828,16.359856841936015
ZJ03,诸暨直埠镇,太湖片-临绍小片,u,0,84,1,1,87,4.477336814478207,1,1.1700000000000002,-1.1700000000000002,2.28755984473872,0.05637741628868252,0.06642740378643756,5.579901918060755
ZJ03,诸暨直埠镇,太湖片-临绍小片,a,0,84,1,0,34,3.5553480614894135,0,1.5481924944915604,-1.5481924944915604,1.7203449847357473,-0.624123430536104,0.018124258727924933,1.5224377331456944
ZJ03,诸暨直埠镇,太湖片-临绍小片,ɤ,0,84,0,0,0,0.0,1,1.0628264204469138,-1.0628264204469138,-0.46693359802595813,0.24922024819407998,0.017426517068919945,1.4638274337892754
ZJ03,诸暨直埠镇,太湖片-临绍小片,ʌ,0,84,0,0,0,0.0,1,1.121650569473399,-1.121650569473399,-0.46693359802595813,0.14337498735650964,0.014238766499260484,1.1960563859378806
ZJ03,诸暨直埠镇,太湖片-临绍小片,ɜ,0,84,0,0,0,0.0,0,1.425622670975739,-1.425622670975739,-0.46693359802595813,-0.4035773596527684,0.005012883296350039,0.4210821968934033
ZJ03,诸暨直埠镇,太湖片-临绍小片,ɐ,0,84,0,0,0,0.0,0,1.4397569239284802,-1.4397569239284802,-0.46693359802595813,-0.42900983450002067,0.00477535731237902,0.4011300142398377
ZJ03,诸暨直埠镇,太湖片-临绍小片,ə,0,84,0,0,0,0.0,0,1.4397569239284802,-1.4397569239284802,-0.46693359802595813,-0.42900983450002067,0.00477535731237902,0.4011300142398377
ZJ03,诸暨直埠镇,太湖片-临绍小片,ɯ,0,84,0,0,0,0.0,1,1.5391231269784755,-1.5391231269784755,-0.46693359802595813,-0.6078044597402487,0.003394671750759477,0.28515242706379607
ZJ03,诸暨直埠镇,太湖片-临绍小片,æ,0,84,0,0,0,0.0,0,2.1077238908357994,-2.1077238908357994,-0.46693359802595813,-1.6309165176099327,0.0004816264414245241,0.04045662107966002
ZP01,周浦,太湖片-苏沪嘉小片,ɔ,70,70,1,1,6,1.9459101490553132,1,0.0,-0.0,0.7302058998223309,2.1616174789064986,0.9037992930443971,63.265950513107796
ZP01,周浦,太湖片-苏沪嘉小片,ɒ,0,70,0,0,0,0.0,1,0.35999999999999993,-0.35999999999999993,-0.46693359802595813,1.5138513057933247,0.047657357742143525,3.3360150419500467
ZP01,周浦,太湖片-苏沪嘉小片,ɤ,0,70,1,1,1,0.6931471805599453,1,1.0628264204469138,-1.0628264204469138,-0.04050390492150895,0.24922024819407998,0.023487137028378294,1.6440995919864807
ZP01,周浦,太湖片-苏沪嘉小片,u,0,70,1,1,152,5.030437921392435,1,1.1700000000000002,-1.1700000000000002,2.6278320724734296,0.05637741628868252,0.01625462768069217,1.1378239376484518
ZP01,周浦,太湖片-苏沪嘉小片,ʌ,0,70,0,0,0,0.0,1,1.121650569473399,-1.121650569473399,-0.46693359802595813,0.14337498735650964,0.003484192289403396,0.24389346025823772
ZP01,周浦,太湖片-苏沪嘉小片,ɜ,0,70,0,0,0,0.0,0,1.425622670975739,-1.425622670975739,-0.46693359802595813,-0.4035773596527684,0.0012266406173406246,0.08586484321384372
ZP01,周浦,太湖片-苏沪嘉小片,ɐ,0,70,0,0,0,0.0,0,1.4397569239284802,-1.4397569239284802,-0.46693359802595813,-0.42900983450002067,0.0011685185741195521,0.08179630018836866
ZP01,周浦,太湖片-苏沪嘉小片,ə,0,70,0,0,0,0.0,0,1.4397569239284802,-1.4397569239284802,-0.46693359802595813,-0.42900983450002067,0.0011685185741195521,0.08179630018836866
ZP01,周浦,太湖片-苏沪嘉小片,ɯ,0,70,0,0,0,0.0,1,1.5391231269784755,-1.5391231269784755,-0.46693359802595813,-0.6078044597402487,0.00083066810173943,0.058146767121760104
ZP01,周浦,太湖片-苏沪嘉小片,a,0,70,0,0,0,0.0,0,1.5481924944915604,-1.5481924944915604,-0.46693359802595813,-0.624123430536104,0.0008051935032032985,0.0563635452242309
ZP01,周浦,太湖片-苏沪嘉小片,æ,0,70,0,0,0,0.0,0,2.1077238908357994,-2.1077238908357994,-0.46693359802595813,-1.6309165176099327,0.00011785284446312658,0.00824969911241886
ZR01,真如,太湖片-苏沪嘉小片,ɔ,70,70,1,1,5,1.791759469228055,1,0.0,-0.0,0.635371167843074,2.1616174789064986,0.9215134631880434,64.50594242316303
ZR01,真如,太湖片-苏沪嘉小片,ɒ,0,70,0,0,0,0.0,1,0.35999999999999993,-0.35999999999999993,-0.46693359802595813,1.5138513057933247,0.048591426345801395,3.4013998442060975
ZR01,真如,太湖片-苏沪嘉小片,u,0,70,1,1,156,5.056245805348308,1,1.1700000000000002,-1.1700000000000002,2.6437092892372456,0.05637741628868252,0.01657321305973966,1.1601249141817762
ZR01,真如,太湖片-苏沪嘉小片,ɤ,0,70,0,0,0,0.0,1,1.0628264204469138,-1.0628264204469138,-0.46693359802595813,0.24922024819407998,0.004347804728315558,0.3043463309820891
ZR01,真如,太湖片-苏沪嘉小片,ʌ,0,70,0,0,0,0.0,1,1.121650569473399,-1.121650569473399,-0.46693359802595813,0.14337498735650964,0.0035524813171805406,0.24867369220263785
ZR01,真如,太湖片-苏沪嘉小片,ɜ,0,70,0,0,0,0.0,0,1.425622670975739,-1.425622670975739,-0.46693359802595813,-0.4035773596527684,0.0012506823717078873,0.08754776601955211
ZR01,真如,太湖片-苏沪嘉小片,ɐ,0,70,0,0,0,0.0,0,1.4397569239284802,-1.4397569239284802,-0.46693359802595813,-0.42900983450002067,0.0011914211554750211,0.08339948088325148
ZR01,真如,太湖片-苏沪嘉小片,ə,0,70,0,0,0,0.0,0,1.4397569239284802,-1.4397569239284802,-0.46693359802595813,-0.42900983450002067,0.0011914211554750211,0.08339948088325148
ZR01,真如,太湖片-苏沪嘉小片,ɯ,0,70,0,0,0,0.0,1,1.5391231269784755,-1.5391231269784755,-0.46693359802595813,-0.6078044597402487,0.0008469489244844299,0.059286424713910095
ZR01,真如,太湖片-苏沪嘉小片,a,0,70,0,0,0,0.0,0,1.5481924944915604,-1.5481924944915604,-0.46693359802595813,-0.624123430536104,0.0008209750321600835,0.057468252251205845
ZR01,真如,太湖片-苏沪嘉小片,æ,0,70,0,0,0,0.0,0,2.1077238908357994,-2.1077238908357994,-0.46693359802595813,-1.6309165176099327,0.00012016272161704682,0.008411390513193277
ZS01,舟山定海,太湖片-甬江小片,ɔ,86,86,0,0,0,0.0,1,0.0,-0.0,-0.46693359802595813,2.1616174789064986,0.6705829573049267,57.670134328223696
ZS01,舟山定海,太湖片-甬江小片,ɒ,0,86,0,0,0,0.0,1,0.35999999999999993,-0.35999999999999993,-0.46693359802595813,1.5138513057933247,0.19476020049923828,16.749377242934493
ZS01,舟山定海,太湖片-甬江小片,u,0,86,1,1,119,4.787491742782046,1,1.1700000000000002,-1.1700000000000002,2.4783696389653884,0.05637741628868252,0.06642740378643756,5.71275672563363
ZS01,舟山定海,太湖片-甬江小片,a,0,86,1,0,46,3.8501476017100584,0,1.5481924944915604,-1.5481924944915604,1.9017080213163313,-0.624123430536104,0.018124258727924933,1.5586862506015442
ZS01,舟山定海,太湖片-甬江小片,ɤ,0,86,0,0,0,0.0,1,1.0628264204469138,-1.0628264204469138,-0.46693359802595813,0.24922024819407998,0.017426517068919945,1.4986804679271153
ZS01,舟山定海,太湖片-甬江小片,ʌ,0,86,0,0,0,0.0,1,1.121650569473399,-1.121650569473399,-0.46693359802595813,0.14337498735650964,0.014238766499260484,1.2245339189364015
ZS01,舟山定海,太湖片-甬江小片,ɜ,0,86,0,0,0,0.0,0,1.425622670975739,-1.425622670975739,-0.46693359802595813,-0.4035773596527684,0.005012883296350039,0.43110796348610336
ZS01,舟山定海,太湖片-甬江小片,ɐ,0,86,0,0,0,0.0,0,1.4397569239284802,-1.4397569239284802,-0.46693359802595813,-0.42900983450002067,0.00477535731237902,0.4106807288645957
ZS01,舟山定海,太湖片-甬江小片,ə,0,86,0,0,0,0.0,0,1.4397569239284802,-1.4397569239284802,-0.46693359802595813,-0.42900983450002067,0.00477535731237902,0.4106807288645957
ZS01,舟山定海,太湖片-甬江小片,ɯ,0,86,0,0,0,0.0,1,1.5391231269784755,-1.5391231269784755,-0.46693359802595813,-0.6078044597402487,0.003394671750759477,0.291941770565315
ZS01,舟山定海,太湖片-甬江小片,æ,0,86,0,0,0,0.0,0,2.1077238908357994,-2.1077238908357994,-0.46693359802595813,-1.6309165176099327,0.0004816264414245241,0.04141987396250907
