point_id,point_name,onset_class,slot_type,source_column,original_value,normalized_value,relation_type,relation_label,observable,is_equal,structure_type,structure_label,kmeans_cluster,kmeans_cluster_label
AJ01,安吉安城,N,special_merge_onset,N_Status,合流,merge,A_rel,S2=S3,True,1,mixed_transition,混合过渡型,3,C3 S2_S3_dominant
AJ01,安吉安城,N,special_merge_onset,N_Status,合流,merge,B_rel,S1=S2,False,,mixed_transition,混合过渡型,3,C3 S2_S3_dominant
AJ01,安吉安城,N,special_merge_onset,N_Status,合流,merge,C_rel,S0=S1,False,,mixed_transition,混合过渡型,3,C3 S2_S3_dominant
AJ01,安吉安城,N,special_merge_onset,N_Status,合流,merge,D_rel,S1=S3,False,,mixed_transition,混合过渡型,3,C3 S2_S3_dominant
AJ01,安吉安城,T,special_merge_onset,T_Status,分立,split,A_rel,S2=S3,True,0,mixed_transition,混合过渡型,3,C3 S2_S3_dominant
AJ01,安吉安城,T,special_merge_onset,T_Status,分立,split,B_rel,S1=S2,False,,mixed_transition,混合过渡型,3,C3 S2_S3_dominant
AJ01,安吉安城,T,special_merge_onset,T_Status,分立,split,C_rel,S0=S1,False,,mixed_transition,混合过渡型,3,C3 S2_S3_dominant
AJ01,安吉安城,T,special_merge_onset,T_Status,分立,split,D_rel,S1=S3,False,,mixed_transition,混合过渡型,3,C3 S2_S3_dominant
AJ01,安吉安城,K,value_pattern_onset,K_L3,S0=S1,pattern_C,A_rel,S2=S3,True,0,mixed_transition,混合过渡型,3,C3 S2_S3_dominant
AJ01,安吉安城,K,value_pattern_onset,K_L3,S0=S1,pattern_C,B_rel,S1=S2,True,0,mixed_transition,混合过渡型,3,C3 S2_S3_dominant
AJ01,安吉安城,K,value_pattern_onset,K_L3,S0=S1,pattern_C,C_rel,S0=S1,True,1,mixed_transition,混合过渡型,3,C3 S2_S3_dominant
AJ01,安吉安城,K,value_pattern_onset,K_L3,S0=S1,pattern_C,D_rel,S1=S3,True,0,mixed_transition,混合过渡型,3,C3 S2_S3_dominant
AJ01,安吉安城,M,value_pattern_onset,M_L3,S1=S2=S3,pattern_E,A_rel,S2=S3,True,1,mixed_transition,混合过渡型,3,C3 S2_S3_dominant
AJ01,安吉安城,M,value_pattern_onset,M_L3,S1=S2=S3,pattern_E,B_rel,S1=S2,True,1,mixed_transition,混合过渡型,3,C3 S2_S3_dominant
AJ01,安吉安城,M,value_pattern_onset,M_L3,S1=S2=S3,pattern_E,C_rel,S0=S1,True,0,mixed_transition,混合过渡型,3,C3 S2_S3_dominant
AJ01,安吉安城,M,value_pattern_onset,M_L3,S1=S2=S3,pattern_E,D_rel,S1=S3,True,0,mixed_transition,混合过渡型,3,C3 S2_S3_dominant
AJ01,安吉安城,P,value_pattern_onset,P_L3,S2=S3,pattern_A,A_rel,S2=S3,True,1,mixed_transition,混合过渡型,3,C3 S2_S3_dominant
AJ01,安吉安城,P,value_pattern_onset,P_L3,S2=S3,pattern_A,B_rel,S1=S2,True,0,mixed_transition,混合过渡型,3,C3 S2_S3_dominant
AJ01,安吉安城,P,value_pattern_onset,P_L3,S2=S3,pattern_A,C_rel,S0=S1,True,0,mixed_transition,混合过渡型,3,C3 S2_S3_dominant
AJ01,安吉安城,P,value_pattern_onset,P_L3,S2=S3,pattern_A,D_rel,S1=S3,True,0,mixed_transition,混合过渡型,3,C3 S2_S3_dominant
AJ01,安吉安城,TS,value_pattern_onset,TS_L3,S1=S2,pattern_B,A_rel,S2=S3,True,0,mixed_transition,混合过渡型,3,C3 S2_S3_dominant
AJ01,安吉安城,TS,value_pattern_onset,TS_L3,S1=S2,pattern_B,B_rel,S1=S2,True,1,mixed_transition,混合过渡型,3,C3 S2_S3_dominant
AJ01,安吉安城,TS,value_pattern_onset,TS_L3,S1=S2,pattern_B,C_rel,S0=S1,True,0,mixed_transition,混合过渡型,3,C3 S2_S3_dominant
AJ01,安吉安城,TS,value_pattern_onset,TS_L3,S1=S2,pattern_B,D_rel,S1=S3,True,0,mixed_transition,混合过渡型,3,C3 S2_S3_dominant
AJ01,安吉安城,Ø,value_pattern_onset,Ø_L3,S2=S3,pattern_A,A_rel,S2=S3,True,1,mixed_transition,混合过渡型,3,C3 S2_S3_dominant
AJ01,安吉安城,Ø,value_pattern_onset,Ø_L3,S2=S3,pattern_A,B_rel,S1=S2,True,0,mixed_transition,混合过渡型,3,C3 S2_S3_dominant
AJ01,安吉安城,Ø,value_pattern_onset,Ø_L3,S2=S3,pattern_A,C_rel,S0=S1,True,0,mixed_transition,混合过渡型,3,C3 S2_S3_dominant
AJ01,安吉安城,Ø,value_pattern_onset,Ø_L3,S2=S3,pattern_A,D_rel,S1=S3,True,0,mixed_transition,混合过渡型,3,C3 S2_S3_dominant
BL01,北仑城关,N,special_merge_onset,N_Status,分立,split,A_rel,S2=S3,True,0,conservative_split,保守分立型,1,C1 S2_S3_dominant
BL01,北仑城关,N,special_merge_onset,N_Status,分立,split,B_rel,S1=S2,False,,conservative_split,保守分立型,1,C1 S2_S3_dominant
BL01,北仑城关,N,special_merge_onset,N_Status,分立,split,C_rel,S0=S1,False,,conservative_split,保守分立型,1,C1 S2_S3_dominant
BL01,北仑城关,N,special_merge_onset,N_Status,分立,split,D_rel,S1=S3,False,,conservative_split,保守分立型,1,C1 S2_S3_dominant
BL01,北仑城关,T,special_merge_onset,T_Status,分立,split,A_rel,S2=S3,True,0,conservative_split,保守分立型,1,C1 S2_S3_dominant
BL01,北仑城关,T,special_merge_onset,T_Status,分立,split,B_rel,S1=S2,False,,conservative_split,保守分立型,1,C1 S2_S3_dominant
BL01,北仑城关,T,special_merge_onset,T_Status,分立,split,C_rel,S0=S1,False,,conservative_split,保守分立型,1,C1 S2_S3_dominant
BL01,北仑城关,T,special_merge_onset,T_Status,分立,split,D_rel,S1=S3,False,,conservative_split,保守分立型,1,C1 S2_S3_dominant
BL01,北仑城关,K,value_pattern_onset,K_L3,全对立,pattern_NONE,A_rel,S2=S3,True,0,conservative_split,保守分立型,1,C1 S2_S3_dominant
BL01,北仑城关,K,value_pattern_onset,K_L3,全对立,pattern_NONE,B_rel,S1=S2,True,0,conservative_split,保守分立型,1,C1 S2_S3_dominant
BL01,北仑城关,K,value_pattern_onset,K_L3,全对立,pattern_NONE,C_rel,S0=S1,True,0,conservative_split,保守分立型,1,C1 S2_S3_dominant
BL01,北仑城关,K,value_pattern_onset,K_L3,全对立,pattern_NONE,D_rel,S1=S3,True,0,conservative_split,保守分立型,1,C1 S2_S3_dominant
BL01,北仑城关,M,value_pattern_onset,M_L3,S2=S3,pattern_A,A_rel,S2=S3,True,1,conservative_split,保守分立型,1,C1 S2_S3_dominant
BL01,北仑城关,M,value_pattern_onset,M_L3,S2=S3,pattern_A,B_rel,S1=S2,True,0,conservative_split,保守分立型,1,C1 S2_S3_dominant
BL01,北仑城关,M,value_pattern_onset,M_L3,S2=S3,pattern_A,C_rel,S0=S1,True,0,conservative_split,保守分立型,1,C1 S2_S3_dominant
BL01,北仑城关,M,value_pattern_onset,M_L3,S2=S3,pattern_A,D_rel,S1=S3,True,0,conservative_split,保守分立型,1,C1 S2_S3_dominant
BL01,北仑城关,P,value_pattern_onset,P_L3,全对立,pattern_NONE,A_rel,S2=S3,True,0,conservative_split,保守分立型,1,C1 S2_S3_dominant
BL01,北仑城关,P,value_pattern_onset,P_L3,全对立,pattern_NONE,B_rel,S1=S2,True,0,conservative_split,保守分立型,1,C1 S2_S3_dominant
BL01,北仑城关,P,value_pattern_onset,P_L3,全对立,pattern_NONE,C_rel,S0=S1,True,0,conservative_split,保守分立型,1,C1 S2_S3_dominant
BL01,北仑城关,P,value_pattern_onset,P_L3,全对立,pattern_NONE,D_rel,S1=S3,True,0,conservative_split,保守分立型,1,C1 S2_S3_dominant
BL01,北仑城关,TS,value_pattern_onset,TS_L3,全对立,pattern_NONE,A_rel,S2=S3,True,0,conservative_split,保守分立型,1,C1 S2_S3_dominant
BL01,北仑城关,TS,value_pattern_onset,TS_L3,全对立,pattern_NONE,B_rel,S1=S2,True,0,conservative_split,保守分立型,1,C1 S2_S3_dominant
BL01,北仑城关,TS,value_pattern_onset,TS_L3,全对立,pattern_NONE,C_rel,S0=S1,True,0,conservative_split,保守分立型,1,C1 S2_S3_dominant
BL01,北仑城关,TS,value_pattern_onset,TS_L3,全对立,pattern_NONE,D_rel,S1=S3,True,0,conservative_split,保守分立型,1,C1 S2_S3_dominant
BL01,北仑城关,Ø,value_pattern_onset,Ø_L3,全对立,pattern_NONE,A_rel,S2=S3,True,0,conservative_split,保守分立型,1,C1 S2_S3_dominant
BL01,北仑城关,Ø,value_pattern_onset,Ø_L3,全对立,pattern_NONE,B_rel,S1=S2,True,0,conservative_split,保守分立型,1,C1 S2_S3_dominant
BL01,北仑城关,Ø,value_pattern_onset,Ø_L3,全对立,pattern_NONE,C_rel,S0=S1,True,0,conservative_split,保守分立型,1,C1 S2_S3_dominant
BL01,北仑城关,Ø,value_pattern_onset,Ø_L3,全对立,pattern_NONE,D_rel,S1=S3,True,0,conservative_split,保守分立型,1,C1 S2_S3_dominant
BS01,宝山,N,special_merge_onset,N_Status,合流,merge,A_rel,S2=S3,True,1,A_dominant,S2=S3主导型,3,C3 S2_S3_dominant
BS01,宝山,N,special_merge_onset,N_Status,合流,merge,B_rel,S1=S2,False,,A_dominant,S2=S3主导型,3,C3 S2_S3_dominant
BS01,宝山,N,special_merge_onset,N_Status,合流,merge,C_rel,S0=S1,False,,A_dominant,S2=S3主导型,3,C3 S2_S3_dominant
BS01,宝山,N,special_merge_onset,N_Status,合流,merge,D_rel,S1=S3,False,,A_dominant,S2=S3主导型,3,C3 S2_S3_dominant
BS01,宝山,T,special_merge_onset,T_Status,合流,merge,A_rel,S2=S3,True,1,A_dominant,S2=S3主导型,3,C3 S2_S3_dominant
BS01,宝山,T,special_merge_onset,T_Status,合流,merge,B_rel,S1=S2,False,,A_dominant,S2=S3主导型,3,C3 S2_S3_dominant
BS01,宝山,T,special_merge_onset,T_Status,合流,merge,C_rel,S0=S1,False,,A_dominant,S2=S3主导型,3,C3 S2_S3_dominant
BS01,宝山,T,special_merge_onset,T_Status,合流,merge,D_rel,S1=S3,False,,A_dominant,S2=S3主导型,3,C3 S2_S3_dominant
BS01,宝山,K,value_pattern_onset,K_L3,S0=S1，S2=S3,pattern_F,A_rel,S2=S3,True,1,A_dominant,S2=S3主导型,3,C3 S2_S3_dominant
BS01,宝山,K,value_pattern_onset,K_L3,S0=S1，S2=S3,pattern_F,B_rel,S1=S2,True,0,A_dominant,S2=S3主导型,3,C3 S2_S3_dominant
BS01,宝山,K,value_pattern_onset,K_L3,S0=S1，S2=S3,pattern_F,C_rel,S0=S1,True,1,A_dominant,S2=S3主导型,3,C3 S2_S3_dominant
BS01,宝山,K,value_pattern_onset,K_L3,S0=S1，S2=S3,pattern_F,D_rel,S1=S3,True,0,A_dominant,S2=S3主导型,3,C3 S2_S3_dominant
BS01,宝山,M,value_pattern_onset,M_L3,S2=S3,pattern_A,A_rel,S2=S3,True,1,A_dominant,S2=S3主导型,3,C3 S2_S3_dominant
BS01,宝山,M,value_pattern_onset,M_L3,S2=S3,pattern_A,B_rel,S1=S2,True,0,A_dominant,S2=S3主导型,3,C3 S2_S3_dominant
BS01,宝山,M,value_pattern_onset,M_L3,S2=S3,pattern_A,C_rel,S0=S1,True,0,A_dominant,S2=S3主导型,3,C3 S2_S3_dominant
BS01,宝山,M,value_pattern_onset,M_L3,S2=S3,pattern_A,D_rel,S1=S3,True,0,A_dominant,S2=S3主导型,3,C3 S2_S3_dominant
BS01,宝山,P,value_pattern_onset,P_L3,S2=S3,pattern_A,A_rel,S2=S3,True,1,A_dominant,S2=S3主导型,3,C3 S2_S3_dominant
BS01,宝山,P,value_pattern_onset,P_L3,S2=S3,pattern_A,B_rel,S1=S2,True,0,A_dominant,S2=S3主导型,3,C3 S2_S3_dominant
BS01,宝山,P,value_pattern_onset,P_L3,S2=S3,pattern_A,C_rel,S0=S1,True,0,A_dominant,S2=S3主导型,3,C3 S2_S3_dominant
BS01,宝山,P,value_pattern_onset,P_L3,S2=S3,pattern_A,D_rel,S1=S3,True,0,A_dominant,S2=S3主导型,3,C3 S2_S3_dominant
BS01,宝山,TS,value_pattern_onset,TS_L3,S2=S3,pattern_A,A_rel,S2=S3,True,1,A_dominant,S2=S3主导型,3,C3 S2_S3_dominant
BS01,宝山,TS,value_pattern_onset,TS_L3,S2=S3,pattern_A,B_rel,S1=S2,True,0,A_dominant,S2=S3主导型,3,C3 S2_S3_dominant
BS01,宝山,TS,value_pattern_onset,TS_L3,S2=S3,pattern_A,C_rel,S0=S1,True,0,A_dominant,S2=S3主导型,3,C3 S2_S3_dominant
BS01,宝山,TS,value_pattern_onset,TS_L3,S2=S3,pattern_A,D_rel,S1=S3,True,0,A_dominant,S2=S3主导型,3,C3 S2_S3_dominant
BS01,宝山,Ø,value_pattern_onset,Ø_L3,S2=S3,pattern_A,A_rel,S2=S3,True,1,A_dominant,S2=S3主导型,3,C3 S2_S3_dominant
BS01,宝山,Ø,value_pattern_onset,Ø_L3,S2=S3,pattern_A,B_rel,S1=S2,True,0,A_dominant,S2=S3主导型,3,C3 S2_S3_dominant
BS01,宝山,Ø,value_pattern_onset,Ø_L3,S2=S3,pattern_A,C_rel,S0=S1,True,0,A_dominant,S2=S3主导型,3,C3 S2_S3_dominant
BS01,宝山,Ø,value_pattern_onset,Ø_L3,S2=S3,pattern_A,D_rel,S1=S3,True,0,A_dominant,S2=S3主导型,3,C3 S2_S3_dominant
BZ01,堡镇,N,special_merge_onset,N_Status,合流,merge,A_rel,S2=S3,True,1,A_dominant,S2=S3主导型,3,C3 S2_S3_dominant
BZ01,堡镇,N,special_merge_onset,N_Status,合流,merge,B_rel,S1=S2,False,,A_dominant,S2=S3主导型,3,C3 S2_S3_dominant
BZ01,堡镇,N,special_merge_onset,N_Status,合流,merge,C_rel,S0=S1,False,,A_dominant,S2=S3主导型,3,C3 S2_S3_dominant
BZ01,堡镇,N,special_merge_onset,N_Status,合流,merge,D_rel,S1=S3,False,,A_dominant,S2=S3主导型,3,C3 S2_S3_dominant
BZ01,堡镇,T,special_merge_onset,T_Status,合流,merge,A_rel,S2=S3,True,1,A_dominant,S2=S3主导型,3,C3 S2_S3_dominant
BZ01,堡镇,T,special_merge_onset,T_Status,合流,merge,B_rel,S1=S2,False,,A_dominant,S2=S3主导型,3,C3 S2_S3_dominant
BZ01,堡镇,T,special_merge_onset,T_Status,合流,merge,C_rel,S0=S1,False,,A_dominant,S2=S3主导型,3,C3 S2_S3_dominant
BZ01,堡镇,T,special_merge_onset,T_Status,合流,merge,D_rel,S1=S3,False,,A_dominant,S2=S3主导型,3,C3 S2_S3_dominant
BZ01,堡镇,K,value_pattern_onset,K_L3,S2=S3,pattern_A,A_rel,S2=S3,True,1,A_dominant,S2=S3主导型,3,C3 S2_S3_dominant
BZ01,堡镇,K,value_pattern_onset,K_L3,S2=S3,pattern_A,B_rel,S1=S2,True,0,A_dominant,S2=S3主导型,3,C3 S2_S3_dominant
BZ01,堡镇,K,value_pattern_onset,K_L3,S2=S3,pattern_A,C_rel,S0=S1,True,0,A_dominant,S2=S3主导型,3,C3 S2_S3_dominant
BZ01,堡镇,K,value_pattern_onset,K_L3,S2=S3,pattern_A,D_rel,S1=S3,True,0,A_dominant,S2=S3主导型,3,C3 S2_S3_dominant
BZ01,堡镇,M,value_pattern_onset,M_L3,S2=S3,pattern_A,A_rel,S2=S3,True,1,A_dominant,S2=S3主导型,3,C3 S2_S3_dominant
BZ01,堡镇,M,value_pattern_onset,M_L3,S2=S3,pattern_A,B_rel,S1=S2,True,0,A_dominant,S2=S3主导型,3,C3 S2_S3_dominant
BZ01,堡镇,M,value_pattern_onset,M_L3,S2=S3,pattern_A,C_rel,S0=S1,True,0,A_dominant,S2=S3主导型,3,C3 S2_S3_dominant
BZ01,堡镇,M,value_pattern_onset,M_L3,S2=S3,pattern_A,D_rel,S1=S3,True,0,A_dominant,S2=S3主导型,3,C3 S2_S3_dominant
BZ01,堡镇,P,value_pattern_onset,P_L3,S2=S3,pattern_A,A_rel,S2=S3,True,1,A_dominant,S2=S3主导型,3,C3 S2_S3_dominant
BZ01,堡镇,P,value_pattern_onset,P_L3,S2=S3,pattern_A,B_rel,S1=S2,True,0,A_dominant,S2=S3主导型,3,C3 S2_S3_dominant
BZ01,堡镇,P,value_pattern_onset,P_L3,S2=S3,pattern_A,C_rel,S0=S1,True,0,A_dominant,S2=S3主导型,3,C3 S2_S3_dominant
BZ01,堡镇,P,value_pattern_onset,P_L3,S2=S3,pattern_A,D_rel,S1=S3,True,0,A_dominant,S2=S3主导型,3,C3 S2_S3_dominant
BZ01,堡镇,TS,value_pattern_onset,TS_L3,S2=S3,pattern_A,A_rel,S2=S3,True,1,A_dominant,S2=S3主导型,3,C3 S2_S3_dominant
BZ01,堡镇,TS,value_pattern_onset,TS_L3,S2=S3,pattern_A,B_rel,S1=S2,True,0,A_dominant,S2=S3主导型,3,C3 S2_S3_dominant
BZ01,堡镇,TS,value_pattern_onset,TS_L3,S2=S3,pattern_A,C_rel,S0=S1,True,0,A_dominant,S2=S3主导型,3,C3 S2_S3_dominant
BZ01,堡镇,TS,value_pattern_onset,TS_L3,S2=S3,pattern_A,D_rel,S1=S3,True,0,A_dominant,S2=S3主导型,3,C3 S2_S3_dominant
BZ01,堡镇,Ø,value_pattern_onset,Ø_L3,S2=S3,pattern_A,A_rel,S2=S3,True,1,A_dominant,S2=S3主导型,3,C3 S2_S3_dominant
BZ01,堡镇,Ø,value_pattern_onset,Ø_L3,S2=S3,pattern_A,B_rel,S1=S2,True,0,A_dominant,S2=S3主导型,3,C3 S2_S3_dominant
BZ01,堡镇,Ø,value_pattern_onset,Ø_L3,S2=S3,pattern_A,C_rel,S0=S1,True,0,A_dominant,S2=S3主导型,3,C3 S2_S3_dominant
BZ01,堡镇,Ø,value_pattern_onset,Ø_L3,S2=S3,pattern_A,D_rel,S1=S3,True,0,A_dominant,S2=S3主导型,3,C3 S2_S3_dominant
CM01,崇明城关,N,special_merge_onset,N_Status,合流,merge,A_rel,S2=S3,True,1,A_dominant,S2=S3主导型,3,C3 S2_S3_dominant
CM01,崇明城关,N,special_merge_onset,N_Status,合流,merge,B_rel,S1=S2,False,,A_dominant,S2=S3主导型,3,C3 S2_S3_dominant
CM01,崇明城关,N,special_merge_onset,N_Status,合流,merge,C_rel,S0=S1,False,,A_dominant,S2=S3主导型,3,C3 S2_S3_dominant
CM01,崇明城关,N,special_merge_onset,N_Status,合流,merge,D_rel,S1=S3,False,,A_dominant,S2=S3主导型,3,C3 S2_S3_dominant
CM01,崇明城关,T,special_merge_onset,T_Status,合流,merge,A_rel,S2=S3,True,1,A_dominant,S2=S3主导型,3,C3 S2_S3_dominant
CM01,崇明城关,T,special_merge_onset,T_Status,合流,merge,B_rel,S1=S2,False,,A_dominant,S2=S3主导型,3,C3 S2_S3_dominant
CM01,崇明城关,T,special_merge_onset,T_Status,合流,merge,C_rel,S0=S1,False,,A_dominant,S2=S3主导型,3,C3 S2_S3_dominant
CM01,崇明城关,T,special_merge_onset,T_Status,合流,merge,D_rel,S1=S3,False,,A_dominant,S2=S3主导型,3,C3 S2_S3_dominant
CM01,崇明城关,K,value_pattern_onset,K_L3,S0=S1，S2=S3,pattern_F,A_rel,S2=S3,True,1,A_dominant,S2=S3主导型,3,C3 S2_S3_dominant
CM01,崇明城关,K,value_pattern_onset,K_L3,S0=S1，S2=S3,pattern_F,B_rel,S1=S2,True,0,A_dominant,S2=S3主导型,3,C3 S2_S3_dominant
CM01,崇明城关,K,value_pattern_onset,K_L3,S0=S1，S2=S3,pattern_F,C_rel,S0=S1,True,1,A_dominant,S2=S3主导型,3,C3 S2_S3_dominant
CM01,崇明城关,K,value_pattern_onset,K_L3,S0=S1，S2=S3,pattern_F,D_rel,S1=S3,True,0,A_dominant,S2=S3主导型,3,C3 S2_S3_dominant
CM01,崇明城关,M,value_pattern_onset,M_L3,S2=S3,pattern_A,A_rel,S2=S3,True,1,A_dominant,S2=S3主导型,3,C3 S2_S3_dominant
CM01,崇明城关,M,value_pattern_onset,M_L3,S2=S3,pattern_A,B_rel,S1=S2,True,0,A_dominant,S2=S3主导型,3,C3 S2_S3_dominant
CM01,崇明城关,M,value_pattern_onset,M_L3,S2=S3,pattern_A,C_rel,S0=S1,True,0,A_dominant,S2=S3主导型,3,C3 S2_S3_dominant
CM01,崇明城关,M,value_pattern_onset,M_L3,S2=S3,pattern_A,D_rel,S1=S3,True,0,A_dominant,S2=S3主导型,3,C3 S2_S3_dominant
CM01,崇明城关,P,value_pattern_onset,P_L3,S2=S3,pattern_A,A_rel,S2=S3,True,1,A_dominant,S2=S3主导型,3,C3 S2_S3_dominant
CM01,崇明城关,P,value_pattern_onset,P_L3,S2=S3,pattern_A,B_rel,S1=S2,True,0,A_dominant,S2=S3主导型,3,C3 S2_S3_dominant
CM01,崇明城关,P,value_pattern_onset,P_L3,S2=S3,pattern_A,C_rel,S0=S1,True,0,A_dominant,S2=S3主导型,3,C3 S2_S3_dominant
CM01,崇明城关,P,value_pattern_onset,P_L3,S2=S3,pattern_A,D_rel,S1=S3,True,0,A_dominant,S2=S3主导型,3,C3 S2_S3_dominant
CM01,崇明城关,TS,value_pattern_onset,TS_L3,S2=S3,pattern_A,A_rel,S2=S3,True,1,A_dominant,S2=S3主导型,3,C3 S2_S3_dominant
CM01,崇明城关,TS,value_pattern_onset,TS_L3,S2=S3,pattern_A,B_rel,S1=S2,True,0,A_dominant,S2=S3主导型,3,C3 S2_S3_dominant
CM01,崇明城关,TS,value_pattern_onset,TS_L3,S2=S3,pattern_A,C_rel,S0=S1,True,0,A_dominant,S2=S3主导型,3,C3 S2_S3_dominant
CM01,崇明城关,TS,value_pattern_onset,TS_L3,S2=S3,pattern_A,D_rel,S1=S3,True,0,A_dominant,S2=S3主导型,3,C3 S2_S3_dominant
CM01,崇明城关,Ø,value_pattern_onset,Ø_L3,S2=S3,pattern_A,A_rel,S2=S3,True,1,A_dominant,S2=S3主导型,3,C3 S2_S3_dominant
CM01,崇明城关,Ø,value_pattern_onset,Ø_L3,S2=S3,pattern_A,B_rel,S1=S2,True,0,A_dominant,S2=S3主导型,3,C3 S2_S3_dominant
CM01,崇明城关,Ø,value_pattern_onset,Ø_L3,S2=S3,pattern_A,C_rel,S0=S1,True,0,A_dominant,S2=S3主导型,3,C3 S2_S3_dominant
CM01,崇明城关,Ø,value_pattern_onset,Ø_L3,S2=S3,pattern_A,D_rel,S1=S3,True,0,A_dominant,S2=S3主导型,3,C3 S2_S3_dominant
CS01,川沙浦东,N,special_merge_onset,N_Status,合流,merge,A_rel,S2=S3,True,1,A_dominant,S2=S3主导型,3,C3 S2_S3_dominant
CS01,川沙浦东,N,special_merge_onset,N_Status,合流,merge,B_rel,S1=S2,False,,A_dominant,S2=S3主导型,3,C3 S2_S3_dominant
CS01,川沙浦东,N,special_merge_onset,N_Status,合流,merge,C_rel,S0=S1,False,,A_dominant,S2=S3主导型,3,C3 S2_S3_dominant
CS01,川沙浦东,N,special_merge_onset,N_Status,合流,merge,D_rel,S1=S3,False,,A_dominant,S2=S3主导型,3,C3 S2_S3_dominant
CS01,川沙浦东,T,special_merge_onset,T_Status,合流,merge,A_rel,S2=S3,True,1,A_dominant,S2=S3主导型,3,C3 S2_S3_dominant
CS01,川沙浦东,T,special_merge_onset,T_Status,合流,merge,B_rel,S1=S2,False,,A_dominant,S2=S3主导型,3,C3 S2_S3_dominant
CS01,川沙浦东,T,special_merge_onset,T_Status,合流,merge,C_rel,S0=S1,False,,A_dominant,S2=S3主导型,3,C3 S2_S3_dominant
CS01,川沙浦东,T,special_merge_onset,T_Status,合流,merge,D_rel,S1=S3,False,,A_dominant,S2=S3主导型,3,C3 S2_S3_dominant
CS01,川沙浦东,K,value_pattern_onset,K_L3,S0=S1，S2=S3,pattern_F,A_rel,S2=S3,True,1,A_dominant,S2=S3主导型,3,C3 S2_S3_dominant
CS01,川沙浦东,K,value_pattern_onset,K_L3,S0=S1，S2=S3,pattern_F,B_rel,S1=S2,True,0,A_dominant,S2=S3主导型,3,C3 S2_S3_dominant
CS01,川沙浦东,K,value_pattern_onset,K_L3,S0=S1，S2=S3,pattern_F,C_rel,S0=S1,True,1,A_dominant,S2=S3主导型,3,C3 S2_S3_dominant
CS01,川沙浦东,K,value_pattern_onset,K_L3,S0=S1，S2=S3,pattern_F,D_rel,S1=S3,True,0,A_dominant,S2=S3主导型,3,C3 S2_S3_dominant
CS01,川沙浦东,M,value_pattern_onset,M_L3,S2=S3,pattern_A,A_rel,S2=S3,True,1,A_dominant,S2=S3主导型,3,C3 S2_S3_dominant
CS01,川沙浦东,M,value_pattern_onset,M_L3,S2=S3,pattern_A,B_rel,S1=S2,True,0,A_dominant,S2=S3主导型,3,C3 S2_S3_dominant
CS01,川沙浦东,M,value_pattern_onset,M_L3,S2=S3,pattern_A,C_rel,S0=S1,True,0,A_dominant,S2=S3主导型,3,C3 S2_S3_dominant
CS01,川沙浦东,M,value_pattern_onset,M_L3,S2=S3,pattern_A,D_rel,S1=S3,True,0,A_dominant,S2=S3主导型,3,C3 S2_S3_dominant
CS01,川沙浦东,P,value_pattern_onset,P_L3,S2=S3,pattern_A,A_rel,S2=S3,True,1,A_dominant,S2=S3主导型,3,C3 S2_S3_dominant
CS01,川沙浦东,P,value_pattern_onset,P_L3,S2=S3,pattern_A,B_rel,S1=S2,True,0,A_dominant,S2=S3主导型,3,C3 S2_S3_dominant
CS01,川沙浦东,P,value_pattern_onset,P_L3,S2=S3,pattern_A,C_rel,S0=S1,True,0,A_dominant,S2=S3主导型,3,C3 S2_S3_dominant
CS01,川沙浦东,P,value_pattern_onset,P_L3,S2=S3,pattern_A,D_rel,S1=S3,True,0,A_dominant,S2=S3主导型,3,C3 S2_S3_dominant
CS01,川沙浦东,TS,value_pattern_onset,TS_L3,S2=S3,pattern_A,A_rel,S2=S3,True,1,A_dominant,S2=S3主导型,3,C3 S2_S3_dominant
CS01,川沙浦东,TS,value_pattern_onset,TS_L3,S2=S3,pattern_A,B_rel,S1=S2,True,0,A_dominant,S2=S3主导型,3,C3 S2_S3_dominant
CS01,川沙浦东,TS,value_pattern_onset,TS_L3,S2=S3,pattern_A,C_rel,S0=S1,True,0,A_dominant,S2=S3主导型,3,C3 S2_S3_dominant
CS01,川沙浦东,TS,value_pattern_onset,TS_L3,S2=S3,pattern_A,D_rel,S1=S3,True,0,A_dominant,S2=S3主导型,3,C3 S2_S3_dominant
CS01,川沙浦东,Ø,value_pattern_onset,Ø_L3,S2=S3,pattern_A,A_rel,S2=S3,True,1,A_dominant,S2=S3主导型,3,C3 S2_S3_dominant
CS01,川沙浦东,Ø,value_pattern_onset,Ø_L3,S2=S3,pattern_A,B_rel,S1=S2,True,0,A_dominant,S2=S3主导型,3,C3 S2_S3_dominant
CS01,川沙浦东,Ø,value_pattern_onset,Ø_L3,S2=S3,pattern_A,C_rel,S0=S1,True,0,A_dominant,S2=S3主导型,3,C3 S2_S3_dominant
CS01,川沙浦东,Ø,value_pattern_onset,Ø_L3,S2=S3,pattern_A,D_rel,S1=S3,True,0,A_dominant,S2=S3主导型,3,C3 S2_S3_dominant
CS02,常熟虞山镇,N,special_merge_onset,N_Status,合流,merge,A_rel,S2=S3,True,1,A_dominant,S2=S3主导型,3,C3 S2_S3_dominant
CS02,常熟虞山镇,N,special_merge_onset,N_Status,合流,merge,B_rel,S1=S2,False,,A_dominant,S2=S3主导型,3,C3 S2_S3_dominant
CS02,常熟虞山镇,N,special_merge_onset,N_Status,合流,merge,C_rel,S0=S1,False,,A_dominant,S2=S3主导型,3,C3 S2_S3_dominant
CS02,常熟虞山镇,N,special_merge_onset,N_Status,合流,merge,D_rel,S1=S3,False,,A_dominant,S2=S3主导型,3,C3 S2_S3_dominant
CS02,常熟虞山镇,T,special_merge_onset,T_Status,合流,merge,A_rel,S2=S3,True,1,A_dominant,S2=S3主导型,3,C3 S2_S3_dominant
CS02,常熟虞山镇,T,special_merge_onset,T_Status,合流,merge,B_rel,S1=S2,False,,A_dominant,S2=S3主导型,3,C3 S2_S3_dominant
CS02,常熟虞山镇,T,special_merge_onset,T_Status,合流,merge,C_rel,S0=S1,False,,A_dominant,S2=S3主导型,3,C3 S2_S3_dominant
CS02,常熟虞山镇,T,special_merge_onset,T_Status,合流,merge,D_rel,S1=S3,False,,A_dominant,S2=S3主导型,3,C3 S2_S3_dominant
CS02,常熟虞山镇,K,value_pattern_onset,K_L3,S0=S1,pattern_C,A_rel,S2=S3,True,0,A_dominant,S2=S3主导型,3,C3 S2_S3_dominant
CS02,常熟虞山镇,K,value_pattern_onset,K_L3,S0=S1,pattern_C,B_rel,S1=S2,True,0,A_dominant,S2=S3主导型,3,C3 S2_S3_dominant
CS02,常熟虞山镇,K,value_pattern_onset,K_L3,S0=S1,pattern_C,C_rel,S0=S1,True,1,A_dominant,S2=S3主导型,3,C3 S2_S3_dominant
CS02,常熟虞山镇,K,value_pattern_onset,K_L3,S0=S1,pattern_C,D_rel,S1=S3,True,0,A_dominant,S2=S3主导型,3,C3 S2_S3_dominant
CS02,常熟虞山镇,M,value_pattern_onset,M_L3,S1=S2=S3,pattern_E,A_rel,S2=S3,True,1,A_dominant,S2=S3主导型,3,C3 S2_S3_dominant
CS02,常熟虞山镇,M,value_pattern_onset,M_L3,S1=S2=S3,pattern_E,B_rel,S1=S2,True,1,A_dominant,S2=S3主导型,3,C3 S2_S3_dominant
CS02,常熟虞山镇,M,value_pattern_onset,M_L3,S1=S2=S3,pattern_E,C_rel,S0=S1,True,0,A_dominant,S2=S3主导型,3,C3 S2_S3_dominant
CS02,常熟虞山镇,M,value_pattern_onset,M_L3,S1=S2=S3,pattern_E,D_rel,S1=S3,True,0,A_dominant,S2=S3主导型,3,C3 S2_S3_dominant
CS02,常熟虞山镇,P,value_pattern_onset,P_L3,S1=S2=S3,pattern_E,A_rel,S2=S3,True,1,A_dominant,S2=S3主导型,3,C3 S2_S3_dominant
CS02,常熟虞山镇,P,value_pattern_onset,P_L3,S1=S2=S3,pattern_E,B_rel,S1=S2,True,1,A_dominant,S2=S3主导型,3,C3 S2_S3_dominant
CS02,常熟虞山镇,P,value_pattern_onset,P_L3,S1=S2=S3,pattern_E,C_rel,S0=S1,True,0,A_dominant,S2=S3主导型,3,C3 S2_S3_dominant
CS02,常熟虞山镇,P,value_pattern_onset,P_L3,S1=S2=S3,pattern_E,D_rel,S1=S3,True,0,A_dominant,S2=S3主导型,3,C3 S2_S3_dominant
CS02,常熟虞山镇,TS,value_pattern_onset,TS_L3,S2=S3,pattern_A,A_rel,S2=S3,True,1,A_dominant,S2=S3主导型,3,C3 S2_S3_dominant
CS02,常熟虞山镇,TS,value_pattern_onset,TS_L3,S2=S3,pattern_A,B_rel,S1=S2,True,0,A_dominant,S2=S3主导型,3,C3 S2_S3_dominant
CS02,常熟虞山镇,TS,value_pattern_onset,TS_L3,S2=S3,pattern_A,C_rel,S0=S1,True,0,A_dominant,S2=S3主导型,3,C3 S2_S3_dominant
CS02,常熟虞山镇,TS,value_pattern_onset,TS_L3,S2=S3,pattern_A,D_rel,S1=S3,True,0,A_dominant,S2=S3主导型,3,C3 S2_S3_dominant
CS02,常熟虞山镇,Ø,value_pattern_onset,Ø_L3,S1=S3 [越级],pattern_D,A_rel,S2=S3,True,0,A_dominant,S2=S3主导型,3,C3 S2_S3_dominant
CS02,常熟虞山镇,Ø,value_pattern_onset,Ø_L3,S1=S3 [越级],pattern_D,B_rel,S1=S2,True,0,A_dominant,S2=S3主导型,3,C3 S2_S3_dominant
CS02,常熟虞山镇,Ø,value_pattern_onset,Ø_L3,S1=S3 [越级],pattern_D,C_rel,S0=S1,True,0,A_dominant,S2=S3主导型,3,C3 S2_S3_dominant
CS02,常熟虞山镇,Ø,value_pattern_onset,Ø_L3,S1=S3 [越级],pattern_D,D_rel,S1=S3,True,1,A_dominant,S2=S3主导型,3,C3 S2_S3_dominant
CX01,慈溪逍林,N,special_merge_onset,N_Status,分立,split,A_rel,S2=S3,True,0,conservative_split,保守分立型,1,C1 S2_S3_dominant
CX01,慈溪逍林,N,special_merge_onset,N_Status,分立,split,B_rel,S1=S2,False,,conservative_split,保守分立型,1,C1 S2_S3_dominant
CX01,慈溪逍林,N,special_merge_onset,N_Status,分立,split,C_rel,S0=S1,False,,conservative_split,保守分立型,1,C1 S2_S3_dominant
CX01,慈溪逍林,N,special_merge_onset,N_Status,分立,split,D_rel,S1=S3,False,,conservative_split,保守分立型,1,C1 S2_S3_dominant
CX01,慈溪逍林,T,special_merge_onset,T_Status,分立,split,A_rel,S2=S3,True,0,conservative_split,保守分立型,1,C1 S2_S3_dominant
CX01,慈溪逍林,T,special_merge_onset,T_Status,分立,split,B_rel,S1=S2,False,,conservative_split,保守分立型,1,C1 S2_S3_dominant
CX01,慈溪逍林,T,special_merge_onset,T_Status,分立,split,C_rel,S0=S1,False,,conservative_split,保守分立型,1,C1 S2_S3_dominant
CX01,慈溪逍林,T,special_merge_onset,T_Status,分立,split,D_rel,S1=S3,False,,conservative_split,保守分立型,1,C1 S2_S3_dominant
CX01,慈溪逍林,K,value_pattern_onset,K_L3,全对立,pattern_NONE,A_rel,S2=S3,True,0,conservative_split,保守分立型,1,C1 S2_S3_dominant
CX01,慈溪逍林,K,value_pattern_onset,K_L3,全对立,pattern_NONE,B_rel,S1=S2,True,0,conservative_split,保守分立型,1,C1 S2_S3_dominant
CX01,慈溪逍林,K,value_pattern_onset,K_L3,全对立,pattern_NONE,C_rel,S0=S1,True,0,conservative_split,保守分立型,1,C1 S2_S3_dominant
CX01,慈溪逍林,K,value_pattern_onset,K_L3,全对立,pattern_NONE,D_rel,S1=S3,True,0,conservative_split,保守分立型,1,C1 S2_S3_dominant
CX01,慈溪逍林,M,value_pattern_onset,M_L3,S2=S3,pattern_A,A_rel,S2=S3,True,1,conservative_split,保守分立型,1,C1 S2_S3_dominant
CX01,慈溪逍林,M,value_pattern_onset,M_L3,S2=S3,pattern_A,B_rel,S1=S2,True,0,conservative_split,保守分立型,1,C1 S2_S3_dominant
CX01,慈溪逍林,M,value_pattern_onset,M_L3,S2=S3,pattern_A,C_rel,S0=S1,True,0,conservative_split,保守分立型,1,C1 S2_S3_dominant
CX01,慈溪逍林,M,value_pattern_onset,M_L3,S2=S3,pattern_A,D_rel,S1=S3,True,0,conservative_split,保守分立型,1,C1 S2_S3_dominant
CX01,慈溪逍林,P,value_pattern_onset,P_L3,全对立,pattern_NONE,A_rel,S2=S3,True,0,conservative_split,保守分立型,1,C1 S2_S3_dominant
CX01,慈溪逍林,P,value_pattern_onset,P_L3,全对立,pattern_NONE,B_rel,S1=S2,True,0,conservative_split,保守分立型,1,C1 S2_S3_dominant
CX01,慈溪逍林,P,value_pattern_onset,P_L3,全对立,pattern_NONE,C_rel,S0=S1,True,0,conservative_split,保守分立型,1,C1 S2_S3_dominant
CX01,慈溪逍林,P,value_pattern_onset,P_L3,全对立,pattern_NONE,D_rel,S1=S3,True,0,conservative_split,保守分立型,1,C1 S2_S3_dominant
CX01,慈溪逍林,TS,value_pattern_onset,TS_L3,S2=S3,pattern_A,A_rel,S2=S3,True,1,conservative_split,保守分立型,1,C1 S2_S3_dominant
CX01,慈溪逍林,TS,value_pattern_onset,TS_L3,S2=S3,pattern_A,B_rel,S1=S2,True,0,conservative_split,保守分立型,1,C1 S2_S3_dominant
CX01,慈溪逍林,TS,value_pattern_onset,TS_L3,S2=S3,pattern_A,C_rel,S0=S1,True,0,conservative_split,保守分立型,1,C1 S2_S3_dominant
CX01,慈溪逍林,TS,value_pattern_onset,TS_L3,S2=S3,pattern_A,D_rel,S1=S3,True,0,conservative_split,保守分立型,1,C1 S2_S3_dominant
CX01,慈溪逍林,Ø,value_pattern_onset,Ø_L3,全对立,pattern_NONE,A_rel,S2=S3,True,0,conservative_split,保守分立型,1,C1 S2_S3_dominant
CX01,慈溪逍林,Ø,value_pattern_onset,Ø_L3,全对立,pattern_NONE,B_rel,S1=S2,True,0,conservative_split,保守分立型,1,C1 S2_S3_dominant
CX01,慈溪逍林,Ø,value_pattern_onset,Ø_L3,全对立,pattern_NONE,C_rel,S0=S1,True,0,conservative_split,保守分立型,1,C1 S2_S3_dominant
CX01,慈溪逍林,Ø,value_pattern_onset,Ø_L3,全对立,pattern_NONE,D_rel,S1=S3,True,0,conservative_split,保守分立型,1,C1 S2_S3_dominant
CX02,长兴,N,special_merge_onset,N_Status,合流,merge,A_rel,S2=S3,True,1,A_dominant,S2=S3主导型,3,C3 S2_S3_dominant
CX02,长兴,N,special_merge_onset,N_Status,合流,merge,B_rel,S1=S2,False,,A_dominant,S2=S3主导型,3,C3 S2_S3_dominant
CX02,长兴,N,special_merge_onset,N_Status,合流,merge,C_rel,S0=S1,False,,A_dominant,S2=S3主导型,3,C3 S2_S3_dominant
CX02,长兴,N,special_merge_onset,N_Status,合流,merge,D_rel,S1=S3,False,,A_dominant,S2=S3主导型,3,C3 S2_S3_dominant
CX02,长兴,T,special_merge_onset,T_Status,合流,merge,A_rel,S2=S3,True,1,A_dominant,S2=S3主导型,3,C3 S2_S3_dominant
CX02,长兴,T,special_merge_onset,T_Status,合流,merge,B_rel,S1=S2,False,,A_dominant,S2=S3主导型,3,C3 S2_S3_dominant
CX02,长兴,T,special_merge_onset,T_Status,合流,merge,C_rel,S0=S1,False,,A_dominant,S2=S3主导型,3,C3 S2_S3_dominant
CX02,长兴,T,special_merge_onset,T_Status,合流,merge,D_rel,S1=S3,False,,A_dominant,S2=S3主导型,3,C3 S2_S3_dominant
CX02,长兴,K,value_pattern_onset,K_L3,S0=S1，S2=S3,pattern_F,A_rel,S2=S3,True,1,A_dominant,S2=S3主导型,3,C3 S2_S3_dominant
CX02,长兴,K,value_pattern_onset,K_L3,S0=S1，S2=S3,pattern_F,B_rel,S1=S2,True,0,A_dominant,S2=S3主导型,3,C3 S2_S3_dominant
CX02,长兴,K,value_pattern_onset,K_L3,S0=S1，S2=S3,pattern_F,C_rel,S0=S1,True,1,A_dominant,S2=S3主导型,3,C3 S2_S3_dominant
CX02,长兴,K,value_pattern_onset,K_L3,S0=S1，S2=S3,pattern_F,D_rel,S1=S3,True,0,A_dominant,S2=S3主导型,3,C3 S2_S3_dominant
CX02,长兴,M,value_pattern_onset,M_L3,S1=S2=S3,pattern_E,A_rel,S2=S3,True,1,A_dominant,S2=S3主导型,3,C3 S2_S3_dominant
CX02,长兴,M,value_pattern_onset,M_L3,S1=S2=S3,pattern_E,B_rel,S1=S2,True,1,A_dominant,S2=S3主导型,3,C3 S2_S3_dominant
CX02,长兴,M,value_pattern_onset,M_L3,S1=S2=S3,pattern_E,C_rel,S0=S1,True,0,A_dominant,S2=S3主导型,3,C3 S2_S3_dominant
CX02,长兴,M,value_pattern_onset,M_L3,S1=S2=S3,pattern_E,D_rel,S1=S3,True,0,A_dominant,S2=S3主导型,3,C3 S2_S3_dominant
CX02,长兴,P,value_pattern_onset,P_L3,S2=S3,pattern_A,A_rel,S2=S3,True,1,A_dominant,S2=S3主导型,3,C3 S2_S3_dominant
CX02,长兴,P,value_pattern_onset,P_L3,S2=S3,pattern_A,B_rel,S1=S2,True,0,A_dominant,S2=S3主导型,3,C3 S2_S3_dominant
CX02,长兴,P,value_pattern_onset,P_L3,S2=S3,pattern_A,C_rel,S0=S1,True,0,A_dominant,S2=S3主导型,3,C3 S2_S3_dominant
CX02,长兴,P,value_pattern_onset,P_L3,S2=S3,pattern_A,D_rel,S1=S3,True,0,A_dominant,S2=S3主导型,3,C3 S2_S3_dominant
CX02,长兴,TS,value_pattern_onset,TS_L3,S2=S3,pattern_A,A_rel,S2=S3,True,1,A_dominant,S2=S3主导型,3,C3 S2_S3_dominant
CX02,长兴,TS,value_pattern_onset,TS_L3,S2=S3,pattern_A,B_rel,S1=S2,True,0,A_dominant,S2=S3主导型,3,C3 S2_S3_dominant
CX02,长兴,TS,value_pattern_onset,TS_L3,S2=S3,pattern_A,C_rel,S0=S1,True,0,A_dominant,S2=S3主导型,3,C3 S2_S3_dominant
CX02,长兴,TS,value_pattern_onset,TS_L3,S2=S3,pattern_A,D_rel,S1=S3,True,0,A_dominant,S2=S3主导型,3,C3 S2_S3_dominant
CX02,长兴,Ø,value_pattern_onset,Ø_L3,S2=S3,pattern_A,A_rel,S2=S3,True,1,A_dominant,S2=S3主导型,3,C3 S2_S3_dominant
CX02,长兴,Ø,value_pattern_onset,Ø_L3,S2=S3,pattern_A,B_rel,S1=S2,True,0,A_dominant,S2=S3主导型,3,C3 S2_S3_dominant
CX02,长兴,Ø,value_pattern_onset,Ø_L3,S2=S3,pattern_A,C_rel,S0=S1,True,0,A_dominant,S2=S3主导型,3,C3 S2_S3_dominant
CX02,长兴,Ø,value_pattern_onset,Ø_L3,S2=S3,pattern_A,D_rel,S1=S3,True,0,A_dominant,S2=S3主导型,3,C3 S2_S3_dominant
CZ01,常州,N,special_merge_onset,N_Status,分立,split,A_rel,S2=S3,True,0,conservative_split,保守分立型,1,C1 S2_S3_dominant
CZ01,常州,N,special_merge_onset,N_Status,分立,split,B_rel,S1=S2,False,,conservative_split,保守分立型,1,C1 S2_S3_dominant
CZ01,常州,N,special_merge_onset,N_Status,分立,split,C_rel,S0=S1,False,,conservative_split,保守分立型,1,C1 S2_S3_dominant
CZ01,常州,N,special_merge_onset,N_Status,分立,split,D_rel,S1=S3,False,,conservative_split,保守分立型,1,C1 S2_S3_dominant
CZ01,常州,T,special_merge_onset,T_Status,分立,split,A_rel,S2=S3,True,0,conservative_split,保守分立型,1,C1 S2_S3_dominant
CZ01,常州,T,special_merge_onset,T_Status,分立,split,B_rel,S1=S2,False,,conservative_split,保守分立型,1,C1 S2_S3_dominant
CZ01,常州,T,special_merge_onset,T_Status,分立,split,C_rel,S0=S1,False,,conservative_split,保守分立型,1,C1 S2_S3_dominant
CZ01,常州,T,special_merge_onset,T_Status,分立,split,D_rel,S1=S3,False,,conservative_split,保守分立型,1,C1 S2_S3_dominant
CZ01,常州,K,value_pattern_onset,K_L3,全对立,pattern_NONE,A_rel,S2=S3,True,0,conservative_split,保守分立型,1,C1 S2_S3_dominant
CZ01,常州,K,value_pattern_onset,K_L3,全对立,pattern_NONE,B_rel,S1=S2,True,0,conservative_split,保守分立型,1,C1 S2_S3_dominant
CZ01,常州,K,value_pattern_onset,K_L3,全对立,pattern_NONE,C_rel,S0=S1,True,0,conservative_split,保守分立型,1,C1 S2_S3_dominant
CZ01,常州,K,value_pattern_onset,K_L3,全对立,pattern_NONE,D_rel,S1=S3,True,0,conservative_split,保守分立型,1,C1 S2_S3_dominant
CZ01,常州,M,value_pattern_onset,M_L3,S2=S3,pattern_A,A_rel,S2=S3,True,1,conservative_split,保守分立型,1,C1 S2_S3_dominant
CZ01,常州,M,value_pattern_onset,M_L3,S2=S3,pattern_A,B_rel,S1=S2,True,0,conservative_split,保守分立型,1,C1 S2_S3_dominant
CZ01,常州,M,value_pattern_onset,M_L3,S2=S3,pattern_A,C_rel,S0=S1,True,0,conservative_split,保守分立型,1,C1 S2_S3_dominant
CZ01,常州,M,value_pattern_onset,M_L3,S2=S3,pattern_A,D_rel,S1=S3,True,0,conservative_split,保守分立型,1,C1 S2_S3_dominant
CZ01,常州,P,value_pattern_onset,P_L3,全对立,pattern_NONE,A_rel,S2=S3,True,0,conservative_split,保守分立型,1,C1 S2_S3_dominant
CZ01,常州,P,value_pattern_onset,P_L3,全对立,pattern_NONE,B_rel,S1=S2,True,0,conservative_split,保守分立型,1,C1 S2_S3_dominant
CZ01,常州,P,value_pattern_onset,P_L3,全对立,pattern_NONE,C_rel,S0=S1,True,0,conservative_split,保守分立型,1,C1 S2_S3_dominant
CZ01,常州,P,value_pattern_onset,P_L3,全对立,pattern_NONE,D_rel,S1=S3,True,0,conservative_split,保守分立型,1,C1 S2_S3_dominant
CZ01,常州,TS,value_pattern_onset,TS_L3,全对立,pattern_NONE,A_rel,S2=S3,True,0,conservative_split,保守分立型,1,C1 S2_S3_dominant
CZ01,常州,TS,value_pattern_onset,TS_L3,全对立,pattern_NONE,B_rel,S1=S2,True,0,conservative_split,保守分立型,1,C1 S2_S3_dominant
CZ01,常州,TS,value_pattern_onset,TS_L3,全对立,pattern_NONE,C_rel,S0=S1,True,0,conservative_split,保守分立型,1,C1 S2_S3_dominant
CZ01,常州,TS,value_pattern_onset,TS_L3,全对立,pattern_NONE,D_rel,S1=S3,True,0,conservative_split,保守分立型,1,C1 S2_S3_dominant
CZ01,常州,Ø,value_pattern_onset,Ø_L3,全对立,pattern_NONE,A_rel,S2=S3,True,0,conservative_split,保守分立型,1,C1 S2_S3_dominant
CZ01,常州,Ø,value_pattern_onset,Ø_L3,全对立,pattern_NONE,B_rel,S1=S2,True,0,conservative_split,保守分立型,1,C1 S2_S3_dominant
CZ01,常州,Ø,value_pattern_onset,Ø_L3,全对立,pattern_NONE,C_rel,S0=S1,True,0,conservative_split,保守分立型,1,C1 S2_S3_dominant
CZ01,常州,Ø,value_pattern_onset,Ø_L3,全对立,pattern_NONE,D_rel,S1=S3,True,0,conservative_split,保守分立型,1,C1 S2_S3_dominant
DB01,郎溪梅渚镇定埠,N,special_merge_onset,N_Status,分立,split,A_rel,S2=S3,True,0,conservative_split,保守分立型,1,C1 S2_S3_dominant
DB01,郎溪梅渚镇定埠,N,special_merge_onset,N_Status,分立,split,B_rel,S1=S2,False,,conservative_split,保守分立型,1,C1 S2_S3_dominant
DB01,郎溪梅渚镇定埠,N,special_merge_onset,N_Status,分立,split,C_rel,S0=S1,False,,conservative_split,保守分立型,1,C1 S2_S3_dominant
DB01,郎溪梅渚镇定埠,N,special_merge_onset,N_Status,分立,split,D_rel,S1=S3,False,,conservative_split,保守分立型,1,C1 S2_S3_dominant
DB01,郎溪梅渚镇定埠,T,special_merge_onset,T_Status,合流,merge,A_rel,S2=S3,True,1,conservative_split,保守分立型,1,C1 S2_S3_dominant
DB01,郎溪梅渚镇定埠,T,special_merge_onset,T_Status,合流,merge,B_rel,S1=S2,False,,conservative_split,保守分立型,1,C1 S2_S3_dominant
DB01,郎溪梅渚镇定埠,T,special_merge_onset,T_Status,合流,merge,C_rel,S0=S1,False,,conservative_split,保守分立型,1,C1 S2_S3_dominant
DB01,郎溪梅渚镇定埠,T,special_merge_onset,T_Status,合流,merge,D_rel,S1=S3,False,,conservative_split,保守分立型,1,C1 S2_S3_dominant
DB01,郎溪梅渚镇定埠,K,value_pattern_onset,K_L3,全对立,pattern_NONE,A_rel,S2=S3,True,0,conservative_split,保守分立型,1,C1 S2_S3_dominant
DB01,郎溪梅渚镇定埠,K,value_pattern_onset,K_L3,全对立,pattern_NONE,B_rel,S1=S2,True,0,conservative_split,保守分立型,1,C1 S2_S3_dominant
DB01,郎溪梅渚镇定埠,K,value_pattern_onset,K_L3,全对立,pattern_NONE,C_rel,S0=S1,True,0,conservative_split,保守分立型,1,C1 S2_S3_dominant
DB01,郎溪梅渚镇定埠,K,value_pattern_onset,K_L3,全对立,pattern_NONE,D_rel,S1=S3,True,0,conservative_split,保守分立型,1,C1 S2_S3_dominant
DB01,郎溪梅渚镇定埠,M,value_pattern_onset,M_L3,S2=S3,pattern_A,A_rel,S2=S3,True,1,conservative_split,保守分立型,1,C1 S2_S3_dominant
DB01,郎溪梅渚镇定埠,M,value_pattern_onset,M_L3,S2=S3,pattern_A,B_rel,S1=S2,True,0,conservative_split,保守分立型,1,C1 S2_S3_dominant
DB01,郎溪梅渚镇定埠,M,value_pattern_onset,M_L3,S2=S3,pattern_A,C_rel,S0=S1,True,0,conservative_split,保守分立型,1,C1 S2_S3_dominant
DB01,郎溪梅渚镇定埠,M,value_pattern_onset,M_L3,S2=S3,pattern_A,D_rel,S1=S3,True,0,conservative_split,保守分立型,1,C1 S2_S3_dominant
DB01,郎溪梅渚镇定埠,P,value_pattern_onset,P_L3,全对立,pattern_NONE,A_rel,S2=S3,True,0,conservative_split,保守分立型,1,C1 S2_S3_dominant
DB01,郎溪梅渚镇定埠,P,value_pattern_onset,P_L3,全对立,pattern_NONE,B_rel,S1=S2,True,0,conservative_split,保守分立型,1,C1 S2_S3_dominant
DB01,郎溪梅渚镇定埠,P,value_pattern_onset,P_L3,全对立,pattern_NONE,C_rel,S0=S1,True,0,conservative_split,保守分立型,1,C1 S2_S3_dominant
DB01,郎溪梅渚镇定埠,P,value_pattern_onset,P_L3,全对立,pattern_NONE,D_rel,S1=S3,True,0,conservative_split,保守分立型,1,C1 S2_S3_dominant
DB01,郎溪梅渚镇定埠,TS,value_pattern_onset,TS_L3,全对立,pattern_NONE,A_rel,S2=S3,True,0,conservative_split,保守分立型,1,C1 S2_S3_dominant
DB01,郎溪梅渚镇定埠,TS,value_pattern_onset,TS_L3,全对立,pattern_NONE,B_rel,S1=S2,True,0,conservative_split,保守分立型,1,C1 S2_S3_dominant
DB01,郎溪梅渚镇定埠,TS,value_pattern_onset,TS_L3,全对立,pattern_NONE,C_rel,S0=S1,True,0,conservative_split,保守分立型,1,C1 S2_S3_dominant
DB01,郎溪梅渚镇定埠,TS,value_pattern_onset,TS_L3,全对立,pattern_NONE,D_rel,S1=S3,True,0,conservative_split,保守分立型,1,C1 S2_S3_dominant
DB01,郎溪梅渚镇定埠,Ø,value_pattern_onset,Ø_L3,全对立,pattern_NONE,A_rel,S2=S3,True,0,conservative_split,保守分立型,1,C1 S2_S3_dominant
DB01,郎溪梅渚镇定埠,Ø,value_pattern_onset,Ø_L3,全对立,pattern_NONE,B_rel,S1=S2,True,0,conservative_split,保守分立型,1,C1 S2_S3_dominant
DB01,郎溪梅渚镇定埠,Ø,value_pattern_onset,Ø_L3,全对立,pattern_NONE,C_rel,S0=S1,True,0,conservative_split,保守分立型,1,C1 S2_S3_dominant
DB01,郎溪梅渚镇定埠,Ø,value_pattern_onset,Ø_L3,全对立,pattern_NONE,D_rel,S1=S3,True,0,conservative_split,保守分立型,1,C1 S2_S3_dominant
DQ01,德清乾元,N,special_merge_onset,N_Status,合流,merge,A_rel,S2=S3,True,1,A_dominant,S2=S3主导型,3,C3 S2_S3_dominant
DQ01,德清乾元,N,special_merge_onset,N_Status,合流,merge,B_rel,S1=S2,False,,A_dominant,S2=S3主导型,3,C3 S2_S3_dominant
DQ01,德清乾元,N,special_merge_onset,N_Status,合流,merge,C_rel,S0=S1,False,,A_dominant,S2=S3主导型,3,C3 S2_S3_dominant
DQ01,德清乾元,N,special_merge_onset,N_Status,合流,merge,D_rel,S1=S3,False,,A_dominant,S2=S3主导型,3,C3 S2_S3_dominant
DQ01,德清乾元,T,special_merge_onset,T_Status,合流,merge,A_rel,S2=S3,True,1,A_dominant,S2=S3主导型,3,C3 S2_S3_dominant
DQ01,德清乾元,T,special_merge_onset,T_Status,合流,merge,B_rel,S1=S2,False,,A_dominant,S2=S3主导型,3,C3 S2_S3_dominant
DQ01,德清乾元,T,special_merge_onset,T_Status,合流,merge,C_rel,S0=S1,False,,A_dominant,S2=S3主导型,3,C3 S2_S3_dominant
DQ01,德清乾元,T,special_merge_onset,T_Status,合流,merge,D_rel,S1=S3,False,,A_dominant,S2=S3主导型,3,C3 S2_S3_dominant
DQ01,德清乾元,K,value_pattern_onset,K_L3,S0=S1，S2=S3,pattern_F,A_rel,S2=S3,True,1,A_dominant,S2=S3主导型,3,C3 S2_S3_dominant
DQ01,德清乾元,K,value_pattern_onset,K_L3,S0=S1，S2=S3,pattern_F,B_rel,S1=S2,True,0,A_dominant,S2=S3主导型,3,C3 S2_S3_dominant
DQ01,德清乾元,K,value_pattern_onset,K_L3,S0=S1，S2=S3,pattern_F,C_rel,S0=S1,True,1,A_dominant,S2=S3主导型,3,C3 S2_S3_dominant
DQ01,德清乾元,K,value_pattern_onset,K_L3,S0=S1，S2=S3,pattern_F,D_rel,S1=S3,True,0,A_dominant,S2=S3主导型,3,C3 S2_S3_dominant
DQ01,德清乾元,M,value_pattern_onset,M_L3,S2=S3,pattern_A,A_rel,S2=S3,True,1,A_dominant,S2=S3主导型,3,C3 S2_S3_dominant
DQ01,德清乾元,M,value_pattern_onset,M_L3,S2=S3,pattern_A,B_rel,S1=S2,True,0,A_dominant,S2=S3主导型,3,C3 S2_S3_dominant
DQ01,德清乾元,M,value_pattern_onset,M_L3,S2=S3,pattern_A,C_rel,S0=S1,True,0,A_dominant,S2=S3主导型,3,C3 S2_S3_dominant
DQ01,德清乾元,M,value_pattern_onset,M_L3,S2=S3,pattern_A,D_rel,S1=S3,True,0,A_dominant,S2=S3主导型,3,C3 S2_S3_dominant
DQ01,德清乾元,P,value_pattern_onset,P_L3,S2=S3,pattern_A,A_rel,S2=S3,True,1,A_dominant,S2=S3主导型,3,C3 S2_S3_dominant
DQ01,德清乾元,P,value_pattern_onset,P_L3,S2=S3,pattern_A,B_rel,S1=S2,True,0,A_dominant,S2=S3主导型,3,C3 S2_S3_dominant
DQ01,德清乾元,P,value_pattern_onset,P_L3,S2=S3,pattern_A,C_rel,S0=S1,True,0,A_dominant,S2=S3主导型,3,C3 S2_S3_dominant
DQ01,德清乾元,P,value_pattern_onset,P_L3,S2=S3,pattern_A,D_rel,S1=S3,True,0,A_dominant,S2=S3主导型,3,C3 S2_S3_dominant
DQ01,德清乾元,TS,value_pattern_onset,TS_L3,S2=S3,pattern_A,A_rel,S2=S3,True,1,A_dominant,S2=S3主导型,3,C3 S2_S3_dominant
DQ01,德清乾元,TS,value_pattern_onset,TS_L3,S2=S3,pattern_A,B_rel,S1=S2,True,0,A_dominant,S2=S3主导型,3,C3 S2_S3_dominant
DQ01,德清乾元,TS,value_pattern_onset,TS_L3,S2=S3,pattern_A,C_rel,S0=S1,True,0,A_dominant,S2=S3主导型,3,C3 S2_S3_dominant
DQ01,德清乾元,TS,value_pattern_onset,TS_L3,S2=S3,pattern_A,D_rel,S1=S3,True,0,A_dominant,S2=S3主导型,3,C3 S2_S3_dominant
DQ01,德清乾元,Ø,value_pattern_onset,Ø_L3,S2=S3,pattern_A,A_rel,S2=S3,True,1,A_dominant,S2=S3主导型,3,C3 S2_S3_dominant
DQ01,德清乾元,Ø,value_pattern_onset,Ø_L3,S2=S3,pattern_A,B_rel,S1=S2,True,0,A_dominant,S2=S3主导型,3,C3 S2_S3_dominant
DQ01,德清乾元,Ø,value_pattern_onset,Ø_L3,S2=S3,pattern_A,C_rel,S0=S1,True,0,A_dominant,S2=S3主导型,3,C3 S2_S3_dominant
DQ01,德清乾元,Ø,value_pattern_onset,Ø_L3,S2=S3,pattern_A,D_rel,S1=S3,True,0,A_dominant,S2=S3主导型,3,C3 S2_S3_dominant
DS01,岱山岱西镇,N,special_merge_onset,N_Status,合流,merge,A_rel,S2=S3,True,1,conservative_split,保守分立型,1,C1 S2_S3_dominant
DS01,岱山岱西镇,N,special_merge_onset,N_Status,合流,merge,B_rel,S1=S2,False,,conservative_split,保守分立型,1,C1 S2_S3_dominant
DS01,岱山岱西镇,N,special_merge_onset,N_Status,合流,merge,C_rel,S0=S1,False,,conservative_split,保守分立型,1,C1 S2_S3_dominant
DS01,岱山岱西镇,N,special_merge_onset,N_Status,合流,merge,D_rel,S1=S3,False,,conservative_split,保守分立型,1,C1 S2_S3_dominant
DS01,岱山岱西镇,T,special_merge_onset,T_Status,分立,split,A_rel,S2=S3,True,0,conservative_split,保守分立型,1,C1 S2_S3_dominant
DS01,岱山岱西镇,T,special_merge_onset,T_Status,分立,split,B_rel,S1=S2,False,,conservative_split,保守分立型,1,C1 S2_S3_dominant
DS01,岱山岱西镇,T,special_merge_onset,T_Status,分立,split,C_rel,S0=S1,False,,conservative_split,保守分立型,1,C1 S2_S3_dominant
DS01,岱山岱西镇,T,special_merge_onset,T_Status,分立,split,D_rel,S1=S3,False,,conservative_split,保守分立型,1,C1 S2_S3_dominant
DS01,岱山岱西镇,K,value_pattern_onset,K_L3,全对立,pattern_NONE,A_rel,S2=S3,True,0,conservative_split,保守分立型,1,C1 S2_S3_dominant
DS01,岱山岱西镇,K,value_pattern_onset,K_L3,全对立,pattern_NONE,B_rel,S1=S2,True,0,conservative_split,保守分立型,1,C1 S2_S3_dominant
DS01,岱山岱西镇,K,value_pattern_onset,K_L3,全对立,pattern_NONE,C_rel,S0=S1,True,0,conservative_split,保守分立型,1,C1 S2_S3_dominant
DS01,岱山岱西镇,K,value_pattern_onset,K_L3,全对立,pattern_NONE,D_rel,S1=S3,True,0,conservative_split,保守分立型,1,C1 S2_S3_dominant
DS01,岱山岱西镇,M,value_pattern_onset,M_L3,S2=S3,pattern_A,A_rel,S2=S3,True,1,conservative_split,保守分立型,1,C1 S2_S3_dominant
DS01,岱山岱西镇,M,value_pattern_onset,M_L3,S2=S3,pattern_A,B_rel,S1=S2,True,0,conservative_split,保守分立型,1,C1 S2_S3_dominant
DS01,岱山岱西镇,M,value_pattern_onset,M_L3,S2=S3,pattern_A,C_rel,S0=S1,True,0,conservative_split,保守分立型,1,C1 S2_S3_dominant
DS01,岱山岱西镇,M,value_pattern_onset,M_L3,S2=S3,pattern_A,D_rel,S1=S3,True,0,conservative_split,保守分立型,1,C1 S2_S3_dominant
DS01,岱山岱西镇,P,value_pattern_onset,P_L3,全对立,pattern_NONE,A_rel,S2=S3,True,0,conservative_split,保守分立型,1,C1 S2_S3_dominant
DS01,岱山岱西镇,P,value_pattern_onset,P_L3,全对立,pattern_NONE,B_rel,S1=S2,True,0,conservative_split,保守分立型,1,C1 S2_S3_dominant
DS01,岱山岱西镇,P,value_pattern_onset,P_L3,全对立,pattern_NONE,C_rel,S0=S1,True,0,conservative_split,保守分立型,1,C1 S2_S3_dominant
DS01,岱山岱西镇,P,value_pattern_onset,P_L3,全对立,pattern_NONE,D_rel,S1=S3,True,0,conservative_split,保守分立型,1,C1 S2_S3_dominant
DS01,岱山岱西镇,TS,value_pattern_onset,TS_L3,全对立,pattern_NONE,A_rel,S2=S3,True,0,conservative_split,保守分立型,1,C1 S2_S3_dominant
DS01,岱山岱西镇,TS,value_pattern_onset,TS_L3,全对立,pattern_NONE,B_rel,S1=S2,True,0,conservative_split,保守分立型,1,C1 S2_S3_dominant
DS01,岱山岱西镇,TS,value_pattern_onset,TS_L3,全对立,pattern_NONE,C_rel,S0=S1,True,0,conservative_split,保守分立型,1,C1 S2_S3_dominant
DS01,岱山岱西镇,TS,value_pattern_onset,TS_L3,全对立,pattern_NONE,D_rel,S1=S3,True,0,conservative_split,保守分立型,1,C1 S2_S3_dominant
DS01,岱山岱西镇,Ø,value_pattern_onset,Ø_L3,全对立,pattern_NONE,A_rel,S2=S3,True,0,conservative_split,保守分立型,1,C1 S2_S3_dominant
DS01,岱山岱西镇,Ø,value_pattern_onset,Ø_L3,全对立,pattern_NONE,B_rel,S1=S2,True,0,conservative_split,保守分立型,1,C1 S2_S3_dominant
DS01,岱山岱西镇,Ø,value_pattern_onset,Ø_L3,全对立,pattern_NONE,C_rel,S0=S1,True,0,conservative_split,保守分立型,1,C1 S2_S3_dominant
DS01,岱山岱西镇,Ø,value_pattern_onset,Ø_L3,全对立,pattern_NONE,D_rel,S1=S3,True,0,conservative_split,保守分立型,1,C1 S2_S3_dominant
DY01,丹阳,N,special_merge_onset,N_Status,合流,merge,A_rel,S2=S3,True,1,C_dominant,S0=S1主导型,3,C3 S2_S3_dominant
DY01,丹阳,N,special_merge_onset,N_Status,合流,merge,B_rel,S1=S2,False,,C_dominant,S0=S1主导型,3,C3 S2_S3_dominant
DY01,丹阳,N,special_merge_onset,N_Status,合流,merge,C_rel,S0=S1,False,,C_dominant,S0=S1主导型,3,C3 S2_S3_dominant
DY01,丹阳,N,special_merge_onset,N_Status,合流,merge,D_rel,S1=S3,False,,C_dominant,S0=S1主导型,3,C3 S2_S3_dominant
DY01,丹阳,T,special_merge_onset,T_Status,分立,split,A_rel,S2=S3,True,0,C_dominant,S0=S1主导型,3,C3 S2_S3_dominant
DY01,丹阳,T,special_merge_onset,T_Status,分立,split,B_rel,S1=S2,False,,C_dominant,S0=S1主导型,3,C3 S2_S3_dominant
DY01,丹阳,T,special_merge_onset,T_Status,分立,split,C_rel,S0=S1,False,,C_dominant,S0=S1主导型,3,C3 S2_S3_dominant
DY01,丹阳,T,special_merge_onset,T_Status,分立,split,D_rel,S1=S3,False,,C_dominant,S0=S1主导型,3,C3 S2_S3_dominant
DY01,丹阳,K,value_pattern_onset,K_L3,全对立,pattern_NONE,A_rel,S2=S3,True,0,C_dominant,S0=S1主导型,3,C3 S2_S3_dominant
DY01,丹阳,K,value_pattern_onset,K_L3,全对立,pattern_NONE,B_rel,S1=S2,True,0,C_dominant,S0=S1主导型,3,C3 S2_S3_dominant
DY01,丹阳,K,value_pattern_onset,K_L3,全对立,pattern_NONE,C_rel,S0=S1,True,0,C_dominant,S0=S1主导型,3,C3 S2_S3_dominant
DY01,丹阳,K,value_pattern_onset,K_L3,全对立,pattern_NONE,D_rel,S1=S3,True,0,C_dominant,S0=S1主导型,3,C3 S2_S3_dominant
DY01,丹阳,M,value_pattern_onset,M_L3,S0=S1，S2=S3,pattern_F,A_rel,S2=S3,True,1,C_dominant,S0=S1主导型,3,C3 S2_S3_dominant
DY01,丹阳,M,value_pattern_onset,M_L3,S0=S1，S2=S3,pattern_F,B_rel,S1=S2,True,0,C_dominant,S0=S1主导型,3,C3 S2_S3_dominant
DY01,丹阳,M,value_pattern_onset,M_L3,S0=S1，S2=S3,pattern_F,C_rel,S0=S1,True,1,C_dominant,S0=S1主导型,3,C3 S2_S3_dominant
DY01,丹阳,M,value_pattern_onset,M_L3,S0=S1，S2=S3,pattern_F,D_rel,S1=S3,True,0,C_dominant,S0=S1主导型,3,C3 S2_S3_dominant
DY01,丹阳,P,value_pattern_onset,P_L3,S0=S1,pattern_C,A_rel,S2=S3,True,0,C_dominant,S0=S1主导型,3,C3 S2_S3_dominant
DY01,丹阳,P,value_pattern_onset,P_L3,S0=S1,pattern_C,B_rel,S1=S2,True,0,C_dominant,S0=S1主导型,3,C3 S2_S3_dominant
DY01,丹阳,P,value_pattern_onset,P_L3,S0=S1,pattern_C,C_rel,S0=S1,True,1,C_dominant,S0=S1主导型,3,C3 S2_S3_dominant
DY01,丹阳,P,value_pattern_onset,P_L3,S0=S1,pattern_C,D_rel,S1=S3,True,0,C_dominant,S0=S1主导型,3,C3 S2_S3_dominant
DY01,丹阳,TS,value_pattern_onset,TS_L3,S0=S1,pattern_C,A_rel,S2=S3,True,0,C_dominant,S0=S1主导型,3,C3 S2_S3_dominant
DY01,丹阳,TS,value_pattern_onset,TS_L3,S0=S1,pattern_C,B_rel,S1=S2,True,0,C_dominant,S0=S1主导型,3,C3 S2_S3_dominant
DY01,丹阳,TS,value_pattern_onset,TS_L3,S0=S1,pattern_C,C_rel,S0=S1,True,1,C_dominant,S0=S1主导型,3,C3 S2_S3_dominant
DY01,丹阳,TS,value_pattern_onset,TS_L3,S0=S1,pattern_C,D_rel,S1=S3,True,0,C_dominant,S0=S1主导型,3,C3 S2_S3_dominant
DY01,丹阳,Ø,value_pattern_onset,Ø_L3,全对立,pattern_NONE,A_rel,S2=S3,True,0,C_dominant,S0=S1主导型,3,C3 S2_S3_dominant
DY01,丹阳,Ø,value_pattern_onset,Ø_L3,全对立,pattern_NONE,B_rel,S1=S2,True,0,C_dominant,S0=S1主导型,3,C3 S2_S3_dominant
DY01,丹阳,Ø,value_pattern_onset,Ø_L3,全对立,pattern_NONE,C_rel,S0=S1,True,0,C_dominant,S0=S1主导型,3,C3 S2_S3_dominant
DY01,丹阳,Ø,value_pattern_onset,Ø_L3,全对立,pattern_NONE,D_rel,S1=S3,True,0,C_dominant,S0=S1主导型,3,C3 S2_S3_dominant
FC01,奉城,N,special_merge_onset,N_Status,合流,merge,A_rel,S2=S3,True,1,A_dominant,S2=S3主导型,3,C3 S2_S3_dominant
FC01,奉城,N,special_merge_onset,N_Status,合流,merge,B_rel,S1=S2,False,,A_dominant,S2=S3主导型,3,C3 S2_S3_dominant
FC01,奉城,N,special_merge_onset,N_Status,合流,merge,C_rel,S0=S1,False,,A_dominant,S2=S3主导型,3,C3 S2_S3_dominant
FC01,奉城,N,special_merge_onset,N_Status,合流,merge,D_rel,S1=S3,False,,A_dominant,S2=S3主导型,3,C3 S2_S3_dominant
FC01,奉城,T,special_merge_onset,T_Status,合流,merge,A_rel,S2=S3,True,1,A_dominant,S2=S3主导型,3,C3 S2_S3_dominant
FC01,奉城,T,special_merge_onset,T_Status,合流,merge,B_rel,S1=S2,False,,A_dominant,S2=S3主导型,3,C3 S2_S3_dominant
FC01,奉城,T,special_merge_onset,T_Status,合流,merge,C_rel,S0=S1,False,,A_dominant,S2=S3主导型,3,C3 S2_S3_dominant
FC01,奉城,T,special_merge_onset,T_Status,合流,merge,D_rel,S1=S3,False,,A_dominant,S2=S3主导型,3,C3 S2_S3_dominant
FC01,奉城,K,value_pattern_onset,K_L3,S0=S1，S2=S3,pattern_F,A_rel,S2=S3,True,1,A_dominant,S2=S3主导型,3,C3 S2_S3_dominant
FC01,奉城,K,value_pattern_onset,K_L3,S0=S1，S2=S3,pattern_F,B_rel,S1=S2,True,0,A_dominant,S2=S3主导型,3,C3 S2_S3_dominant
FC01,奉城,K,value_pattern_onset,K_L3,S0=S1，S2=S3,pattern_F,C_rel,S0=S1,True,1,A_dominant,S2=S3主导型,3,C3 S2_S3_dominant
FC01,奉城,K,value_pattern_onset,K_L3,S0=S1，S2=S3,pattern_F,D_rel,S1=S3,True,0,A_dominant,S2=S3主导型,3,C3 S2_S3_dominant
FC01,奉城,M,value_pattern_onset,M_L3,S1=S2=S3,pattern_E,A_rel,S2=S3,True,1,A_dominant,S2=S3主导型,3,C3 S2_S3_dominant
FC01,奉城,M,value_pattern_onset,M_L3,S1=S2=S3,pattern_E,B_rel,S1=S2,True,1,A_dominant,S2=S3主导型,3,C3 S2_S3_dominant
FC01,奉城,M,value_pattern_onset,M_L3,S1=S2=S3,pattern_E,C_rel,S0=S1,True,0,A_dominant,S2=S3主导型,3,C3 S2_S3_dominant
FC01,奉城,M,value_pattern_onset,M_L3,S1=S2=S3,pattern_E,D_rel,S1=S3,True,0,A_dominant,S2=S3主导型,3,C3 S2_S3_dominant
FC01,奉城,P,value_pattern_onset,P_L3,S2=S3,pattern_A,A_rel,S2=S3,True,1,A_dominant,S2=S3主导型,3,C3 S2_S3_dominant
FC01,奉城,P,value_pattern_onset,P_L3,S2=S3,pattern_A,B_rel,S1=S2,True,0,A_dominant,S2=S3主导型,3,C3 S2_S3_dominant
FC01,奉城,P,value_pattern_onset,P_L3,S2=S3,pattern_A,C_rel,S0=S1,True,0,A_dominant,S2=S3主导型,3,C3 S2_S3_dominant
FC01,奉城,P,value_pattern_onset,P_L3,S2=S3,pattern_A,D_rel,S1=S3,True,0,A_dominant,S2=S3主导型,3,C3 S2_S3_dominant
FC01,奉城,TS,value_pattern_onset,TS_L3,S2=S3,pattern_A,A_rel,S2=S3,True,1,A_dominant,S2=S3主导型,3,C3 S2_S3_dominant
FC01,奉城,TS,value_pattern_onset,TS_L3,S2=S3,pattern_A,B_rel,S1=S2,True,0,A_dominant,S2=S3主导型,3,C3 S2_S3_dominant
FC01,奉城,TS,value_pattern_onset,TS_L3,S2=S3,pattern_A,C_rel,S0=S1,True,0,A_dominant,S2=S3主导型,3,C3 S2_S3_dominant
FC01,奉城,TS,value_pattern_onset,TS_L3,S2=S3,pattern_A,D_rel,S1=S3,True,0,A_dominant,S2=S3主导型,3,C3 S2_S3_dominant
FC01,奉城,Ø,value_pattern_onset,Ø_L3,S2=S3,pattern_A,A_rel,S2=S3,True,1,A_dominant,S2=S3主导型,3,C3 S2_S3_dominant
FC01,奉城,Ø,value_pattern_onset,Ø_L3,S2=S3,pattern_A,B_rel,S1=S2,True,0,A_dominant,S2=S3主导型,3,C3 S2_S3_dominant
FC01,奉城,Ø,value_pattern_onset,Ø_L3,S2=S3,pattern_A,C_rel,S0=S1,True,0,A_dominant,S2=S3主导型,3,C3 S2_S3_dominant
FC01,奉城,Ø,value_pattern_onset,Ø_L3,S2=S3,pattern_A,D_rel,S1=S3,True,0,A_dominant,S2=S3主导型,3,C3 S2_S3_dominant
FH01,奉化西坞,N,special_merge_onset,N_Status,分立,split,A_rel,S2=S3,True,0,conservative_split,保守分立型,1,C1 S2_S3_dominant
FH01,奉化西坞,N,special_merge_onset,N_Status,分立,split,B_rel,S1=S2,False,,conservative_split,保守分立型,1,C1 S2_S3_dominant
FH01,奉化西坞,N,special_merge_onset,N_Status,分立,split,C_rel,S0=S1,False,,conservative_split,保守分立型,1,C1 S2_S3_dominant
FH01,奉化西坞,N,special_merge_onset,N_Status,分立,split,D_rel,S1=S3,False,,conservative_split,保守分立型,1,C1 S2_S3_dominant
FH01,奉化西坞,T,special_merge_onset,T_Status,分立,split,A_rel,S2=S3,True,0,conservative_split,保守分立型,1,C1 S2_S3_dominant
FH01,奉化西坞,T,special_merge_onset,T_Status,分立,split,B_rel,S1=S2,False,,conservative_split,保守分立型,1,C1 S2_S3_dominant
FH01,奉化西坞,T,special_merge_onset,T_Status,分立,split,C_rel,S0=S1,False,,conservative_split,保守分立型,1,C1 S2_S3_dominant
FH01,奉化西坞,T,special_merge_onset,T_Status,分立,split,D_rel,S1=S3,False,,conservative_split,保守分立型,1,C1 S2_S3_dominant
FH01,奉化西坞,K,value_pattern_onset,K_L3,全对立,pattern_NONE,A_rel,S2=S3,True,0,conservative_split,保守分立型,1,C1 S2_S3_dominant
FH01,奉化西坞,K,value_pattern_onset,K_L3,全对立,pattern_NONE,B_rel,S1=S2,True,0,conservative_split,保守分立型,1,C1 S2_S3_dominant
FH01,奉化西坞,K,value_pattern_onset,K_L3,全对立,pattern_NONE,C_rel,S0=S1,True,0,conservative_split,保守分立型,1,C1 S2_S3_dominant
FH01,奉化西坞,K,value_pattern_onset,K_L3,全对立,pattern_NONE,D_rel,S1=S3,True,0,conservative_split,保守分立型,1,C1 S2_S3_dominant
FH01,奉化西坞,M,value_pattern_onset,M_L3,S2=S3,pattern_A,A_rel,S2=S3,True,1,conservative_split,保守分立型,1,C1 S2_S3_dominant
FH01,奉化西坞,M,value_pattern_onset,M_L3,S2=S3,pattern_A,B_rel,S1=S2,True,0,conservative_split,保守分立型,1,C1 S2_S3_dominant
FH01,奉化西坞,M,value_pattern_onset,M_L3,S2=S3,pattern_A,C_rel,S0=S1,True,0,conservative_split,保守分立型,1,C1 S2_S3_dominant
FH01,奉化西坞,M,value_pattern_onset,M_L3,S2=S3,pattern_A,D_rel,S1=S3,True,0,conservative_split,保守分立型,1,C1 S2_S3_dominant
FH01,奉化西坞,P,value_pattern_onset,P_L3,全对立,pattern_NONE,A_rel,S2=S3,True,0,conservative_split,保守分立型,1,C1 S2_S3_dominant
FH01,奉化西坞,P,value_pattern_onset,P_L3,全对立,pattern_NONE,B_rel,S1=S2,True,0,conservative_split,保守分立型,1,C1 S2_S3_dominant
FH01,奉化西坞,P,value_pattern_onset,P_L3,全对立,pattern_NONE,C_rel,S0=S1,True,0,conservative_split,保守分立型,1,C1 S2_S3_dominant
FH01,奉化西坞,P,value_pattern_onset,P_L3,全对立,pattern_NONE,D_rel,S1=S3,True,0,conservative_split,保守分立型,1,C1 S2_S3_dominant
FH01,奉化西坞,TS,value_pattern_onset,TS_L3,全对立,pattern_NONE,A_rel,S2=S3,True,0,conservative_split,保守分立型,1,C1 S2_S3_dominant
FH01,奉化西坞,TS,value_pattern_onset,TS_L3,全对立,pattern_NONE,B_rel,S1=S2,True,0,conservative_split,保守分立型,1,C1 S2_S3_dominant
FH01,奉化西坞,TS,value_pattern_onset,TS_L3,全对立,pattern_NONE,C_rel,S0=S1,True,0,conservative_split,保守分立型,1,C1 S2_S3_dominant
FH01,奉化西坞,TS,value_pattern_onset,TS_L3,全对立,pattern_NONE,D_rel,S1=S3,True,0,conservative_split,保守分立型,1,C1 S2_S3_dominant
FH01,奉化西坞,Ø,value_pattern_onset,Ø_L3,全对立,pattern_NONE,A_rel,S2=S3,True,0,conservative_split,保守分立型,1,C1 S2_S3_dominant
FH01,奉化西坞,Ø,value_pattern_onset,Ø_L3,全对立,pattern_NONE,B_rel,S1=S2,True,0,conservative_split,保守分立型,1,C1 S2_S3_dominant
FH01,奉化西坞,Ø,value_pattern_onset,Ø_L3,全对立,pattern_NONE,C_rel,S0=S1,True,0,conservative_split,保守分立型,1,C1 S2_S3_dominant
FH01,奉化西坞,Ø,value_pattern_onset,Ø_L3,全对立,pattern_NONE,D_rel,S1=S3,True,0,conservative_split,保守分立型,1,C1 S2_S3_dominant
FJ01,枫泾镇,N,special_merge_onset,N_Status,合流,merge,A_rel,S2=S3,True,1,A_dominant,S2=S3主导型,3,C3 S2_S3_dominant
FJ01,枫泾镇,N,special_merge_onset,N_Status,合流,merge,B_rel,S1=S2,False,,A_dominant,S2=S3主导型,3,C3 S2_S3_dominant
FJ01,枫泾镇,N,special_merge_onset,N_Status,合流,merge,C_rel,S0=S1,False,,A_dominant,S2=S3主导型,3,C3 S2_S3_dominant
FJ01,枫泾镇,N,special_merge_onset,N_Status,合流,merge,D_rel,S1=S3,False,,A_dominant,S2=S3主导型,3,C3 S2_S3_dominant
FJ01,枫泾镇,T,special_merge_onset,T_Status,合流,merge,A_rel,S2=S3,True,1,A_dominant,S2=S3主导型,3,C3 S2_S3_dominant
FJ01,枫泾镇,T,special_merge_onset,T_Status,合流,merge,B_rel,S1=S2,False,,A_dominant,S2=S3主导型,3,C3 S2_S3_dominant
FJ01,枫泾镇,T,special_merge_onset,T_Status,合流,merge,C_rel,S0=S1,False,,A_dominant,S2=S3主导型,3,C3 S2_S3_dominant
FJ01,枫泾镇,T,special_merge_onset,T_Status,合流,merge,D_rel,S1=S3,False,,A_dominant,S2=S3主导型,3,C3 S2_S3_dominant
FJ01,枫泾镇,K,value_pattern_onset,K_L3,S0=S1，S2=S3,pattern_F,A_rel,S2=S3,True,1,A_dominant,S2=S3主导型,3,C3 S2_S3_dominant
FJ01,枫泾镇,K,value_pattern_onset,K_L3,S0=S1，S2=S3,pattern_F,B_rel,S1=S2,True,0,A_dominant,S2=S3主导型,3,C3 S2_S3_dominant
FJ01,枫泾镇,K,value_pattern_onset,K_L3,S0=S1，S2=S3,pattern_F,C_rel,S0=S1,True,1,A_dominant,S2=S3主导型,3,C3 S2_S3_dominant
FJ01,枫泾镇,K,value_pattern_onset,K_L3,S0=S1，S2=S3,pattern_F,D_rel,S1=S3,True,0,A_dominant,S2=S3主导型,3,C3 S2_S3_dominant
FJ01,枫泾镇,M,value_pattern_onset,M_L3,S2=S3,pattern_A,A_rel,S2=S3,True,1,A_dominant,S2=S3主导型,3,C3 S2_S3_dominant
FJ01,枫泾镇,M,value_pattern_onset,M_L3,S2=S3,pattern_A,B_rel,S1=S2,True,0,A_dominant,S2=S3主导型,3,C3 S2_S3_dominant
FJ01,枫泾镇,M,value_pattern_onset,M_L3,S2=S3,pattern_A,C_rel,S0=S1,True,0,A_dominant,S2=S3主导型,3,C3 S2_S3_dominant
FJ01,枫泾镇,M,value_pattern_onset,M_L3,S2=S3,pattern_A,D_rel,S1=S3,True,0,A_dominant,S2=S3主导型,3,C3 S2_S3_dominant
FJ01,枫泾镇,P,value_pattern_onset,P_L3,S2=S3,pattern_A,A_rel,S2=S3,True,1,A_dominant,S2=S3主导型,3,C3 S2_S3_dominant
FJ01,枫泾镇,P,value_pattern_onset,P_L3,S2=S3,pattern_A,B_rel,S1=S2,True,0,A_dominant,S2=S3主导型,3,C3 S2_S3_dominant
FJ01,枫泾镇,P,value_pattern_onset,P_L3,S2=S3,pattern_A,C_rel,S0=S1,True,0,A_dominant,S2=S3主导型,3,C3 S2_S3_dominant
FJ01,枫泾镇,P,value_pattern_onset,P_L3,S2=S3,pattern_A,D_rel,S1=S3,True,0,A_dominant,S2=S3主导型,3,C3 S2_S3_dominant
FJ01,枫泾镇,TS,value_pattern_onset,TS_L3,S2=S3,pattern_A,A_rel,S2=S3,True,1,A_dominant,S2=S3主导型,3,C3 S2_S3_dominant
FJ01,枫泾镇,TS,value_pattern_onset,TS_L3,S2=S3,pattern_A,B_rel,S1=S2,True,0,A_dominant,S2=S3主导型,3,C3 S2_S3_dominant
FJ01,枫泾镇,TS,value_pattern_onset,TS_L3,S2=S3,pattern_A,C_rel,S0=S1,True,0,A_dominant,S2=S3主导型,3,C3 S2_S3_dominant
FJ01,枫泾镇,TS,value_pattern_onset,TS_L3,S2=S3,pattern_A,D_rel,S1=S3,True,0,A_dominant,S2=S3主导型,3,C3 S2_S3_dominant
FJ01,枫泾镇,Ø,value_pattern_onset,Ø_L3,S2=S3,pattern_A,A_rel,S2=S3,True,1,A_dominant,S2=S3主导型,3,C3 S2_S3_dominant
FJ01,枫泾镇,Ø,value_pattern_onset,Ø_L3,S2=S3,pattern_A,B_rel,S1=S2,True,0,A_dominant,S2=S3主导型,3,C3 S2_S3_dominant
FJ01,枫泾镇,Ø,value_pattern_onset,Ø_L3,S2=S3,pattern_A,C_rel,S0=S1,True,0,A_dominant,S2=S3主导型,3,C3 S2_S3_dominant
FJ01,枫泾镇,Ø,value_pattern_onset,Ø_L3,S2=S3,pattern_A,D_rel,S1=S3,True,0,A_dominant,S2=S3主导型,3,C3 S2_S3_dominant
FX01,奉贤,N,special_merge_onset,N_Status,合流,merge,A_rel,S2=S3,True,1,A_dominant,S2=S3主导型,3,C3 S2_S3_dominant
FX01,奉贤,N,special_merge_onset,N_Status,合流,merge,B_rel,S1=S2,False,,A_dominant,S2=S3主导型,3,C3 S2_S3_dominant
FX01,奉贤,N,special_merge_onset,N_Status,合流,merge,C_rel,S0=S1,False,,A_dominant,S2=S3主导型,3,C3 S2_S3_dominant
FX01,奉贤,N,special_merge_onset,N_Status,合流,merge,D_rel,S1=S3,False,,A_dominant,S2=S3主导型,3,C3 S2_S3_dominant
FX01,奉贤,T,special_merge_onset,T_Status,合流,merge,A_rel,S2=S3,True,1,A_dominant,S2=S3主导型,3,C3 S2_S3_dominant
FX01,奉贤,T,special_merge_onset,T_Status,合流,merge,B_rel,S1=S2,False,,A_dominant,S2=S3主导型,3,C3 S2_S3_dominant
FX01,奉贤,T,special_merge_onset,T_Status,合流,merge,C_rel,S0=S1,False,,A_dominant,S2=S3主导型,3,C3 S2_S3_dominant
FX01,奉贤,T,special_merge_onset,T_Status,合流,merge,D_rel,S1=S3,False,,A_dominant,S2=S3主导型,3,C3 S2_S3_dominant
FX01,奉贤,K,value_pattern_onset,K_L3,S2=S3,pattern_A,A_rel,S2=S3,True,1,A_dominant,S2=S3主导型,3,C3 S2_S3_dominant
FX01,奉贤,K,value_pattern_onset,K_L3,S2=S3,pattern_A,B_rel,S1=S2,True,0,A_dominant,S2=S3主导型,3,C3 S2_S3_dominant
FX01,奉贤,K,value_pattern_onset,K_L3,S2=S3,pattern_A,C_rel,S0=S1,True,0,A_dominant,S2=S3主导型,3,C3 S2_S3_dominant
FX01,奉贤,K,value_pattern_onset,K_L3,S2=S3,pattern_A,D_rel,S1=S3,True,0,A_dominant,S2=S3主导型,3,C3 S2_S3_dominant
FX01,奉贤,M,value_pattern_onset,M_L3,S1=S2=S3,pattern_E,A_rel,S2=S3,True,1,A_dominant,S2=S3主导型,3,C3 S2_S3_dominant
FX01,奉贤,M,value_pattern_onset,M_L3,S1=S2=S3,pattern_E,B_rel,S1=S2,True,1,A_dominant,S2=S3主导型,3,C3 S2_S3_dominant
FX01,奉贤,M,value_pattern_onset,M_L3,S1=S2=S3,pattern_E,C_rel,S0=S1,True,0,A_dominant,S2=S3主导型,3,C3 S2_S3_dominant
FX01,奉贤,M,value_pattern_onset,M_L3,S1=S2=S3,pattern_E,D_rel,S1=S3,True,0,A_dominant,S2=S3主导型,3,C3 S2_S3_dominant
FX01,奉贤,P,value_pattern_onset,P_L3,S2=S3,pattern_A,A_rel,S2=S3,True,1,A_dominant,S2=S3主导型,3,C3 S2_S3_dominant
FX01,奉贤,P,value_pattern_onset,P_L3,S2=S3,pattern_A,B_rel,S1=S2,True,0,A_dominant,S2=S3主导型,3,C3 S2_S3_dominant
FX01,奉贤,P,value_pattern_onset,P_L3,S2=S3,pattern_A,C_rel,S0=S1,True,0,A_dominant,S2=S3主导型,3,C3 S2_S3_dominant
FX01,奉贤,P,value_pattern_onset,P_L3,S2=S3,pattern_A,D_rel,S1=S3,True,0,A_dominant,S2=S3主导型,3,C3 S2_S3_dominant
FX01,奉贤,TS,value_pattern_onset,TS_L3,S2=S3,pattern_A,A_rel,S2=S3,True,1,A_dominant,S2=S3主导型,3,C3 S2_S3_dominant
FX01,奉贤,TS,value_pattern_onset,TS_L3,S2=S3,pattern_A,B_rel,S1=S2,True,0,A_dominant,S2=S3主导型,3,C3 S2_S3_dominant
FX01,奉贤,TS,value_pattern_onset,TS_L3,S2=S3,pattern_A,C_rel,S0=S1,True,0,A_dominant,S2=S3主导型,3,C3 S2_S3_dominant
FX01,奉贤,TS,value_pattern_onset,TS_L3,S2=S3,pattern_A,D_rel,S1=S3,True,0,A_dominant,S2=S3主导型,3,C3 S2_S3_dominant
FX01,奉贤,Ø,value_pattern_onset,Ø_L3,S2=S3,pattern_A,A_rel,S2=S3,True,1,A_dominant,S2=S3主导型,3,C3 S2_S3_dominant
FX01,奉贤,Ø,value_pattern_onset,Ø_L3,S2=S3,pattern_A,B_rel,S1=S2,True,0,A_dominant,S2=S3主导型,3,C3 S2_S3_dominant
FX01,奉贤,Ø,value_pattern_onset,Ø_L3,S2=S3,pattern_A,C_rel,S0=S1,True,0,A_dominant,S2=S3主导型,3,C3 S2_S3_dominant
FX01,奉贤,Ø,value_pattern_onset,Ø_L3,S2=S3,pattern_A,D_rel,S1=S3,True,0,A_dominant,S2=S3主导型,3,C3 S2_S3_dominant
FY01,富阳城关,N,special_merge_onset,N_Status,合流,merge,A_rel,S2=S3,True,1,A_dominant,S2=S3主导型,3,C3 S2_S3_dominant
FY01,富阳城关,N,special_merge_onset,N_Status,合流,merge,B_rel,S1=S2,False,,A_dominant,S2=S3主导型,3,C3 S2_S3_dominant
FY01,富阳城关,N,special_merge_onset,N_Status,合流,merge,C_rel,S0=S1,False,,A_dominant,S2=S3主导型,3,C3 S2_S3_dominant
FY01,富阳城关,N,special_merge_onset,N_Status,合流,merge,D_rel,S1=S3,False,,A_dominant,S2=S3主导型,3,C3 S2_S3_dominant
FY01,富阳城关,T,special_merge_onset,T_Status,合流,merge,A_rel,S2=S3,True,1,A_dominant,S2=S3主导型,3,C3 S2_S3_dominant
FY01,富阳城关,T,special_merge_onset,T_Status,合流,merge,B_rel,S1=S2,False,,A_dominant,S2=S3主导型,3,C3 S2_S3_dominant
FY01,富阳城关,T,special_merge_onset,T_Status,合流,merge,C_rel,S0=S1,False,,A_dominant,S2=S3主导型,3,C3 S2_S3_dominant
FY01,富阳城关,T,special_merge_onset,T_Status,合流,merge,D_rel,S1=S3,False,,A_dominant,S2=S3主导型,3,C3 S2_S3_dominant
FY01,富阳城关,K,value_pattern_onset,K_L3,全对立,pattern_NONE,A_rel,S2=S3,True,0,A_dominant,S2=S3主导型,3,C3 S2_S3_dominant
FY01,富阳城关,K,value_pattern_onset,K_L3,全对立,pattern_NONE,B_rel,S1=S2,True,0,A_dominant,S2=S3主导型,3,C3 S2_S3_dominant
FY01,富阳城关,K,value_pattern_onset,K_L3,全对立,pattern_NONE,C_rel,S0=S1,True,0,A_dominant,S2=S3主导型,3,C3 S2_S3_dominant
FY01,富阳城关,K,value_pattern_onset,K_L3,全对立,pattern_NONE,D_rel,S1=S3,True,0,A_dominant,S2=S3主导型,3,C3 S2_S3_dominant
FY01,富阳城关,M,value_pattern_onset,M_L3,S2=S3,pattern_A,A_rel,S2=S3,True,1,A_dominant,S2=S3主导型,3,C3 S2_S3_dominant
FY01,富阳城关,M,value_pattern_onset,M_L3,S2=S3,pattern_A,B_rel,S1=S2,True,0,A_dominant,S2=S3主导型,3,C3 S2_S3_dominant
FY01,富阳城关,M,value_pattern_onset,M_L3,S2=S3,pattern_A,C_rel,S0=S1,True,0,A_dominant,S2=S3主导型,3,C3 S2_S3_dominant
FY01,富阳城关,M,value_pattern_onset,M_L3,S2=S3,pattern_A,D_rel,S1=S3,True,0,A_dominant,S2=S3主导型,3,C3 S2_S3_dominant
FY01,富阳城关,P,value_pattern_onset,P_L3,S2=S3,pattern_A,A_rel,S2=S3,True,1,A_dominant,S2=S3主导型,3,C3 S2_S3_dominant
FY01,富阳城关,P,value_pattern_onset,P_L3,S2=S3,pattern_A,B_rel,S1=S2,True,0,A_dominant,S2=S3主导型,3,C3 S2_S3_dominant
FY01,富阳城关,P,value_pattern_onset,P_L3,S2=S3,pattern_A,C_rel,S0=S1,True,0,A_dominant,S2=S3主导型,3,C3 S2_S3_dominant
FY01,富阳城关,P,value_pattern_onset,P_L3,S2=S3,pattern_A,D_rel,S1=S3,True,0,A_dominant,S2=S3主导型,3,C3 S2_S3_dominant
FY01,富阳城关,TS,value_pattern_onset,TS_L3,S2=S3,pattern_A,A_rel,S2=S3,True,1,A_dominant,S2=S3主导型,3,C3 S2_S3_dominant
FY01,富阳城关,TS,value_pattern_onset,TS_L3,S2=S3,pattern_A,B_rel,S1=S2,True,0,A_dominant,S2=S3主导型,3,C3 S2_S3_dominant
FY01,富阳城关,TS,value_pattern_onset,TS_L3,S2=S3,pattern_A,C_rel,S0=S1,True,0,A_dominant,S2=S3主导型,3,C3 S2_S3_dominant
FY01,富阳城关,TS,value_pattern_onset,TS_L3,S2=S3,pattern_A,D_rel,S1=S3,True,0,A_dominant,S2=S3主导型,3,C3 S2_S3_dominant
FY01,富阳城关,Ø,value_pattern_onset,Ø_L3,S2=S3,pattern_A,A_rel,S2=S3,True,1,A_dominant,S2=S3主导型,3,C3 S2_S3_dominant
FY01,富阳城关,Ø,value_pattern_onset,Ø_L3,S2=S3,pattern_A,B_rel,S1=S2,True,0,A_dominant,S2=S3主导型,3,C3 S2_S3_dominant
FY01,富阳城关,Ø,value_pattern_onset,Ø_L3,S2=S3,pattern_A,C_rel,S0=S1,True,0,A_dominant,S2=S3主导型,3,C3 S2_S3_dominant
FY01,富阳城关,Ø,value_pattern_onset,Ø_L3,S2=S3,pattern_A,D_rel,S1=S3,True,0,A_dominant,S2=S3主导型,3,C3 S2_S3_dominant
FY02,富阳东梓关,N,special_merge_onset,N_Status,合流,merge,A_rel,S2=S3,True,1,A_dominant,S2=S3主导型,3,C3 S2_S3_dominant
FY02,富阳东梓关,N,special_merge_onset,N_Status,合流,merge,B_rel,S1=S2,False,,A_dominant,S2=S3主导型,3,C3 S2_S3_dominant
FY02,富阳东梓关,N,special_merge_onset,N_Status,合流,merge,C_rel,S0=S1,False,,A_dominant,S2=S3主导型,3,C3 S2_S3_dominant
FY02,富阳东梓关,N,special_merge_onset,N_Status,合流,merge,D_rel,S1=S3,False,,A_dominant,S2=S3主导型,3,C3 S2_S3_dominant
FY02,富阳东梓关,T,special_merge_onset,T_Status,合流,merge,A_rel,S2=S3,True,1,A_dominant,S2=S3主导型,3,C3 S2_S3_dominant
FY02,富阳东梓关,T,special_merge_onset,T_Status,合流,merge,B_rel,S1=S2,False,,A_dominant,S2=S3主导型,3,C3 S2_S3_dominant
FY02,富阳东梓关,T,special_merge_onset,T_Status,合流,merge,C_rel,S0=S1,False,,A_dominant,S2=S3主导型,3,C3 S2_S3_dominant
FY02,富阳东梓关,T,special_merge_onset,T_Status,合流,merge,D_rel,S1=S3,False,,A_dominant,S2=S3主导型,3,C3 S2_S3_dominant
FY02,富阳东梓关,K,value_pattern_onset,K_L3,S2=S3,pattern_A,A_rel,S2=S3,True,1,A_dominant,S2=S3主导型,3,C3 S2_S3_dominant
FY02,富阳东梓关,K,value_pattern_onset,K_L3,S2=S3,pattern_A,B_rel,S1=S2,True,0,A_dominant,S2=S3主导型,3,C3 S2_S3_dominant
FY02,富阳东梓关,K,value_pattern_onset,K_L3,S2=S3,pattern_A,C_rel,S0=S1,True,0,A_dominant,S2=S3主导型,3,C3 S2_S3_dominant
FY02,富阳东梓关,K,value_pattern_onset,K_L3,S2=S3,pattern_A,D_rel,S1=S3,True,0,A_dominant,S2=S3主导型,3,C3 S2_S3_dominant
FY02,富阳东梓关,M,value_pattern_onset,M_L3,S2=S3,pattern_A,A_rel,S2=S3,True,1,A_dominant,S2=S3主导型,3,C3 S2_S3_dominant
FY02,富阳东梓关,M,value_pattern_onset,M_L3,S2=S3,pattern_A,B_rel,S1=S2,True,0,A_dominant,S2=S3主导型,3,C3 S2_S3_dominant
FY02,富阳东梓关,M,value_pattern_onset,M_L3,S2=S3,pattern_A,C_rel,S0=S1,True,0,A_dominant,S2=S3主导型,3,C3 S2_S3_dominant
FY02,富阳东梓关,M,value_pattern_onset,M_L3,S2=S3,pattern_A,D_rel,S1=S3,True,0,A_dominant,S2=S3主导型,3,C3 S2_S3_dominant
FY02,富阳东梓关,P,value_pattern_onset,P_L3,S2=S3,pattern_A,A_rel,S2=S3,True,1,A_dominant,S2=S3主导型,3,C3 S2_S3_dominant
FY02,富阳东梓关,P,value_pattern_onset,P_L3,S2=S3,pattern_A,B_rel,S1=S2,True,0,A_dominant,S2=S3主导型,3,C3 S2_S3_dominant
FY02,富阳东梓关,P,value_pattern_onset,P_L3,S2=S3,pattern_A,C_rel,S0=S1,True,0,A_dominant,S2=S3主导型,3,C3 S2_S3_dominant
FY02,富阳东梓关,P,value_pattern_onset,P_L3,S2=S3,pattern_A,D_rel,S1=S3,True,0,A_dominant,S2=S3主导型,3,C3 S2_S3_dominant
FY02,富阳东梓关,TS,value_pattern_onset,TS_L3,S2=S3,pattern_A,A_rel,S2=S3,True,1,A_dominant,S2=S3主导型,3,C3 S2_S3_dominant
FY02,富阳东梓关,TS,value_pattern_onset,TS_L3,S2=S3,pattern_A,B_rel,S1=S2,True,0,A_dominant,S2=S3主导型,3,C3 S2_S3_dominant
FY02,富阳东梓关,TS,value_pattern_onset,TS_L3,S2=S3,pattern_A,C_rel,S0=S1,True,0,A_dominant,S2=S3主导型,3,C3 S2_S3_dominant
FY02,富阳东梓关,TS,value_pattern_onset,TS_L3,S2=S3,pattern_A,D_rel,S1=S3,True,0,A_dominant,S2=S3主导型,3,C3 S2_S3_dominant
FY02,富阳东梓关,Ø,value_pattern_onset,Ø_L3,S2=S3,pattern_A,A_rel,S2=S3,True,1,A_dominant,S2=S3主导型,3,C3 S2_S3_dominant
FY02,富阳东梓关,Ø,value_pattern_onset,Ø_L3,S2=S3,pattern_A,B_rel,S1=S2,True,0,A_dominant,S2=S3主导型,3,C3 S2_S3_dominant
FY02,富阳东梓关,Ø,value_pattern_onset,Ø_L3,S2=S3,pattern_A,C_rel,S0=S1,True,0,A_dominant,S2=S3主导型,3,C3 S2_S3_dominant
FY02,富阳东梓关,Ø,value_pattern_onset,Ø_L3,S2=S3,pattern_A,D_rel,S1=S3,True,0,A_dominant,S2=S3主导型,3,C3 S2_S3_dominant
GQ01,高桥,N,special_merge_onset,N_Status,合流,merge,A_rel,S2=S3,True,1,A_dominant,S2=S3主导型,3,C3 S2_S3_dominant
GQ01,高桥,N,special_merge_onset,N_Status,合流,merge,B_rel,S1=S2,False,,A_dominant,S2=S3主导型,3,C3 S2_S3_dominant
GQ01,高桥,N,special_merge_onset,N_Status,合流,merge,C_rel,S0=S1,False,,A_dominant,S2=S3主导型,3,C3 S2_S3_dominant
GQ01,高桥,N,special_merge_onset,N_Status,合流,merge,D_rel,S1=S3,False,,A_dominant,S2=S3主导型,3,C3 S2_S3_dominant
GQ01,高桥,T,special_merge_onset,T_Status,合流,merge,A_rel,S2=S3,True,1,A_dominant,S2=S3主导型,3,C3 S2_S3_dominant
GQ01,高桥,T,special_merge_onset,T_Status,合流,merge,B_rel,S1=S2,False,,A_dominant,S2=S3主导型,3,C3 S2_S3_dominant
GQ01,高桥,T,special_merge_onset,T_Status,合流,merge,C_rel,S0=S1,False,,A_dominant,S2=S3主导型,3,C3 S2_S3_dominant
GQ01,高桥,T,special_merge_onset,T_Status,合流,merge,D_rel,S1=S3,False,,A_dominant,S2=S3主导型,3,C3 S2_S3_dominant
GQ01,高桥,K,value_pattern_onset,K_L3,S2=S3,pattern_A,A_rel,S2=S3,True,1,A_dominant,S2=S3主导型,3,C3 S2_S3_dominant
GQ01,高桥,K,value_pattern_onset,K_L3,S2=S3,pattern_A,B_rel,S1=S2,True,0,A_dominant,S2=S3主导型,3,C3 S2_S3_dominant
GQ01,高桥,K,value_pattern_onset,K_L3,S2=S3,pattern_A,C_rel,S0=S1,True,0,A_dominant,S2=S3主导型,3,C3 S2_S3_dominant
GQ01,高桥,K,value_pattern_onset,K_L3,S2=S3,pattern_A,D_rel,S1=S3,True,0,A_dominant,S2=S3主导型,3,C3 S2_S3_dominant
GQ01,高桥,M,value_pattern_onset,M_L3,S2=S3,pattern_A,A_rel,S2=S3,True,1,A_dominant,S2=S3主导型,3,C3 S2_S3_dominant
GQ01,高桥,M,value_pattern_onset,M_L3,S2=S3,pattern_A,B_rel,S1=S2,True,0,A_dominant,S2=S3主导型,3,C3 S2_S3_dominant
GQ01,高桥,M,value_pattern_onset,M_L3,S2=S3,pattern_A,C_rel,S0=S1,True,0,A_dominant,S2=S3主导型,3,C3 S2_S3_dominant
GQ01,高桥,M,value_pattern_onset,M_L3,S2=S3,pattern_A,D_rel,S1=S3,True,0,A_dominant,S2=S3主导型,3,C3 S2_S3_dominant
GQ01,高桥,P,value_pattern_onset,P_L3,S0=S1，S2=S3,pattern_F,A_rel,S2=S3,True,1,A_dominant,S2=S3主导型,3,C3 S2_S3_dominant
GQ01,高桥,P,value_pattern_onset,P_L3,S0=S1，S2=S3,pattern_F,B_rel,S1=S2,True,0,A_dominant,S2=S3主导型,3,C3 S2_S3_dominant
GQ01,高桥,P,value_pattern_onset,P_L3,S0=S1，S2=S3,pattern_F,C_rel,S0=S1,True,1,A_dominant,S2=S3主导型,3,C3 S2_S3_dominant
GQ01,高桥,P,value_pattern_onset,P_L3,S0=S1，S2=S3,pattern_F,D_rel,S1=S3,True,0,A_dominant,S2=S3主导型,3,C3 S2_S3_dominant
GQ01,高桥,TS,value_pattern_onset,TS_L3,S2=S3,pattern_A,A_rel,S2=S3,True,1,A_dominant,S2=S3主导型,3,C3 S2_S3_dominant
GQ01,高桥,TS,value_pattern_onset,TS_L3,S2=S3,pattern_A,B_rel,S1=S2,True,0,A_dominant,S2=S3主导型,3,C3 S2_S3_dominant
GQ01,高桥,TS,value_pattern_onset,TS_L3,S2=S3,pattern_A,C_rel,S0=S1,True,0,A_dominant,S2=S3主导型,3,C3 S2_S3_dominant
GQ01,高桥,TS,value_pattern_onset,TS_L3,S2=S3,pattern_A,D_rel,S1=S3,True,0,A_dominant,S2=S3主导型,3,C3 S2_S3_dominant
GQ01,高桥,Ø,value_pattern_onset,Ø_L3,S2=S3,pattern_A,A_rel,S2=S3,True,1,A_dominant,S2=S3主导型,3,C3 S2_S3_dominant
GQ01,高桥,Ø,value_pattern_onset,Ø_L3,S2=S3,pattern_A,B_rel,S1=S2,True,0,A_dominant,S2=S3主导型,3,C3 S2_S3_dominant
GQ01,高桥,Ø,value_pattern_onset,Ø_L3,S2=S3,pattern_A,C_rel,S0=S1,True,0,A_dominant,S2=S3主导型,3,C3 S2_S3_dominant
GQ01,高桥,Ø,value_pattern_onset,Ø_L3,S2=S3,pattern_A,D_rel,S1=S3,True,0,A_dominant,S2=S3主导型,3,C3 S2_S3_dominant
HM01,海门镇沙地话,N,special_merge_onset,N_Status,合流,merge,A_rel,S2=S3,True,1,A_dominant,S2=S3主导型,3,C3 S2_S3_dominant
HM01,海门镇沙地话,N,special_merge_onset,N_Status,合流,merge,B_rel,S1=S2,False,,A_dominant,S2=S3主导型,3,C3 S2_S3_dominant
HM01,海门镇沙地话,N,special_merge_onset,N_Status,合流,merge,C_rel,S0=S1,False,,A_dominant,S2=S3主导型,3,C3 S2_S3_dominant
HM01,海门镇沙地话,N,special_merge_onset,N_Status,合流,merge,D_rel,S1=S3,False,,A_dominant,S2=S3主导型,3,C3 S2_S3_dominant
HM01,海门镇沙地话,T,special_merge_onset,T_Status,合流,merge,A_rel,S2=S3,True,1,A_dominant,S2=S3主导型,3,C3 S2_S3_dominant
HM01,海门镇沙地话,T,special_merge_onset,T_Status,合流,merge,B_rel,S1=S2,False,,A_dominant,S2=S3主导型,3,C3 S2_S3_dominant
HM01,海门镇沙地话,T,special_merge_onset,T_Status,合流,merge,C_rel,S0=S1,False,,A_dominant,S2=S3主导型,3,C3 S2_S3_dominant
HM01,海门镇沙地话,T,special_merge_onset,T_Status,合流,merge,D_rel,S1=S3,False,,A_dominant,S2=S3主导型,3,C3 S2_S3_dominant
HM01,海门镇沙地话,K,value_pattern_onset,K_L3,S0=S1，S2=S3,pattern_F,A_rel,S2=S3,True,1,A_dominant,S2=S3主导型,3,C3 S2_S3_dominant
HM01,海门镇沙地话,K,value_pattern_onset,K_L3,S0=S1，S2=S3,pattern_F,B_rel,S1=S2,True,0,A_dominant,S2=S3主导型,3,C3 S2_S3_dominant
HM01,海门镇沙地话,K,value_pattern_onset,K_L3,S0=S1，S2=S3,pattern_F,C_rel,S0=S1,True,1,A_dominant,S2=S3主导型,3,C3 S2_S3_dominant
HM01,海门镇沙地话,K,value_pattern_onset,K_L3,S0=S1，S2=S3,pattern_F,D_rel,S1=S3,True,0,A_dominant,S2=S3主导型,3,C3 S2_S3_dominant
HM01,海门镇沙地话,M,value_pattern_onset,M_L3,S2=S3,pattern_A,A_rel,S2=S3,True,1,A_dominant,S2=S3主导型,3,C3 S2_S3_dominant
HM01,海门镇沙地话,M,value_pattern_onset,M_L3,S2=S3,pattern_A,B_rel,S1=S2,True,0,A_dominant,S2=S3主导型,3,C3 S2_S3_dominant
HM01,海门镇沙地话,M,value_pattern_onset,M_L3,S2=S3,pattern_A,C_rel,S0=S1,True,0,A_dominant,S2=S3主导型,3,C3 S2_S3_dominant
HM01,海门镇沙地话,M,value_pattern_onset,M_L3,S2=S3,pattern_A,D_rel,S1=S3,True,0,A_dominant,S2=S3主导型,3,C3 S2_S3_dominant
HM01,海门镇沙地话,P,value_pattern_onset,P_L3,S2=S3,pattern_A,A_rel,S2=S3,True,1,A_dominant,S2=S3主导型,3,C3 S2_S3_dominant
HM01,海门镇沙地话,P,value_pattern_onset,P_L3,S2=S3,pattern_A,B_rel,S1=S2,True,0,A_dominant,S2=S3主导型,3,C3 S2_S3_dominant
HM01,海门镇沙地话,P,value_pattern_onset,P_L3,S2=S3,pattern_A,C_rel,S0=S1,True,0,A_dominant,S2=S3主导型,3,C3 S2_S3_dominant
HM01,海门镇沙地话,P,value_pattern_onset,P_L3,S2=S3,pattern_A,D_rel,S1=S3,True,0,A_dominant,S2=S3主导型,3,C3 S2_S3_dominant
HM01,海门镇沙地话,TS,value_pattern_onset,TS_L3,S2=S3,pattern_A,A_rel,S2=S3,True,1,A_dominant,S2=S3主导型,3,C3 S2_S3_dominant
HM01,海门镇沙地话,TS,value_pattern_onset,TS_L3,S2=S3,pattern_A,B_rel,S1=S2,True,0,A_dominant,S2=S3主导型,3,C3 S2_S3_dominant
HM01,海门镇沙地话,TS,value_pattern_onset,TS_L3,S2=S3,pattern_A,C_rel,S0=S1,True,0,A_dominant,S2=S3主导型,3,C3 S2_S3_dominant
HM01,海门镇沙地话,TS,value_pattern_onset,TS_L3,S2=S3,pattern_A,D_rel,S1=S3,True,0,A_dominant,S2=S3主导型,3,C3 S2_S3_dominant
HM01,海门镇沙地话,Ø,value_pattern_onset,Ø_L3,S2=S3,pattern_A,A_rel,S2=S3,True,1,A_dominant,S2=S3主导型,3,C3 S2_S3_dominant
HM01,海门镇沙地话,Ø,value_pattern_onset,Ø_L3,S2=S3,pattern_A,B_rel,S1=S2,True,0,A_dominant,S2=S3主导型,3,C3 S2_S3_dominant
HM01,海门镇沙地话,Ø,value_pattern_onset,Ø_L3,S2=S3,pattern_A,C_rel,S0=S1,True,0,A_dominant,S2=S3主导型,3,C3 S2_S3_dominant
HM01,海门镇沙地话,Ø,value_pattern_onset,Ø_L3,S2=S3,pattern_A,D_rel,S1=S3,True,0,A_dominant,S2=S3主导型,3,C3 S2_S3_dominant
HM02,海门四甲,N,special_merge_onset,N_Status,合流,merge,A_rel,S2=S3,True,1,conservative_split,保守分立型,1,C1 S2_S3_dominant
HM02,海门四甲,N,special_merge_onset,N_Status,合流,merge,B_rel,S1=S2,False,,conservative_split,保守分立型,1,C1 S2_S3_dominant
HM02,海门四甲,N,special_merge_onset,N_Status,合流,merge,C_rel,S0=S1,False,,conservative_split,保守分立型,1,C1 S2_S3_dominant
HM02,海门四甲,N,special_merge_onset,N_Status,合流,merge,D_rel,S1=S3,False,,conservative_split,保守分立型,1,C1 S2_S3_dominant
HM02,海门四甲,T,special_merge_onset,T_Status,分立,split,A_rel,S2=S3,True,0,conservative_split,保守分立型,1,C1 S2_S3_dominant
HM02,海门四甲,T,special_merge_onset,T_Status,分立,split,B_rel,S1=S2,False,,conservative_split,保守分立型,1,C1 S2_S3_dominant
HM02,海门四甲,T,special_merge_onset,T_Status,分立,split,C_rel,S0=S1,False,,conservative_split,保守分立型,1,C1 S2_S3_dominant
HM02,海门四甲,T,special_merge_onset,T_Status,分立,split,D_rel,S1=S3,False,,conservative_split,保守分立型,1,C1 S2_S3_dominant
HM02,海门四甲,K,value_pattern_onset,K_L3,全对立,pattern_NONE,A_rel,S2=S3,True,0,conservative_split,保守分立型,1,C1 S2_S3_dominant
HM02,海门四甲,K,value_pattern_onset,K_L3,全对立,pattern_NONE,B_rel,S1=S2,True,0,conservative_split,保守分立型,1,C1 S2_S3_dominant
HM02,海门四甲,K,value_pattern_onset,K_L3,全对立,pattern_NONE,C_rel,S0=S1,True,0,conservative_split,保守分立型,1,C1 S2_S3_dominant
HM02,海门四甲,K,value_pattern_onset,K_L3,全对立,pattern_NONE,D_rel,S1=S3,True,0,conservative_split,保守分立型,1,C1 S2_S3_dominant
HM02,海门四甲,M,value_pattern_onset,M_L3,S2=S3,pattern_A,A_rel,S2=S3,True,1,conservative_split,保守分立型,1,C1 S2_S3_dominant
HM02,海门四甲,M,value_pattern_onset,M_L3,S2=S3,pattern_A,B_rel,S1=S2,True,0,conservative_split,保守分立型,1,C1 S2_S3_dominant
HM02,海门四甲,M,value_pattern_onset,M_L3,S2=S3,pattern_A,C_rel,S0=S1,True,0,conservative_split,保守分立型,1,C1 S2_S3_dominant
HM02,海门四甲,M,value_pattern_onset,M_L3,S2=S3,pattern_A,D_rel,S1=S3,True,0,conservative_split,保守分立型,1,C1 S2_S3_dominant
HM02,海门四甲,P,value_pattern_onset,P_L3,全对立,pattern_NONE,A_rel,S2=S3,True,0,conservative_split,保守分立型,1,C1 S2_S3_dominant
HM02,海门四甲,P,value_pattern_onset,P_L3,全对立,pattern_NONE,B_rel,S1=S2,True,0,conservative_split,保守分立型,1,C1 S2_S3_dominant
HM02,海门四甲,P,value_pattern_onset,P_L3,全对立,pattern_NONE,C_rel,S0=S1,True,0,conservative_split,保守分立型,1,C1 S2_S3_dominant
HM02,海门四甲,P,value_pattern_onset,P_L3,全对立,pattern_NONE,D_rel,S1=S3,True,0,conservative_split,保守分立型,1,C1 S2_S3_dominant
HM02,海门四甲,TS,value_pattern_onset,TS_L3,全对立,pattern_NONE,A_rel,S2=S3,True,0,conservative_split,保守分立型,1,C1 S2_S3_dominant
HM02,海门四甲,TS,value_pattern_onset,TS_L3,全对立,pattern_NONE,B_rel,S1=S2,True,0,conservative_split,保守分立型,1,C1 S2_S3_dominant
HM02,海门四甲,TS,value_pattern_onset,TS_L3,全对立,pattern_NONE,C_rel,S0=S1,True,0,conservative_split,保守分立型,1,C1 S2_S3_dominant
HM02,海门四甲,TS,value_pattern_onset,TS_L3,全对立,pattern_NONE,D_rel,S1=S3,True,0,conservative_split,保守分立型,1,C1 S2_S3_dominant
HM02,海门四甲,Ø,value_pattern_onset,Ø_L3,全对立,pattern_NONE,A_rel,S2=S3,True,0,conservative_split,保守分立型,1,C1 S2_S3_dominant
HM02,海门四甲,Ø,value_pattern_onset,Ø_L3,全对立,pattern_NONE,B_rel,S1=S2,True,0,conservative_split,保守分立型,1,C1 S2_S3_dominant
HM02,海门四甲,Ø,value_pattern_onset,Ø_L3,全对立,pattern_NONE,C_rel,S0=S1,True,0,conservative_split,保守分立型,1,C1 S2_S3_dominant
HM02,海门四甲,Ø,value_pattern_onset,Ø_L3,全对立,pattern_NONE,D_rel,S1=S3,True,0,conservative_split,保守分立型,1,C1 S2_S3_dominant
HN01,海宁城关,N,special_merge_onset,N_Status,合流,merge,A_rel,S2=S3,True,1,A_dominant,S2=S3主导型,3,C3 S2_S3_dominant
HN01,海宁城关,N,special_merge_onset,N_Status,合流,merge,B_rel,S1=S2,False,,A_dominant,S2=S3主导型,3,C3 S2_S3_dominant
HN01,海宁城关,N,special_merge_onset,N_Status,合流,merge,C_rel,S0=S1,False,,A_dominant,S2=S3主导型,3,C3 S2_S3_dominant
HN01,海宁城关,N,special_merge_onset,N_Status,合流,merge,D_rel,S1=S3,False,,A_dominant,S2=S3主导型,3,C3 S2_S3_dominant
HN01,海宁城关,T,special_merge_onset,T_Status,合流,merge,A_rel,S2=S3,True,1,A_dominant,S2=S3主导型,3,C3 S2_S3_dominant
HN01,海宁城关,T,special_merge_onset,T_Status,合流,merge,B_rel,S1=S2,False,,A_dominant,S2=S3主导型,3,C3 S2_S3_dominant
HN01,海宁城关,T,special_merge_onset,T_Status,合流,merge,C_rel,S0=S1,False,,A_dominant,S2=S3主导型,3,C3 S2_S3_dominant
HN01,海宁城关,T,special_merge_onset,T_Status,合流,merge,D_rel,S1=S3,False,,A_dominant,S2=S3主导型,3,C3 S2_S3_dominant
HN01,海宁城关,K,value_pattern_onset,K_L3,S0=S1，S2=S3,pattern_F,A_rel,S2=S3,True,1,A_dominant,S2=S3主导型,3,C3 S2_S3_dominant
HN01,海宁城关,K,value_pattern_onset,K_L3,S0=S1，S2=S3,pattern_F,B_rel,S1=S2,True,0,A_dominant,S2=S3主导型,3,C3 S2_S3_dominant
HN01,海宁城关,K,value_pattern_onset,K_L3,S0=S1，S2=S3,pattern_F,C_rel,S0=S1,True,1,A_dominant,S2=S3主导型,3,C3 S2_S3_dominant
HN01,海宁城关,K,value_pattern_onset,K_L3,S0=S1，S2=S3,pattern_F,D_rel,S1=S3,True,0,A_dominant,S2=S3主导型,3,C3 S2_S3_dominant
HN01,海宁城关,M,value_pattern_onset,M_L3,S2=S3,pattern_A,A_rel,S2=S3,True,1,A_dominant,S2=S3主导型,3,C3 S2_S3_dominant
HN01,海宁城关,M,value_pattern_onset,M_L3,S2=S3,pattern_A,B_rel,S1=S2,True,0,A_dominant,S2=S3主导型,3,C3 S2_S3_dominant
HN01,海宁城关,M,value_pattern_onset,M_L3,S2=S3,pattern_A,C_rel,S0=S1,True,0,A_dominant,S2=S3主导型,3,C3 S2_S3_dominant
HN01,海宁城关,M,value_pattern_onset,M_L3,S2=S3,pattern_A,D_rel,S1=S3,True,0,A_dominant,S2=S3主导型,3,C3 S2_S3_dominant
HN01,海宁城关,P,value_pattern_onset,P_L3,S2=S3,pattern_A,A_rel,S2=S3,True,1,A_dominant,S2=S3主导型,3,C3 S2_S3_dominant
HN01,海宁城关,P,value_pattern_onset,P_L3,S2=S3,pattern_A,B_rel,S1=S2,True,0,A_dominant,S2=S3主导型,3,C3 S2_S3_dominant
HN01,海宁城关,P,value_pattern_onset,P_L3,S2=S3,pattern_A,C_rel,S0=S1,True,0,A_dominant,S2=S3主导型,3,C3 S2_S3_dominant
HN01,海宁城关,P,value_pattern_onset,P_L3,S2=S3,pattern_A,D_rel,S1=S3,True,0,A_dominant,S2=S3主导型,3,C3 S2_S3_dominant
HN01,海宁城关,TS,value_pattern_onset,TS_L3,S2=S3,pattern_A,A_rel,S2=S3,True,1,A_dominant,S2=S3主导型,3,C3 S2_S3_dominant
HN01,海宁城关,TS,value_pattern_onset,TS_L3,S2=S3,pattern_A,B_rel,S1=S2,True,0,A_dominant,S2=S3主导型,3,C3 S2_S3_dominant
HN01,海宁城关,TS,value_pattern_onset,TS_L3,S2=S3,pattern_A,C_rel,S0=S1,True,0,A_dominant,S2=S3主导型,3,C3 S2_S3_dominant
HN01,海宁城关,TS,value_pattern_onset,TS_L3,S2=S3,pattern_A,D_rel,S1=S3,True,0,A_dominant,S2=S3主导型,3,C3 S2_S3_dominant
HN01,海宁城关,Ø,value_pattern_onset,Ø_L3,S2=S3,pattern_A,A_rel,S2=S3,True,1,A_dominant,S2=S3主导型,3,C3 S2_S3_dominant
HN01,海宁城关,Ø,value_pattern_onset,Ø_L3,S2=S3,pattern_A,B_rel,S1=S2,True,0,A_dominant,S2=S3主导型,3,C3 S2_S3_dominant
HN01,海宁城关,Ø,value_pattern_onset,Ø_L3,S2=S3,pattern_A,C_rel,S0=S1,True,0,A_dominant,S2=S3主导型,3,C3 S2_S3_dominant
HN01,海宁城关,Ø,value_pattern_onset,Ø_L3,S2=S3,pattern_A,D_rel,S1=S3,True,0,A_dominant,S2=S3主导型,3,C3 S2_S3_dominant
HY01,海盐县城,N,special_merge_onset,N_Status,合流,merge,A_rel,S2=S3,True,1,A_dominant,S2=S3主导型,3,C3 S2_S3_dominant
HY01,海盐县城,N,special_merge_onset,N_Status,合流,merge,B_rel,S1=S2,False,,A_dominant,S2=S3主导型,3,C3 S2_S3_dominant
HY01,海盐县城,N,special_merge_onset,N_Status,合流,merge,C_rel,S0=S1,False,,A_dominant,S2=S3主导型,3,C3 S2_S3_dominant
HY01,海盐县城,N,special_merge_onset,N_Status,合流,merge,D_rel,S1=S3,False,,A_dominant,S2=S3主导型,3,C3 S2_S3_dominant
HY01,海盐县城,T,special_merge_onset,T_Status,合流,merge,A_rel,S2=S3,True,1,A_dominant,S2=S3主导型,3,C3 S2_S3_dominant
HY01,海盐县城,T,special_merge_onset,T_Status,合流,merge,B_rel,S1=S2,False,,A_dominant,S2=S3主导型,3,C3 S2_S3_dominant
HY01,海盐县城,T,special_merge_onset,T_Status,合流,merge,C_rel,S0=S1,False,,A_dominant,S2=S3主导型,3,C3 S2_S3_dominant
HY01,海盐县城,T,special_merge_onset,T_Status,合流,merge,D_rel,S1=S3,False,,A_dominant,S2=S3主导型,3,C3 S2_S3_dominant
HY01,海盐县城,K,value_pattern_onset,K_L3,S0=S1，S2=S3,pattern_F,A_rel,S2=S3,True,1,A_dominant,S2=S3主导型,3,C3 S2_S3_dominant
HY01,海盐县城,K,value_pattern_onset,K_L3,S0=S1，S2=S3,pattern_F,B_rel,S1=S2,True,0,A_dominant,S2=S3主导型,3,C3 S2_S3_dominant
HY01,海盐县城,K,value_pattern_onset,K_L3,S0=S1，S2=S3,pattern_F,C_rel,S0=S1,True,1,A_dominant,S2=S3主导型,3,C3 S2_S3_dominant
HY01,海盐县城,K,value_pattern_onset,K_L3,S0=S1，S2=S3,pattern_F,D_rel,S1=S3,True,0,A_dominant,S2=S3主导型,3,C3 S2_S3_dominant
HY01,海盐县城,M,value_pattern_onset,M_L3,S1=S2=S3,pattern_E,A_rel,S2=S3,True,1,A_dominant,S2=S3主导型,3,C3 S2_S3_dominant
HY01,海盐县城,M,value_pattern_onset,M_L3,S1=S2=S3,pattern_E,B_rel,S1=S2,True,1,A_dominant,S2=S3主导型,3,C3 S2_S3_dominant
HY01,海盐县城,M,value_pattern_onset,M_L3,S1=S2=S3,pattern_E,C_rel,S0=S1,True,0,A_dominant,S2=S3主导型,3,C3 S2_S3_dominant
HY01,海盐县城,M,value_pattern_onset,M_L3,S1=S2=S3,pattern_E,D_rel,S1=S3,True,0,A_dominant,S2=S3主导型,3,C3 S2_S3_dominant
HY01,海盐县城,P,value_pattern_onset,P_L3,S2=S3,pattern_A,A_rel,S2=S3,True,1,A_dominant,S2=S3主导型,3,C3 S2_S3_dominant
HY01,海盐县城,P,value_pattern_onset,P_L3,S2=S3,pattern_A,B_rel,S1=S2,True,0,A_dominant,S2=S3主导型,3,C3 S2_S3_dominant
HY01,海盐县城,P,value_pattern_onset,P_L3,S2=S3,pattern_A,C_rel,S0=S1,True,0,A_dominant,S2=S3主导型,3,C3 S2_S3_dominant
HY01,海盐县城,P,value_pattern_onset,P_L3,S2=S3,pattern_A,D_rel,S1=S3,True,0,A_dominant,S2=S3主导型,3,C3 S2_S3_dominant
HY01,海盐县城,TS,value_pattern_onset,TS_L3,S2=S3,pattern_A,A_rel,S2=S3,True,1,A_dominant,S2=S3主导型,3,C3 S2_S3_dominant
HY01,海盐县城,TS,value_pattern_onset,TS_L3,S2=S3,pattern_A,B_rel,S1=S2,True,0,A_dominant,S2=S3主导型,3,C3 S2_S3_dominant
HY01,海盐县城,TS,value_pattern_onset,TS_L3,S2=S3,pattern_A,C_rel,S0=S1,True,0,A_dominant,S2=S3主导型,3,C3 S2_S3_dominant
HY01,海盐县城,TS,value_pattern_onset,TS_L3,S2=S3,pattern_A,D_rel,S1=S3,True,0,A_dominant,S2=S3主导型,3,C3 S2_S3_dominant
HY01,海盐县城,Ø,value_pattern_onset,Ø_L3,S2=S3,pattern_A,A_rel,S2=S3,True,1,A_dominant,S2=S3主导型,3,C3 S2_S3_dominant
HY01,海盐县城,Ø,value_pattern_onset,Ø_L3,S2=S3,pattern_A,B_rel,S1=S2,True,0,A_dominant,S2=S3主导型,3,C3 S2_S3_dominant
HY01,海盐县城,Ø,value_pattern_onset,Ø_L3,S2=S3,pattern_A,C_rel,S0=S1,True,0,A_dominant,S2=S3主导型,3,C3 S2_S3_dominant
HY01,海盐县城,Ø,value_pattern_onset,Ø_L3,S2=S3,pattern_A,D_rel,S1=S3,True,0,A_dominant,S2=S3主导型,3,C3 S2_S3_dominant
HZ01,杭州城区,N,special_merge_onset,N_Status,分立,split,A_rel,S2=S3,True,0,conservative_split,保守分立型,1,C1 S2_S3_dominant
HZ01,杭州城区,N,special_merge_onset,N_Status,分立,split,B_rel,S1=S2,False,,conservative_split,保守分立型,1,C1 S2_S3_dominant
HZ01,杭州城区,N,special_merge_onset,N_Status,分立,split,C_rel,S0=S1,False,,conservative_split,保守分立型,1,C1 S2_S3_dominant
HZ01,杭州城区,N,special_merge_onset,N_Status,分立,split,D_rel,S1=S3,False,,conservative_split,保守分立型,1,C1 S2_S3_dominant
HZ01,杭州城区,T,special_merge_onset,T_Status,分立,split,A_rel,S2=S3,True,0,conservative_split,保守分立型,1,C1 S2_S3_dominant
HZ01,杭州城区,T,special_merge_onset,T_Status,分立,split,B_rel,S1=S2,False,,conservative_split,保守分立型,1,C1 S2_S3_dominant
HZ01,杭州城区,T,special_merge_onset,T_Status,分立,split,C_rel,S0=S1,False,,conservative_split,保守分立型,1,C1 S2_S3_dominant
HZ01,杭州城区,T,special_merge_onset,T_Status,分立,split,D_rel,S1=S3,False,,conservative_split,保守分立型,1,C1 S2_S3_dominant
HZ01,杭州城区,K,value_pattern_onset,K_L3,全对立,pattern_NONE,A_rel,S2=S3,True,0,conservative_split,保守分立型,1,C1 S2_S3_dominant
HZ01,杭州城区,K,value_pattern_onset,K_L3,全对立,pattern_NONE,B_rel,S1=S2,True,0,conservative_split,保守分立型,1,C1 S2_S3_dominant
HZ01,杭州城区,K,value_pattern_onset,K_L3,全对立,pattern_NONE,C_rel,S0=S1,True,0,conservative_split,保守分立型,1,C1 S2_S3_dominant
HZ01,杭州城区,K,value_pattern_onset,K_L3,全对立,pattern_NONE,D_rel,S1=S3,True,0,conservative_split,保守分立型,1,C1 S2_S3_dominant
HZ01,杭州城区,M,value_pattern_onset,M_L3,S2=S3,pattern_A,A_rel,S2=S3,True,1,conservative_split,保守分立型,1,C1 S2_S3_dominant
HZ01,杭州城区,M,value_pattern_onset,M_L3,S2=S3,pattern_A,B_rel,S1=S2,True,0,conservative_split,保守分立型,1,C1 S2_S3_dominant
HZ01,杭州城区,M,value_pattern_onset,M_L3,S2=S3,pattern_A,C_rel,S0=S1,True,0,conservative_split,保守分立型,1,C1 S2_S3_dominant
HZ01,杭州城区,M,value_pattern_onset,M_L3,S2=S3,pattern_A,D_rel,S1=S3,True,0,conservative_split,保守分立型,1,C1 S2_S3_dominant
HZ01,杭州城区,P,value_pattern_onset,P_L3,全对立,pattern_NONE,A_rel,S2=S3,True,0,conservative_split,保守分立型,1,C1 S2_S3_dominant
HZ01,杭州城区,P,value_pattern_onset,P_L3,全对立,pattern_NONE,B_rel,S1=S2,True,0,conservative_split,保守分立型,1,C1 S2_S3_dominant
HZ01,杭州城区,P,value_pattern_onset,P_L3,全对立,pattern_NONE,C_rel,S0=S1,True,0,conservative_split,保守分立型,1,C1 S2_S3_dominant
HZ01,杭州城区,P,value_pattern_onset,P_L3,全对立,pattern_NONE,D_rel,S1=S3,True,0,conservative_split,保守分立型,1,C1 S2_S3_dominant
HZ01,杭州城区,TS,value_pattern_onset,TS_L3,S2=S3,pattern_A,A_rel,S2=S3,True,1,conservative_split,保守分立型,1,C1 S2_S3_dominant
HZ01,杭州城区,TS,value_pattern_onset,TS_L3,S2=S3,pattern_A,B_rel,S1=S2,True,0,conservative_split,保守分立型,1,C1 S2_S3_dominant
HZ01,杭州城区,TS,value_pattern_onset,TS_L3,S2=S3,pattern_A,C_rel,S0=S1,True,0,conservative_split,保守分立型,1,C1 S2_S3_dominant
HZ01,杭州城区,TS,value_pattern_onset,TS_L3,S2=S3,pattern_A,D_rel,S1=S3,True,0,conservative_split,保守分立型,1,C1 S2_S3_dominant
HZ01,杭州城区,Ø,value_pattern_onset,Ø_L3,全对立,pattern_NONE,A_rel,S2=S3,True,0,conservative_split,保守分立型,1,C1 S2_S3_dominant
HZ01,杭州城区,Ø,value_pattern_onset,Ø_L3,全对立,pattern_NONE,B_rel,S1=S2,True,0,conservative_split,保守分立型,1,C1 S2_S3_dominant
HZ01,杭州城区,Ø,value_pattern_onset,Ø_L3,全对立,pattern_NONE,C_rel,S0=S1,True,0,conservative_split,保守分立型,1,C1 S2_S3_dominant
HZ01,杭州城区,Ø,value_pattern_onset,Ø_L3,全对立,pattern_NONE,D_rel,S1=S3,True,0,conservative_split,保守分立型,1,C1 S2_S3_dominant
HZ02,湖州市区,N,special_merge_onset,N_Status,合流,merge,A_rel,S2=S3,True,1,A_dominant,S2=S3主导型,3,C3 S2_S3_dominant
HZ02,湖州市区,N,special_merge_onset,N_Status,合流,merge,B_rel,S1=S2,False,,A_dominant,S2=S3主导型,3,C3 S2_S3_dominant
HZ02,湖州市区,N,special_merge_onset,N_Status,合流,merge,C_rel,S0=S1,False,,A_dominant,S2=S3主导型,3,C3 S2_S3_dominant
HZ02,湖州市区,N,special_merge_onset,N_Status,合流,merge,D_rel,S1=S3,False,,A_dominant,S2=S3主导型,3,C3 S2_S3_dominant
HZ02,湖州市区,T,special_merge_onset,T_Status,合流,merge,A_rel,S2=S3,True,1,A_dominant,S2=S3主导型,3,C3 S2_S3_dominant
HZ02,湖州市区,T,special_merge_onset,T_Status,合流,merge,B_rel,S1=S2,False,,A_dominant,S2=S3主导型,3,C3 S2_S3_dominant
HZ02,湖州市区,T,special_merge_onset,T_Status,合流,merge,C_rel,S0=S1,False,,A_dominant,S2=S3主导型,3,C3 S2_S3_dominant
HZ02,湖州市区,T,special_merge_onset,T_Status,合流,merge,D_rel,S1=S3,False,,A_dominant,S2=S3主导型,3,C3 S2_S3_dominant
HZ02,湖州市区,K,value_pattern_onset,K_L3,S0=S1，S2=S3,pattern_F,A_rel,S2=S3,True,1,A_dominant,S2=S3主导型,3,C3 S2_S3_dominant
HZ02,湖州市区,K,value_pattern_onset,K_L3,S0=S1，S2=S3,pattern_F,B_rel,S1=S2,True,0,A_dominant,S2=S3主导型,3,C3 S2_S3_dominant
HZ02,湖州市区,K,value_pattern_onset,K_L3,S0=S1，S2=S3,pattern_F,C_rel,S0=S1,True,1,A_dominant,S2=S3主导型,3,C3 S2_S3_dominant
HZ02,湖州市区,K,value_pattern_onset,K_L3,S0=S1，S2=S3,pattern_F,D_rel,S1=S3,True,0,A_dominant,S2=S3主导型,3,C3 S2_S3_dominant
HZ02,湖州市区,M,value_pattern_onset,M_L3,S1=S2,pattern_B,A_rel,S2=S3,True,0,A_dominant,S2=S3主导型,3,C3 S2_S3_dominant
HZ02,湖州市区,M,value_pattern_onset,M_L3,S1=S2,pattern_B,B_rel,S1=S2,True,1,A_dominant,S2=S3主导型,3,C3 S2_S3_dominant
HZ02,湖州市区,M,value_pattern_onset,M_L3,S1=S2,pattern_B,C_rel,S0=S1,True,0,A_dominant,S2=S3主导型,3,C3 S2_S3_dominant
HZ02,湖州市区,M,value_pattern_onset,M_L3,S1=S2,pattern_B,D_rel,S1=S3,True,0,A_dominant,S2=S3主导型,3,C3 S2_S3_dominant
HZ02,湖州市区,P,value_pattern_onset,P_L3,S2=S3,pattern_A,A_rel,S2=S3,True,1,A_dominant,S2=S3主导型,3,C3 S2_S3_dominant
HZ02,湖州市区,P,value_pattern_onset,P_L3,S2=S3,pattern_A,B_rel,S1=S2,True,0,A_dominant,S2=S3主导型,3,C3 S2_S3_dominant
HZ02,湖州市区,P,value_pattern_onset,P_L3,S2=S3,pattern_A,C_rel,S0=S1,True,0,A_dominant,S2=S3主导型,3,C3 S2_S3_dominant
HZ02,湖州市区,P,value_pattern_onset,P_L3,S2=S3,pattern_A,D_rel,S1=S3,True,0,A_dominant,S2=S3主导型,3,C3 S2_S3_dominant
HZ02,湖州市区,TS,value_pattern_onset,TS_L3,S2=S3,pattern_A,A_rel,S2=S3,True,1,A_dominant,S2=S3主导型,3,C3 S2_S3_dominant
HZ02,湖州市区,TS,value_pattern_onset,TS_L3,S2=S3,pattern_A,B_rel,S1=S2,True,0,A_dominant,S2=S3主导型,3,C3 S2_S3_dominant
HZ02,湖州市区,TS,value_pattern_onset,TS_L3,S2=S3,pattern_A,C_rel,S0=S1,True,0,A_dominant,S2=S3主导型,3,C3 S2_S3_dominant
HZ02,湖州市区,TS,value_pattern_onset,TS_L3,S2=S3,pattern_A,D_rel,S1=S3,True,0,A_dominant,S2=S3主导型,3,C3 S2_S3_dominant
HZ02,湖州市区,Ø,value_pattern_onset,Ø_L3,全对立,pattern_NONE,A_rel,S2=S3,True,0,A_dominant,S2=S3主导型,3,C3 S2_S3_dominant
HZ02,湖州市区,Ø,value_pattern_onset,Ø_L3,全对立,pattern_NONE,B_rel,S1=S2,True,0,A_dominant,S2=S3主导型,3,C3 S2_S3_dominant
HZ02,湖州市区,Ø,value_pattern_onset,Ø_L3,全对立,pattern_NONE,C_rel,S0=S1,True,0,A_dominant,S2=S3主导型,3,C3 S2_S3_dominant
HZ02,湖州市区,Ø,value_pattern_onset,Ø_L3,全对立,pattern_NONE,D_rel,S1=S3,True,0,A_dominant,S2=S3主导型,3,C3 S2_S3_dominant
JD01,嘉定城关,N,special_merge_onset,N_Status,合流,merge,A_rel,S2=S3,True,1,A_dominant,S2=S3主导型,3,C3 S2_S3_dominant
JD01,嘉定城关,N,special_merge_onset,N_Status,合流,merge,B_rel,S1=S2,False,,A_dominant,S2=S3主导型,3,C3 S2_S3_dominant
JD01,嘉定城关,N,special_merge_onset,N_Status,合流,merge,C_rel,S0=S1,False,,A_dominant,S2=S3主导型,3,C3 S2_S3_dominant
JD01,嘉定城关,N,special_merge_onset,N_Status,合流,merge,D_rel,S1=S3,False,,A_dominant,S2=S3主导型,3,C3 S2_S3_dominant
JD01,嘉定城关,T,special_merge_onset,T_Status,合流,merge,A_rel,S2=S3,True,1,A_dominant,S2=S3主导型,3,C3 S2_S3_dominant
JD01,嘉定城关,T,special_merge_onset,T_Status,合流,merge,B_rel,S1=S2,False,,A_dominant,S2=S3主导型,3,C3 S2_S3_dominant
JD01,嘉定城关,T,special_merge_onset,T_Status,合流,merge,C_rel,S0=S1,False,,A_dominant,S2=S3主导型,3,C3 S2_S3_dominant
JD01,嘉定城关,T,special_merge_onset,T_Status,合流,merge,D_rel,S1=S3,False,,A_dominant,S2=S3主导型,3,C3 S2_S3_dominant
JD01,嘉定城关,K,value_pattern_onset,K_L3,S0=S1，S2=S3,pattern_F,A_rel,S2=S3,True,1,A_dominant,S2=S3主导型,3,C3 S2_S3_dominant
JD01,嘉定城关,K,value_pattern_onset,K_L3,S0=S1，S2=S3,pattern_F,B_rel,S1=S2,True,0,A_dominant,S2=S3主导型,3,C3 S2_S3_dominant
JD01,嘉定城关,K,value_pattern_onset,K_L3,S0=S1，S2=S3,pattern_F,C_rel,S0=S1,True,1,A_dominant,S2=S3主导型,3,C3 S2_S3_dominant
JD01,嘉定城关,K,value_pattern_onset,K_L3,S0=S1，S2=S3,pattern_F,D_rel,S1=S3,True,0,A_dominant,S2=S3主导型,3,C3 S2_S3_dominant
JD01,嘉定城关,M,value_pattern_onset,M_L3,S2=S3,pattern_A,A_rel,S2=S3,True,1,A_dominant,S2=S3主导型,3,C3 S2_S3_dominant
JD01,嘉定城关,M,value_pattern_onset,M_L3,S2=S3,pattern_A,B_rel,S1=S2,True,0,A_dominant,S2=S3主导型,3,C3 S2_S3_dominant
JD01,嘉定城关,M,value_pattern_onset,M_L3,S2=S3,pattern_A,C_rel,S0=S1,True,0,A_dominant,S2=S3主导型,3,C3 S2_S3_dominant
JD01,嘉定城关,M,value_pattern_onset,M_L3,S2=S3,pattern_A,D_rel,S1=S3,True,0,A_dominant,S2=S3主导型,3,C3 S2_S3_dominant
JD01,嘉定城关,P,value_pattern_onset,P_L3,S2=S3,pattern_A,A_rel,S2=S3,True,1,A_dominant,S2=S3主导型,3,C3 S2_S3_dominant
JD01,嘉定城关,P,value_pattern_onset,P_L3,S2=S3,pattern_A,B_rel,S1=S2,True,0,A_dominant,S2=S3主导型,3,C3 S2_S3_dominant
JD01,嘉定城关,P,value_pattern_onset,P_L3,S2=S3,pattern_A,C_rel,S0=S1,True,0,A_dominant,S2=S3主导型,3,C3 S2_S3_dominant
JD01,嘉定城关,P,value_pattern_onset,P_L3,S2=S3,pattern_A,D_rel,S1=S3,True,0,A_dominant,S2=S3主导型,3,C3 S2_S3_dominant
JD01,嘉定城关,TS,value_pattern_onset,TS_L3,S2=S3,pattern_A,A_rel,S2=S3,True,1,A_dominant,S2=S3主导型,3,C3 S2_S3_dominant
JD01,嘉定城关,TS,value_pattern_onset,TS_L3,S2=S3,pattern_A,B_rel,S1=S2,True,0,A_dominant,S2=S3主导型,3,C3 S2_S3_dominant
JD01,嘉定城关,TS,value_pattern_onset,TS_L3,S2=S3,pattern_A,C_rel,S0=S1,True,0,A_dominant,S2=S3主导型,3,C3 S2_S3_dominant
JD01,嘉定城关,TS,value_pattern_onset,TS_L3,S2=S3,pattern_A,D_rel,S1=S3,True,0,A_dominant,S2=S3主导型,3,C3 S2_S3_dominant
JD01,嘉定城关,Ø,value_pattern_onset,Ø_L3,S2=S3,pattern_A,A_rel,S2=S3,True,1,A_dominant,S2=S3主导型,3,C3 S2_S3_dominant
JD01,嘉定城关,Ø,value_pattern_onset,Ø_L3,S2=S3,pattern_A,B_rel,S1=S2,True,0,A_dominant,S2=S3主导型,3,C3 S2_S3_dominant
JD01,嘉定城关,Ø,value_pattern_onset,Ø_L3,S2=S3,pattern_A,C_rel,S0=S1,True,0,A_dominant,S2=S3主导型,3,C3 S2_S3_dominant
JD01,嘉定城关,Ø,value_pattern_onset,Ø_L3,S2=S3,pattern_A,D_rel,S1=S3,True,0,A_dominant,S2=S3主导型,3,C3 S2_S3_dominant
JJ01,靖江城区,N,special_merge_onset,N_Status,合流,merge,A_rel,S2=S3,True,1,conservative_split,保守分立型,1,C1 S2_S3_dominant
JJ01,靖江城区,N,special_merge_onset,N_Status,合流,merge,B_rel,S1=S2,False,,conservative_split,保守分立型,1,C1 S2_S3_dominant
JJ01,靖江城区,N,special_merge_onset,N_Status,合流,merge,C_rel,S0=S1,False,,conservative_split,保守分立型,1,C1 S2_S3_dominant
JJ01,靖江城区,N,special_merge_onset,N_Status,合流,merge,D_rel,S1=S3,False,,conservative_split,保守分立型,1,C1 S2_S3_dominant
JJ01,靖江城区,T,special_merge_onset,T_Status,分立,split,A_rel,S2=S3,True,0,conservative_split,保守分立型,1,C1 S2_S3_dominant
JJ01,靖江城区,T,special_merge_onset,T_Status,分立,split,B_rel,S1=S2,False,,conservative_split,保守分立型,1,C1 S2_S3_dominant
JJ01,靖江城区,T,special_merge_onset,T_Status,分立,split,C_rel,S0=S1,False,,conservative_split,保守分立型,1,C1 S2_S3_dominant
JJ01,靖江城区,T,special_merge_onset,T_Status,分立,split,D_rel,S1=S3,False,,conservative_split,保守分立型,1,C1 S2_S3_dominant
JJ01,靖江城区,K,value_pattern_onset,K_L3,全对立,pattern_NONE,A_rel,S2=S3,True,0,conservative_split,保守分立型,1,C1 S2_S3_dominant
JJ01,靖江城区,K,value_pattern_onset,K_L3,全对立,pattern_NONE,B_rel,S1=S2,True,0,conservative_split,保守分立型,1,C1 S2_S3_dominant
JJ01,靖江城区,K,value_pattern_onset,K_L3,全对立,pattern_NONE,C_rel,S0=S1,True,0,conservative_split,保守分立型,1,C1 S2_S3_dominant
JJ01,靖江城区,K,value_pattern_onset,K_L3,全对立,pattern_NONE,D_rel,S1=S3,True,0,conservative_split,保守分立型,1,C1 S2_S3_dominant
JJ01,靖江城区,M,value_pattern_onset,M_L3,S2=S3,pattern_A,A_rel,S2=S3,True,1,conservative_split,保守分立型,1,C1 S2_S3_dominant
JJ01,靖江城区,M,value_pattern_onset,M_L3,S2=S3,pattern_A,B_rel,S1=S2,True,0,conservative_split,保守分立型,1,C1 S2_S3_dominant
JJ01,靖江城区,M,value_pattern_onset,M_L3,S2=S3,pattern_A,C_rel,S0=S1,True,0,conservative_split,保守分立型,1,C1 S2_S3_dominant
JJ01,靖江城区,M,value_pattern_onset,M_L3,S2=S3,pattern_A,D_rel,S1=S3,True,0,conservative_split,保守分立型,1,C1 S2_S3_dominant
JJ01,靖江城区,P,value_pattern_onset,P_L3,S2=S3,pattern_A,A_rel,S2=S3,True,1,conservative_split,保守分立型,1,C1 S2_S3_dominant
JJ01,靖江城区,P,value_pattern_onset,P_L3,S2=S3,pattern_A,B_rel,S1=S2,True,0,conservative_split,保守分立型,1,C1 S2_S3_dominant
JJ01,靖江城区,P,value_pattern_onset,P_L3,S2=S3,pattern_A,C_rel,S0=S1,True,0,conservative_split,保守分立型,1,C1 S2_S3_dominant
JJ01,靖江城区,P,value_pattern_onset,P_L3,S2=S3,pattern_A,D_rel,S1=S3,True,0,conservative_split,保守分立型,1,C1 S2_S3_dominant
JJ01,靖江城区,TS,value_pattern_onset,TS_L3,全对立,pattern_NONE,A_rel,S2=S3,True,0,conservative_split,保守分立型,1,C1 S2_S3_dominant
JJ01,靖江城区,TS,value_pattern_onset,TS_L3,全对立,pattern_NONE,B_rel,S1=S2,True,0,conservative_split,保守分立型,1,C1 S2_S3_dominant
JJ01,靖江城区,TS,value_pattern_onset,TS_L3,全对立,pattern_NONE,C_rel,S0=S1,True,0,conservative_split,保守分立型,1,C1 S2_S3_dominant
JJ01,靖江城区,TS,value_pattern_onset,TS_L3,全对立,pattern_NONE,D_rel,S1=S3,True,0,conservative_split,保守分立型,1,C1 S2_S3_dominant
JJ01,靖江城区,Ø,value_pattern_onset,Ø_L3,全对立,pattern_NONE,A_rel,S2=S3,True,0,conservative_split,保守分立型,1,C1 S2_S3_dominant
JJ01,靖江城区,Ø,value_pattern_onset,Ø_L3,全对立,pattern_NONE,B_rel,S1=S2,True,0,conservative_split,保守分立型,1,C1 S2_S3_dominant
JJ01,靖江城区,Ø,value_pattern_onset,Ø_L3,全对立,pattern_NONE,C_rel,S0=S1,True,0,conservative_split,保守分立型,1,C1 S2_S3_dominant
JJ01,靖江城区,Ø,value_pattern_onset,Ø_L3,全对立,pattern_NONE,D_rel,S1=S3,True,0,conservative_split,保守分立型,1,C1 S2_S3_dominant
JS01,嘉善魏塘镇,N,special_merge_onset,N_Status,合流,merge,A_rel,S2=S3,True,1,A_dominant,S2=S3主导型,3,C3 S2_S3_dominant
JS01,嘉善魏塘镇,N,special_merge_onset,N_Status,合流,merge,B_rel,S1=S2,False,,A_dominant,S2=S3主导型,3,C3 S2_S3_dominant
JS01,嘉善魏塘镇,N,special_merge_onset,N_Status,合流,merge,C_rel,S0=S1,False,,A_dominant,S2=S3主导型,3,C3 S2_S3_dominant
JS01,嘉善魏塘镇,N,special_merge_onset,N_Status,合流,merge,D_rel,S1=S3,False,,A_dominant,S2=S3主导型,3,C3 S2_S3_dominant
JS01,嘉善魏塘镇,T,special_merge_onset,T_Status,合流,merge,A_rel,S2=S3,True,1,A_dominant,S2=S3主导型,3,C3 S2_S3_dominant
JS01,嘉善魏塘镇,T,special_merge_onset,T_Status,合流,merge,B_rel,S1=S2,False,,A_dominant,S2=S3主导型,3,C3 S2_S3_dominant
JS01,嘉善魏塘镇,T,special_merge_onset,T_Status,合流,merge,C_rel,S0=S1,False,,A_dominant,S2=S3主导型,3,C3 S2_S3_dominant
JS01,嘉善魏塘镇,T,special_merge_onset,T_Status,合流,merge,D_rel,S1=S3,False,,A_dominant,S2=S3主导型,3,C3 S2_S3_dominant
JS01,嘉善魏塘镇,K,value_pattern_onset,K_L3,S0=S1，S2=S3,pattern_F,A_rel,S2=S3,True,1,A_dominant,S2=S3主导型,3,C3 S2_S3_dominant
JS01,嘉善魏塘镇,K,value_pattern_onset,K_L3,S0=S1，S2=S3,pattern_F,B_rel,S1=S2,True,0,A_dominant,S2=S3主导型,3,C3 S2_S3_dominant
JS01,嘉善魏塘镇,K,value_pattern_onset,K_L3,S0=S1，S2=S3,pattern_F,C_rel,S0=S1,True,1,A_dominant,S2=S3主导型,3,C3 S2_S3_dominant
JS01,嘉善魏塘镇,K,value_pattern_onset,K_L3,S0=S1，S2=S3,pattern_F,D_rel,S1=S3,True,0,A_dominant,S2=S3主导型,3,C3 S2_S3_dominant
JS01,嘉善魏塘镇,M,value_pattern_onset,M_L3,S2=S3,pattern_A,A_rel,S2=S3,True,1,A_dominant,S2=S3主导型,3,C3 S2_S3_dominant
JS01,嘉善魏塘镇,M,value_pattern_onset,M_L3,S2=S3,pattern_A,B_rel,S1=S2,True,0,A_dominant,S2=S3主导型,3,C3 S2_S3_dominant
JS01,嘉善魏塘镇,M,value_pattern_onset,M_L3,S2=S3,pattern_A,C_rel,S0=S1,True,0,A_dominant,S2=S3主导型,3,C3 S2_S3_dominant
JS01,嘉善魏塘镇,M,value_pattern_onset,M_L3,S2=S3,pattern_A,D_rel,S1=S3,True,0,A_dominant,S2=S3主导型,3,C3 S2_S3_dominant
JS01,嘉善魏塘镇,P,value_pattern_onset,P_L3,S2=S3,pattern_A,A_rel,S2=S3,True,1,A_dominant,S2=S3主导型,3,C3 S2_S3_dominant
JS01,嘉善魏塘镇,P,value_pattern_onset,P_L3,S2=S3,pattern_A,B_rel,S1=S2,True,0,A_dominant,S2=S3主导型,3,C3 S2_S3_dominant
JS01,嘉善魏塘镇,P,value_pattern_onset,P_L3,S2=S3,pattern_A,C_rel,S0=S1,True,0,A_dominant,S2=S3主导型,3,C3 S2_S3_dominant
JS01,嘉善魏塘镇,P,value_pattern_onset,P_L3,S2=S3,pattern_A,D_rel,S1=S3,True,0,A_dominant,S2=S3主导型,3,C3 S2_S3_dominant
JS01,嘉善魏塘镇,TS,value_pattern_onset,TS_L3,S2=S3,pattern_A,A_rel,S2=S3,True,1,A_dominant,S2=S3主导型,3,C3 S2_S3_dominant
JS01,嘉善魏塘镇,TS,value_pattern_onset,TS_L3,S2=S3,pattern_A,B_rel,S1=S2,True,0,A_dominant,S2=S3主导型,3,C3 S2_S3_dominant
JS01,嘉善魏塘镇,TS,value_pattern_onset,TS_L3,S2=S3,pattern_A,C_rel,S0=S1,True,0,A_dominant,S2=S3主导型,3,C3 S2_S3_dominant
JS01,嘉善魏塘镇,TS,value_pattern_onset,TS_L3,S2=S3,pattern_A,D_rel,S1=S3,True,0,A_dominant,S2=S3主导型,3,C3 S2_S3_dominant
JS01,嘉善魏塘镇,Ø,value_pattern_onset,Ø_L3,S2=S3,pattern_A,A_rel,S2=S3,True,1,A_dominant,S2=S3主导型,3,C3 S2_S3_dominant
JS01,嘉善魏塘镇,Ø,value_pattern_onset,Ø_L3,S2=S3,pattern_A,B_rel,S1=S2,True,0,A_dominant,S2=S3主导型,3,C3 S2_S3_dominant
JS01,嘉善魏塘镇,Ø,value_pattern_onset,Ø_L3,S2=S3,pattern_A,C_rel,S0=S1,True,0,A_dominant,S2=S3主导型,3,C3 S2_S3_dominant
JS01,嘉善魏塘镇,Ø,value_pattern_onset,Ø_L3,S2=S3,pattern_A,D_rel,S1=S3,True,0,A_dominant,S2=S3主导型,3,C3 S2_S3_dominant
JS02,金山,N,special_merge_onset,N_Status,合流,merge,A_rel,S2=S3,True,1,A_dominant,S2=S3主导型,3,C3 S2_S3_dominant
JS02,金山,N,special_merge_onset,N_Status,合流,merge,B_rel,S1=S2,False,,A_dominant,S2=S3主导型,3,C3 S2_S3_dominant
JS02,金山,N,special_merge_onset,N_Status,合流,merge,C_rel,S0=S1,False,,A_dominant,S2=S3主导型,3,C3 S2_S3_dominant
JS02,金山,N,special_merge_onset,N_Status,合流,merge,D_rel,S1=S3,False,,A_dominant,S2=S3主导型,3,C3 S2_S3_dominant
JS02,金山,T,special_merge_onset,T_Status,合流,merge,A_rel,S2=S3,True,1,A_dominant,S2=S3主导型,3,C3 S2_S3_dominant
JS02,金山,T,special_merge_onset,T_Status,合流,merge,B_rel,S1=S2,False,,A_dominant,S2=S3主导型,3,C3 S2_S3_dominant
JS02,金山,T,special_merge_onset,T_Status,合流,merge,C_rel,S0=S1,False,,A_dominant,S2=S3主导型,3,C3 S2_S3_dominant
JS02,金山,T,special_merge_onset,T_Status,合流,merge,D_rel,S1=S3,False,,A_dominant,S2=S3主导型,3,C3 S2_S3_dominant
JS02,金山,K,value_pattern_onset,K_L3,S0=S1，S2=S3,pattern_F,A_rel,S2=S3,True,1,A_dominant,S2=S3主导型,3,C3 S2_S3_dominant
JS02,金山,K,value_pattern_onset,K_L3,S0=S1，S2=S3,pattern_F,B_rel,S1=S2,True,0,A_dominant,S2=S3主导型,3,C3 S2_S3_dominant
JS02,金山,K,value_pattern_onset,K_L3,S0=S1，S2=S3,pattern_F,C_rel,S0=S1,True,1,A_dominant,S2=S3主导型,3,C3 S2_S3_dominant
JS02,金山,K,value_pattern_onset,K_L3,S0=S1，S2=S3,pattern_F,D_rel,S1=S3,True,0,A_dominant,S2=S3主导型,3,C3 S2_S3_dominant
JS02,金山,M,value_pattern_onset,M_L3,S1=S2=S3,pattern_E,A_rel,S2=S3,True,1,A_dominant,S2=S3主导型,3,C3 S2_S3_dominant
JS02,金山,M,value_pattern_onset,M_L3,S1=S2=S3,pattern_E,B_rel,S1=S2,True,1,A_dominant,S2=S3主导型,3,C3 S2_S3_dominant
JS02,金山,M,value_pattern_onset,M_L3,S1=S2=S3,pattern_E,C_rel,S0=S1,True,0,A_dominant,S2=S3主导型,3,C3 S2_S3_dominant
JS02,金山,M,value_pattern_onset,M_L3,S1=S2=S3,pattern_E,D_rel,S1=S3,True,0,A_dominant,S2=S3主导型,3,C3 S2_S3_dominant
JS02,金山,P,value_pattern_onset,P_L3,S2=S3,pattern_A,A_rel,S2=S3,True,1,A_dominant,S2=S3主导型,3,C3 S2_S3_dominant
JS02,金山,P,value_pattern_onset,P_L3,S2=S3,pattern_A,B_rel,S1=S2,True,0,A_dominant,S2=S3主导型,3,C3 S2_S3_dominant
JS02,金山,P,value_pattern_onset,P_L3,S2=S3,pattern_A,C_rel,S0=S1,True,0,A_dominant,S2=S3主导型,3,C3 S2_S3_dominant
JS02,金山,P,value_pattern_onset,P_L3,S2=S3,pattern_A,D_rel,S1=S3,True,0,A_dominant,S2=S3主导型,3,C3 S2_S3_dominant
JS02,金山,TS,value_pattern_onset,TS_L3,S2=S3,pattern_A,A_rel,S2=S3,True,1,A_dominant,S2=S3主导型,3,C3 S2_S3_dominant
JS02,金山,TS,value_pattern_onset,TS_L3,S2=S3,pattern_A,B_rel,S1=S2,True,0,A_dominant,S2=S3主导型,3,C3 S2_S3_dominant
JS02,金山,TS,value_pattern_onset,TS_L3,S2=S3,pattern_A,C_rel,S0=S1,True,0,A_dominant,S2=S3主导型,3,C3 S2_S3_dominant
JS02,金山,TS,value_pattern_onset,TS_L3,S2=S3,pattern_A,D_rel,S1=S3,True,0,A_dominant,S2=S3主导型,3,C3 S2_S3_dominant
JS02,金山,Ø,value_pattern_onset,Ø_L3,S2=S3,pattern_A,A_rel,S2=S3,True,1,A_dominant,S2=S3主导型,3,C3 S2_S3_dominant
JS02,金山,Ø,value_pattern_onset,Ø_L3,S2=S3,pattern_A,B_rel,S1=S2,True,0,A_dominant,S2=S3主导型,3,C3 S2_S3_dominant
JS02,金山,Ø,value_pattern_onset,Ø_L3,S2=S3,pattern_A,C_rel,S0=S1,True,0,A_dominant,S2=S3主导型,3,C3 S2_S3_dominant
JS02,金山,Ø,value_pattern_onset,Ø_L3,S2=S3,pattern_A,D_rel,S1=S3,True,0,A_dominant,S2=S3主导型,3,C3 S2_S3_dominant
JT01,金坛,N,special_merge_onset,N_Status,分立,split,A_rel,S2=S3,True,0,conservative_split,保守分立型,1,C1 S2_S3_dominant
JT01,金坛,N,special_merge_onset,N_Status,分立,split,B_rel,S1=S2,False,,conservative_split,保守分立型,1,C1 S2_S3_dominant
JT01,金坛,N,special_merge_onset,N_Status,分立,split,C_rel,S0=S1,False,,conservative_split,保守分立型,1,C1 S2_S3_dominant
JT01,金坛,N,special_merge_onset,N_Status,分立,split,D_rel,S1=S3,False,,conservative_split,保守分立型,1,C1 S2_S3_dominant
JT01,金坛,T,special_merge_onset,T_Status,分立,split,A_rel,S2=S3,True,0,conservative_split,保守分立型,1,C1 S2_S3_dominant
JT01,金坛,T,special_merge_onset,T_Status,分立,split,B_rel,S1=S2,False,,conservative_split,保守分立型,1,C1 S2_S3_dominant
JT01,金坛,T,special_merge_onset,T_Status,分立,split,C_rel,S0=S1,False,,conservative_split,保守分立型,1,C1 S2_S3_dominant
JT01,金坛,T,special_merge_onset,T_Status,分立,split,D_rel,S1=S3,False,,conservative_split,保守分立型,1,C1 S2_S3_dominant
JT01,金坛,K,value_pattern_onset,K_L3,全对立,pattern_NONE,A_rel,S2=S3,True,0,conservative_split,保守分立型,1,C1 S2_S3_dominant
JT01,金坛,K,value_pattern_onset,K_L3,全对立,pattern_NONE,B_rel,S1=S2,True,0,conservative_split,保守分立型,1,C1 S2_S3_dominant
JT01,金坛,K,value_pattern_onset,K_L3,全对立,pattern_NONE,C_rel,S0=S1,True,0,conservative_split,保守分立型,1,C1 S2_S3_dominant
JT01,金坛,K,value_pattern_onset,K_L3,全对立,pattern_NONE,D_rel,S1=S3,True,0,conservative_split,保守分立型,1,C1 S2_S3_dominant
JT01,金坛,M,value_pattern_onset,M_L3,S2=S3,pattern_A,A_rel,S2=S3,True,1,conservative_split,保守分立型,1,C1 S2_S3_dominant
JT01,金坛,M,value_pattern_onset,M_L3,S2=S3,pattern_A,B_rel,S1=S2,True,0,conservative_split,保守分立型,1,C1 S2_S3_dominant
JT01,金坛,M,value_pattern_onset,M_L3,S2=S3,pattern_A,C_rel,S0=S1,True,0,conservative_split,保守分立型,1,C1 S2_S3_dominant
JT01,金坛,M,value_pattern_onset,M_L3,S2=S3,pattern_A,D_rel,S1=S3,True,0,conservative_split,保守分立型,1,C1 S2_S3_dominant
JT01,金坛,P,value_pattern_onset,P_L3,全对立,pattern_NONE,A_rel,S2=S3,True,0,conservative_split,保守分立型,1,C1 S2_S3_dominant
JT01,金坛,P,value_pattern_onset,P_L3,全对立,pattern_NONE,B_rel,S1=S2,True,0,conservative_split,保守分立型,1,C1 S2_S3_dominant
JT01,金坛,P,value_pattern_onset,P_L3,全对立,pattern_NONE,C_rel,S0=S1,True,0,conservative_split,保守分立型,1,C1 S2_S3_dominant
JT01,金坛,P,value_pattern_onset,P_L3,全对立,pattern_NONE,D_rel,S1=S3,True,0,conservative_split,保守分立型,1,C1 S2_S3_dominant
JT01,金坛,TS,value_pattern_onset,TS_L3,全对立,pattern_NONE,A_rel,S2=S3,True,0,conservative_split,保守分立型,1,C1 S2_S3_dominant
JT01,金坛,TS,value_pattern_onset,TS_L3,全对立,pattern_NONE,B_rel,S1=S2,True,0,conservative_split,保守分立型,1,C1 S2_S3_dominant
JT01,金坛,TS,value_pattern_onset,TS_L3,全对立,pattern_NONE,C_rel,S0=S1,True,0,conservative_split,保守分立型,1,C1 S2_S3_dominant
JT01,金坛,TS,value_pattern_onset,TS_L3,全对立,pattern_NONE,D_rel,S1=S3,True,0,conservative_split,保守分立型,1,C1 S2_S3_dominant
JT01,金坛,Ø,value_pattern_onset,Ø_L3,全对立,pattern_NONE,A_rel,S2=S3,True,0,conservative_split,保守分立型,1,C1 S2_S3_dominant
JT01,金坛,Ø,value_pattern_onset,Ø_L3,全对立,pattern_NONE,B_rel,S1=S2,True,0,conservative_split,保守分立型,1,C1 S2_S3_dominant
JT01,金坛,Ø,value_pattern_onset,Ø_L3,全对立,pattern_NONE,C_rel,S0=S1,True,0,conservative_split,保守分立型,1,C1 S2_S3_dominant
JT01,金坛,Ø,value_pattern_onset,Ø_L3,全对立,pattern_NONE,D_rel,S1=S3,True,0,conservative_split,保守分立型,1,C1 S2_S3_dominant
JW01,江湾,N,special_merge_onset,N_Status,合流,merge,A_rel,S2=S3,True,1,A_dominant,S2=S3主导型,3,C3 S2_S3_dominant
JW01,江湾,N,special_merge_onset,N_Status,合流,merge,B_rel,S1=S2,False,,A_dominant,S2=S3主导型,3,C3 S2_S3_dominant
JW01,江湾,N,special_merge_onset,N_Status,合流,merge,C_rel,S0=S1,False,,A_dominant,S2=S3主导型,3,C3 S2_S3_dominant
JW01,江湾,N,special_merge_onset,N_Status,合流,merge,D_rel,S1=S3,False,,A_dominant,S2=S3主导型,3,C3 S2_S3_dominant
JW01,江湾,T,special_merge_onset,T_Status,合流,merge,A_rel,S2=S3,True,1,A_dominant,S2=S3主导型,3,C3 S2_S3_dominant
JW01,江湾,T,special_merge_onset,T_Status,合流,merge,B_rel,S1=S2,False,,A_dominant,S2=S3主导型,3,C3 S2_S3_dominant
JW01,江湾,T,special_merge_onset,T_Status,合流,merge,C_rel,S0=S1,False,,A_dominant,S2=S3主导型,3,C3 S2_S3_dominant
JW01,江湾,T,special_merge_onset,T_Status,合流,merge,D_rel,S1=S3,False,,A_dominant,S2=S3主导型,3,C3 S2_S3_dominant
JW01,江湾,K,value_pattern_onset,K_L3,S0=S1，S2=S3,pattern_F,A_rel,S2=S3,True,1,A_dominant,S2=S3主导型,3,C3 S2_S3_dominant
JW01,江湾,K,value_pattern_onset,K_L3,S0=S1，S2=S3,pattern_F,B_rel,S1=S2,True,0,A_dominant,S2=S3主导型,3,C3 S2_S3_dominant
JW01,江湾,K,value_pattern_onset,K_L3,S0=S1，S2=S3,pattern_F,C_rel,S0=S1,True,1,A_dominant,S2=S3主导型,3,C3 S2_S3_dominant
JW01,江湾,K,value_pattern_onset,K_L3,S0=S1，S2=S3,pattern_F,D_rel,S1=S3,True,0,A_dominant,S2=S3主导型,3,C3 S2_S3_dominant
JW01,江湾,M,value_pattern_onset,M_L3,S2=S3,pattern_A,A_rel,S2=S3,True,1,A_dominant,S2=S3主导型,3,C3 S2_S3_dominant
JW01,江湾,M,value_pattern_onset,M_L3,S2=S3,pattern_A,B_rel,S1=S2,True,0,A_dominant,S2=S3主导型,3,C3 S2_S3_dominant
JW01,江湾,M,value_pattern_onset,M_L3,S2=S3,pattern_A,C_rel,S0=S1,True,0,A_dominant,S2=S3主导型,3,C3 S2_S3_dominant
JW01,江湾,M,value_pattern_onset,M_L3,S2=S3,pattern_A,D_rel,S1=S3,True,0,A_dominant,S2=S3主导型,3,C3 S2_S3_dominant
JW01,江湾,P,value_pattern_onset,P_L3,S2=S3,pattern_A,A_rel,S2=S3,True,1,A_dominant,S2=S3主导型,3,C3 S2_S3_dominant
JW01,江湾,P,value_pattern_onset,P_L3,S2=S3,pattern_A,B_rel,S1=S2,True,0,A_dominant,S2=S3主导型,3,C3 S2_S3_dominant
JW01,江湾,P,value_pattern_onset,P_L3,S2=S3,pattern_A,C_rel,S0=S1,True,0,A_dominant,S2=S3主导型,3,C3 S2_S3_dominant
JW01,江湾,P,value_pattern_onset,P_L3,S2=S3,pattern_A,D_rel,S1=S3,True,0,A_dominant,S2=S3主导型,3,C3 S2_S3_dominant
JW01,江湾,TS,value_pattern_onset,TS_L3,S2=S3,pattern_A,A_rel,S2=S3,True,1,A_dominant,S2=S3主导型,3,C3 S2_S3_dominant
JW01,江湾,TS,value_pattern_onset,TS_L3,S2=S3,pattern_A,B_rel,S1=S2,True,0,A_dominant,S2=S3主导型,3,C3 S2_S3_dominant
JW01,江湾,TS,value_pattern_onset,TS_L3,S2=S3,pattern_A,C_rel,S0=S1,True,0,A_dominant,S2=S3主导型,3,C3 S2_S3_dominant
JW01,江湾,TS,value_pattern_onset,TS_L3,S2=S3,pattern_A,D_rel,S1=S3,True,0,A_dominant,S2=S3主导型,3,C3 S2_S3_dominant
JW01,江湾,Ø,value_pattern_onset,Ø_L3,S2=S3,pattern_A,A_rel,S2=S3,True,1,A_dominant,S2=S3主导型,3,C3 S2_S3_dominant
JW01,江湾,Ø,value_pattern_onset,Ø_L3,S2=S3,pattern_A,B_rel,S1=S2,True,0,A_dominant,S2=S3主导型,3,C3 S2_S3_dominant
JW01,江湾,Ø,value_pattern_onset,Ø_L3,S2=S3,pattern_A,C_rel,S0=S1,True,0,A_dominant,S2=S3主导型,3,C3 S2_S3_dominant
JW01,江湾,Ø,value_pattern_onset,Ø_L3,S2=S3,pattern_A,D_rel,S1=S3,True,0,A_dominant,S2=S3主导型,3,C3 S2_S3_dominant
JX01,嘉兴城区,N,special_merge_onset,N_Status,合流,merge,A_rel,S2=S3,True,1,A_dominant,S2=S3主导型,3,C3 S2_S3_dominant
JX01,嘉兴城区,N,special_merge_onset,N_Status,合流,merge,B_rel,S1=S2,False,,A_dominant,S2=S3主导型,3,C3 S2_S3_dominant
JX01,嘉兴城区,N,special_merge_onset,N_Status,合流,merge,C_rel,S0=S1,False,,A_dominant,S2=S3主导型,3,C3 S2_S3_dominant
JX01,嘉兴城区,N,special_merge_onset,N_Status,合流,merge,D_rel,S1=S3,False,,A_dominant,S2=S3主导型,3,C3 S2_S3_dominant
JX01,嘉兴城区,T,special_merge_onset,T_Status,合流,merge,A_rel,S2=S3,True,1,A_dominant,S2=S3主导型,3,C3 S2_S3_dominant
JX01,嘉兴城区,T,special_merge_onset,T_Status,合流,merge,B_rel,S1=S2,False,,A_dominant,S2=S3主导型,3,C3 S2_S3_dominant
JX01,嘉兴城区,T,special_merge_onset,T_Status,合流,merge,C_rel,S0=S1,False,,A_dominant,S2=S3主导型,3,C3 S2_S3_dominant
JX01,嘉兴城区,T,special_merge_onset,T_Status,合流,merge,D_rel,S1=S3,False,,A_dominant,S2=S3主导型,3,C3 S2_S3_dominant
JX01,嘉兴城区,K,value_pattern_onset,K_L3,S0=S1，S2=S3,pattern_F,A_rel,S2=S3,True,1,A_dominant,S2=S3主导型,3,C3 S2_S3_dominant
JX01,嘉兴城区,K,value_pattern_onset,K_L3,S0=S1，S2=S3,pattern_F,B_rel,S1=S2,True,0,A_dominant,S2=S3主导型,3,C3 S2_S3_dominant
JX01,嘉兴城区,K,value_pattern_onset,K_L3,S0=S1，S2=S3,pattern_F,C_rel,S0=S1,True,1,A_dominant,S2=S3主导型,3,C3 S2_S3_dominant
JX01,嘉兴城区,K,value_pattern_onset,K_L3,S0=S1，S2=S3,pattern_F,D_rel,S1=S3,True,0,A_dominant,S2=S3主导型,3,C3 S2_S3_dominant
JX01,嘉兴城区,M,value_pattern_onset,M_L3,S2=S3,pattern_A,A_rel,S2=S3,True,1,A_dominant,S2=S3主导型,3,C3 S2_S3_dominant
JX01,嘉兴城区,M,value_pattern_onset,M_L3,S2=S3,pattern_A,B_rel,S1=S2,True,0,A_dominant,S2=S3主导型,3,C3 S2_S3_dominant
JX01,嘉兴城区,M,value_pattern_onset,M_L3,S2=S3,pattern_A,C_rel,S0=S1,True,0,A_dominant,S2=S3主导型,3,C3 S2_S3_dominant
JX01,嘉兴城区,M,value_pattern_onset,M_L3,S2=S3,pattern_A,D_rel,S1=S3,True,0,A_dominant,S2=S3主导型,3,C3 S2_S3_dominant
JX01,嘉兴城区,P,value_pattern_onset,P_L3,S2=S3,pattern_A,A_rel,S2=S3,True,1,A_dominant,S2=S3主导型,3,C3 S2_S3_dominant
JX01,嘉兴城区,P,value_pattern_onset,P_L3,S2=S3,pattern_A,B_rel,S1=S2,True,0,A_dominant,S2=S3主导型,3,C3 S2_S3_dominant
JX01,嘉兴城区,P,value_pattern_onset,P_L3,S2=S3,pattern_A,C_rel,S0=S1,True,0,A_dominant,S2=S3主导型,3,C3 S2_S3_dominant
JX01,嘉兴城区,P,value_pattern_onset,P_L3,S2=S3,pattern_A,D_rel,S1=S3,True,0,A_dominant,S2=S3主导型,3,C3 S2_S3_dominant
JX01,嘉兴城区,TS,value_pattern_onset,TS_L3,S2=S3,pattern_A,A_rel,S2=S3,True,1,A_dominant,S2=S3主导型,3,C3 S2_S3_dominant
JX01,嘉兴城区,TS,value_pattern_onset,TS_L3,S2=S3,pattern_A,B_rel,S1=S2,True,0,A_dominant,S2=S3主导型,3,C3 S2_S3_dominant
JX01,嘉兴城区,TS,value_pattern_onset,TS_L3,S2=S3,pattern_A,C_rel,S0=S1,True,0,A_dominant,S2=S3主导型,3,C3 S2_S3_dominant
JX01,嘉兴城区,TS,value_pattern_onset,TS_L3,S2=S3,pattern_A,D_rel,S1=S3,True,0,A_dominant,S2=S3主导型,3,C3 S2_S3_dominant
JX01,嘉兴城区,Ø,value_pattern_onset,Ø_L3,S2=S3,pattern_A,A_rel,S2=S3,True,1,A_dominant,S2=S3主导型,3,C3 S2_S3_dominant
JX01,嘉兴城区,Ø,value_pattern_onset,Ø_L3,S2=S3,pattern_A,B_rel,S1=S2,True,0,A_dominant,S2=S3主导型,3,C3 S2_S3_dominant
JX01,嘉兴城区,Ø,value_pattern_onset,Ø_L3,S2=S3,pattern_A,C_rel,S0=S1,True,0,A_dominant,S2=S3主导型,3,C3 S2_S3_dominant
JX01,嘉兴城区,Ø,value_pattern_onset,Ø_L3,S2=S3,pattern_A,D_rel,S1=S3,True,0,A_dominant,S2=S3主导型,3,C3 S2_S3_dominant
JY01,江阴城区澄江镇,N,special_merge_onset,N_Status,合流,merge,A_rel,S2=S3,True,1,A_dominant,S2=S3主导型,1,C1 S2_S3_dominant
JY01,江阴城区澄江镇,N,special_merge_onset,N_Status,合流,merge,B_rel,S1=S2,False,,A_dominant,S2=S3主导型,1,C1 S2_S3_dominant
JY01,江阴城区澄江镇,N,special_merge_onset,N_Status,合流,merge,C_rel,S0=S1,False,,A_dominant,S2=S3主导型,1,C1 S2_S3_dominant
JY01,江阴城区澄江镇,N,special_merge_onset,N_Status,合流,merge,D_rel,S1=S3,False,,A_dominant,S2=S3主导型,1,C1 S2_S3_dominant
JY01,江阴城区澄江镇,T,special_merge_onset,T_Status,合流,merge,A_rel,S2=S3,True,1,A_dominant,S2=S3主导型,1,C1 S2_S3_dominant
JY01,江阴城区澄江镇,T,special_merge_onset,T_Status,合流,merge,B_rel,S1=S2,False,,A_dominant,S2=S3主导型,1,C1 S2_S3_dominant
JY01,江阴城区澄江镇,T,special_merge_onset,T_Status,合流,merge,C_rel,S0=S1,False,,A_dominant,S2=S3主导型,1,C1 S2_S3_dominant
JY01,江阴城区澄江镇,T,special_merge_onset,T_Status,合流,merge,D_rel,S1=S3,False,,A_dominant,S2=S3主导型,1,C1 S2_S3_dominant
JY01,江阴城区澄江镇,K,value_pattern_onset,K_L3,全对立,pattern_NONE,A_rel,S2=S3,True,0,A_dominant,S2=S3主导型,1,C1 S2_S3_dominant
JY01,江阴城区澄江镇,K,value_pattern_onset,K_L3,全对立,pattern_NONE,B_rel,S1=S2,True,0,A_dominant,S2=S3主导型,1,C1 S2_S3_dominant
JY01,江阴城区澄江镇,K,value_pattern_onset,K_L3,全对立,pattern_NONE,C_rel,S0=S1,True,0,A_dominant,S2=S3主导型,1,C1 S2_S3_dominant
JY01,江阴城区澄江镇,K,value_pattern_onset,K_L3,全对立,pattern_NONE,D_rel,S1=S3,True,0,A_dominant,S2=S3主导型,1,C1 S2_S3_dominant
JY01,江阴城区澄江镇,M,value_pattern_onset,M_L3,S2=S3,pattern_A,A_rel,S2=S3,True,1,A_dominant,S2=S3主导型,1,C1 S2_S3_dominant
JY01,江阴城区澄江镇,M,value_pattern_onset,M_L3,S2=S3,pattern_A,B_rel,S1=S2,True,0,A_dominant,S2=S3主导型,1,C1 S2_S3_dominant
JY01,江阴城区澄江镇,M,value_pattern_onset,M_L3,S2=S3,pattern_A,C_rel,S0=S1,True,0,A_dominant,S2=S3主导型,1,C1 S2_S3_dominant
JY01,江阴城区澄江镇,M,value_pattern_onset,M_L3,S2=S3,pattern_A,D_rel,S1=S3,True,0,A_dominant,S2=S3主导型,1,C1 S2_S3_dominant
JY01,江阴城区澄江镇,P,value_pattern_onset,P_L3,S2=S3,pattern_A,A_rel,S2=S3,True,1,A_dominant,S2=S3主导型,1,C1 S2_S3_dominant
JY01,江阴城区澄江镇,P,value_pattern_onset,P_L3,S2=S3,pattern_A,B_rel,S1=S2,True,0,A_dominant,S2=S3主导型,1,C1 S2_S3_dominant
JY01,江阴城区澄江镇,P,value_pattern_onset,P_L3,S2=S3,pattern_A,C_rel,S0=S1,True,0,A_dominant,S2=S3主导型,1,C1 S2_S3_dominant
JY01,江阴城区澄江镇,P,value_pattern_onset,P_L3,S2=S3,pattern_A,D_rel,S1=S3,True,0,A_dominant,S2=S3主导型,1,C1 S2_S3_dominant
JY01,江阴城区澄江镇,TS,value_pattern_onset,TS_L3,S2=S3,pattern_A,A_rel,S2=S3,True,1,A_dominant,S2=S3主导型,1,C1 S2_S3_dominant
JY01,江阴城区澄江镇,TS,value_pattern_onset,TS_L3,S2=S3,pattern_A,B_rel,S1=S2,True,0,A_dominant,S2=S3主导型,1,C1 S2_S3_dominant
JY01,江阴城区澄江镇,TS,value_pattern_onset,TS_L3,S2=S3,pattern_A,C_rel,S0=S1,True,0,A_dominant,S2=S3主导型,1,C1 S2_S3_dominant
JY01,江阴城区澄江镇,TS,value_pattern_onset,TS_L3,S2=S3,pattern_A,D_rel,S1=S3,True,0,A_dominant,S2=S3主导型,1,C1 S2_S3_dominant
JY01,江阴城区澄江镇,Ø,value_pattern_onset,Ø_L3,全对立,pattern_NONE,A_rel,S2=S3,True,0,A_dominant,S2=S3主导型,1,C1 S2_S3_dominant
JY01,江阴城区澄江镇,Ø,value_pattern_onset,Ø_L3,全对立,pattern_NONE,B_rel,S1=S2,True,0,A_dominant,S2=S3主导型,1,C1 S2_S3_dominant
JY01,江阴城区澄江镇,Ø,value_pattern_onset,Ø_L3,全对立,pattern_NONE,C_rel,S0=S1,True,0,A_dominant,S2=S3主导型,1,C1 S2_S3_dominant
JY01,江阴城区澄江镇,Ø,value_pattern_onset,Ø_L3,全对立,pattern_NONE,D_rel,S1=S3,True,0,A_dominant,S2=S3主导型,1,C1 S2_S3_dominant
KQ01,柯桥城关,N,special_merge_onset,N_Status,合流,merge,A_rel,S2=S3,True,1,B_dominant,S1=S2主导型,2,C2 S1_S2_dominant
KQ01,柯桥城关,N,special_merge_onset,N_Status,合流,merge,B_rel,S1=S2,False,,B_dominant,S1=S2主导型,2,C2 S1_S2_dominant
KQ01,柯桥城关,N,special_merge_onset,N_Status,合流,merge,C_rel,S0=S1,False,,B_dominant,S1=S2主导型,2,C2 S1_S2_dominant
KQ01,柯桥城关,N,special_merge_onset,N_Status,合流,merge,D_rel,S1=S3,False,,B_dominant,S1=S2主导型,2,C2 S1_S2_dominant
KQ01,柯桥城关,T,special_merge_onset,T_Status,分立,split,A_rel,S2=S3,True,0,B_dominant,S1=S2主导型,2,C2 S1_S2_dominant
KQ01,柯桥城关,T,special_merge_onset,T_Status,分立,split,B_rel,S1=S2,False,,B_dominant,S1=S2主导型,2,C2 S1_S2_dominant
KQ01,柯桥城关,T,special_merge_onset,T_Status,分立,split,C_rel,S0=S1,False,,B_dominant,S1=S2主导型,2,C2 S1_S2_dominant
KQ01,柯桥城关,T,special_merge_onset,T_Status,分立,split,D_rel,S1=S3,False,,B_dominant,S1=S2主导型,2,C2 S1_S2_dominant
KQ01,柯桥城关,K,value_pattern_onset,K_L3,S1=S2,pattern_B,A_rel,S2=S3,True,0,B_dominant,S1=S2主导型,2,C2 S1_S2_dominant
KQ01,柯桥城关,K,value_pattern_onset,K_L3,S1=S2,pattern_B,B_rel,S1=S2,True,1,B_dominant,S1=S2主导型,2,C2 S1_S2_dominant
KQ01,柯桥城关,K,value_pattern_onset,K_L3,S1=S2,pattern_B,C_rel,S0=S1,True,0,B_dominant,S1=S2主导型,2,C2 S1_S2_dominant
KQ01,柯桥城关,K,value_pattern_onset,K_L3,S1=S2,pattern_B,D_rel,S1=S3,True,0,B_dominant,S1=S2主导型,2,C2 S1_S2_dominant
KQ01,柯桥城关,M,value_pattern_onset,M_L3,S1=S2,pattern_B,A_rel,S2=S3,True,0,B_dominant,S1=S2主导型,2,C2 S1_S2_dominant
KQ01,柯桥城关,M,value_pattern_onset,M_L3,S1=S2,pattern_B,B_rel,S1=S2,True,1,B_dominant,S1=S2主导型,2,C2 S1_S2_dominant
KQ01,柯桥城关,M,value_pattern_onset,M_L3,S1=S2,pattern_B,C_rel,S0=S1,True,0,B_dominant,S1=S2主导型,2,C2 S1_S2_dominant
KQ01,柯桥城关,M,value_pattern_onset,M_L3,S1=S2,pattern_B,D_rel,S1=S3,True,0,B_dominant,S1=S2主导型,2,C2 S1_S2_dominant
KQ01,柯桥城关,P,value_pattern_onset,P_L3,S1=S2,pattern_B,A_rel,S2=S3,True,0,B_dominant,S1=S2主导型,2,C2 S1_S2_dominant
KQ01,柯桥城关,P,value_pattern_onset,P_L3,S1=S2,pattern_B,B_rel,S1=S2,True,1,B_dominant,S1=S2主导型,2,C2 S1_S2_dominant
KQ01,柯桥城关,P,value_pattern_onset,P_L3,S1=S2,pattern_B,C_rel,S0=S1,True,0,B_dominant,S1=S2主导型,2,C2 S1_S2_dominant
KQ01,柯桥城关,P,value_pattern_onset,P_L3,S1=S2,pattern_B,D_rel,S1=S3,True,0,B_dominant,S1=S2主导型,2,C2 S1_S2_dominant
KQ01,柯桥城关,TS,value_pattern_onset,TS_L3,S1=S2,pattern_B,A_rel,S2=S3,True,0,B_dominant,S1=S2主导型,2,C2 S1_S2_dominant
KQ01,柯桥城关,TS,value_pattern_onset,TS_L3,S1=S2,pattern_B,B_rel,S1=S2,True,1,B_dominant,S1=S2主导型,2,C2 S1_S2_dominant
KQ01,柯桥城关,TS,value_pattern_onset,TS_L3,S1=S2,pattern_B,C_rel,S0=S1,True,0,B_dominant,S1=S2主导型,2,C2 S1_S2_dominant
KQ01,柯桥城关,TS,value_pattern_onset,TS_L3,S1=S2,pattern_B,D_rel,S1=S3,True,0,B_dominant,S1=S2主导型,2,C2 S1_S2_dominant
KQ01,柯桥城关,Ø,value_pattern_onset,Ø_L3,S1=S2,pattern_B,A_rel,S2=S3,True,0,B_dominant,S1=S2主导型,2,C2 S1_S2_dominant
KQ01,柯桥城关,Ø,value_pattern_onset,Ø_L3,S1=S2,pattern_B,B_rel,S1=S2,True,1,B_dominant,S1=S2主导型,2,C2 S1_S2_dominant
KQ01,柯桥城关,Ø,value_pattern_onset,Ø_L3,S1=S2,pattern_B,C_rel,S0=S1,True,0,B_dominant,S1=S2主导型,2,C2 S1_S2_dominant
KQ01,柯桥城关,Ø,value_pattern_onset,Ø_L3,S1=S2,pattern_B,D_rel,S1=S3,True,0,B_dominant,S1=S2主导型,2,C2 S1_S2_dominant
KS01,昆山市区玉山镇,N,special_merge_onset,N_Status,合流,merge,A_rel,S2=S3,True,1,A_dominant,S2=S3主导型,3,C3 S2_S3_dominant
KS01,昆山市区玉山镇,N,special_merge_onset,N_Status,合流,merge,B_rel,S1=S2,False,,A_dominant,S2=S3主导型,3,C3 S2_S3_dominant
KS01,昆山市区玉山镇,N,special_merge_onset,N_Status,合流,merge,C_rel,S0=S1,False,,A_dominant,S2=S3主导型,3,C3 S2_S3_dominant
KS01,昆山市区玉山镇,N,special_merge_onset,N_Status,合流,merge,D_rel,S1=S3,False,,A_dominant,S2=S3主导型,3,C3 S2_S3_dominant
KS01,昆山市区玉山镇,T,special_merge_onset,T_Status,合流,merge,A_rel,S2=S3,True,1,A_dominant,S2=S3主导型,3,C3 S2_S3_dominant
KS01,昆山市区玉山镇,T,special_merge_onset,T_Status,合流,merge,B_rel,S1=S2,False,,A_dominant,S2=S3主导型,3,C3 S2_S3_dominant
KS01,昆山市区玉山镇,T,special_merge_onset,T_Status,合流,merge,C_rel,S0=S1,False,,A_dominant,S2=S3主导型,3,C3 S2_S3_dominant
KS01,昆山市区玉山镇,T,special_merge_onset,T_Status,合流,merge,D_rel,S1=S3,False,,A_dominant,S2=S3主导型,3,C3 S2_S3_dominant
KS01,昆山市区玉山镇,K,value_pattern_onset,K_L3,S0=S1，S2=S3,pattern_F,A_rel,S2=S3,True,1,A_dominant,S2=S3主导型,3,C3 S2_S3_dominant
KS01,昆山市区玉山镇,K,value_pattern_onset,K_L3,S0=S1，S2=S3,pattern_F,B_rel,S1=S2,True,0,A_dominant,S2=S3主导型,3,C3 S2_S3_dominant
KS01,昆山市区玉山镇,K,value_pattern_onset,K_L3,S0=S1，S2=S3,pattern_F,C_rel,S0=S1,True,1,A_dominant,S2=S3主导型,3,C3 S2_S3_dominant
KS01,昆山市区玉山镇,K,value_pattern_onset,K_L3,S0=S1，S2=S3,pattern_F,D_rel,S1=S3,True,0,A_dominant,S2=S3主导型,3,C3 S2_S3_dominant
KS01,昆山市区玉山镇,M,value_pattern_onset,M_L3,S1=S2=S3,pattern_E,A_rel,S2=S3,True,1,A_dominant,S2=S3主导型,3,C3 S2_S3_dominant
KS01,昆山市区玉山镇,M,value_pattern_onset,M_L3,S1=S2=S3,pattern_E,B_rel,S1=S2,True,1,A_dominant,S2=S3主导型,3,C3 S2_S3_dominant
KS01,昆山市区玉山镇,M,value_pattern_onset,M_L3,S1=S2=S3,pattern_E,C_rel,S0=S1,True,0,A_dominant,S2=S3主导型,3,C3 S2_S3_dominant
KS01,昆山市区玉山镇,M,value_pattern_onset,M_L3,S1=S2=S3,pattern_E,D_rel,S1=S3,True,0,A_dominant,S2=S3主导型,3,C3 S2_S3_dominant
KS01,昆山市区玉山镇,P,value_pattern_onset,P_L3,S2=S3,pattern_A,A_rel,S2=S3,True,1,A_dominant,S2=S3主导型,3,C3 S2_S3_dominant
KS01,昆山市区玉山镇,P,value_pattern_onset,P_L3,S2=S3,pattern_A,B_rel,S1=S2,True,0,A_dominant,S2=S3主导型,3,C3 S2_S3_dominant
KS01,昆山市区玉山镇,P,value_pattern_onset,P_L3,S2=S3,pattern_A,C_rel,S0=S1,True,0,A_dominant,S2=S3主导型,3,C3 S2_S3_dominant
KS01,昆山市区玉山镇,P,value_pattern_onset,P_L3,S2=S3,pattern_A,D_rel,S1=S3,True,0,A_dominant,S2=S3主导型,3,C3 S2_S3_dominant
KS01,昆山市区玉山镇,TS,value_pattern_onset,TS_L3,S2=S3,pattern_A,A_rel,S2=S3,True,1,A_dominant,S2=S3主导型,3,C3 S2_S3_dominant
KS01,昆山市区玉山镇,TS,value_pattern_onset,TS_L3,S2=S3,pattern_A,B_rel,S1=S2,True,0,A_dominant,S2=S3主导型,3,C3 S2_S3_dominant
KS01,昆山市区玉山镇,TS,value_pattern_onset,TS_L3,S2=S3,pattern_A,C_rel,S0=S1,True,0,A_dominant,S2=S3主导型,3,C3 S2_S3_dominant
KS01,昆山市区玉山镇,TS,value_pattern_onset,TS_L3,S2=S3,pattern_A,D_rel,S1=S3,True,0,A_dominant,S2=S3主导型,3,C3 S2_S3_dominant
KS01,昆山市区玉山镇,Ø,value_pattern_onset,Ø_L3,S2=S3,pattern_A,A_rel,S2=S3,True,1,A_dominant,S2=S3主导型,3,C3 S2_S3_dominant
KS01,昆山市区玉山镇,Ø,value_pattern_onset,Ø_L3,S2=S3,pattern_A,B_rel,S1=S2,True,0,A_dominant,S2=S3主导型,3,C3 S2_S3_dominant
KS01,昆山市区玉山镇,Ø,value_pattern_onset,Ø_L3,S2=S3,pattern_A,C_rel,S0=S1,True,0,A_dominant,S2=S3主导型,3,C3 S2_S3_dominant
KS01,昆山市区玉山镇,Ø,value_pattern_onset,Ø_L3,S2=S3,pattern_A,D_rel,S1=S3,True,0,A_dominant,S2=S3主导型,3,C3 S2_S3_dominant
LA01,临安城区,N,special_merge_onset,N_Status,合流,merge,A_rel,S2=S3,True,1,B_dominant,S1=S2主导型,2,C2 S1_S2_dominant
LA01,临安城区,N,special_merge_onset,N_Status,合流,merge,B_rel,S1=S2,False,,B_dominant,S1=S2主导型,2,C2 S1_S2_dominant
LA01,临安城区,N,special_merge_onset,N_Status,合流,merge,C_rel,S0=S1,False,,B_dominant,S1=S2主导型,2,C2 S1_S2_dominant
LA01,临安城区,N,special_merge_onset,N_Status,合流,merge,D_rel,S1=S3,False,,B_dominant,S1=S2主导型,2,C2 S1_S2_dominant
LA01,临安城区,T,special_merge_onset,T_Status,分立,split,A_rel,S2=S3,True,0,B_dominant,S1=S2主导型,2,C2 S1_S2_dominant
LA01,临安城区,T,special_merge_onset,T_Status,分立,split,B_rel,S1=S2,False,,B_dominant,S1=S2主导型,2,C2 S1_S2_dominant
LA01,临安城区,T,special_merge_onset,T_Status,分立,split,C_rel,S0=S1,False,,B_dominant,S1=S2主导型,2,C2 S1_S2_dominant
LA01,临安城区,T,special_merge_onset,T_Status,分立,split,D_rel,S1=S3,False,,B_dominant,S1=S2主导型,2,C2 S1_S2_dominant
LA01,临安城区,K,value_pattern_onset,K_L3,S1=S2,pattern_B,A_rel,S2=S3,True,0,B_dominant,S1=S2主导型,2,C2 S1_S2_dominant
LA01,临安城区,K,value_pattern_onset,K_L3,S1=S2,pattern_B,B_rel,S1=S2,True,1,B_dominant,S1=S2主导型,2,C2 S1_S2_dominant
LA01,临安城区,K,value_pattern_onset,K_L3,S1=S2,pattern_B,C_rel,S0=S1,True,0,B_dominant,S1=S2主导型,2,C2 S1_S2_dominant
LA01,临安城区,K,value_pattern_onset,K_L3,S1=S2,pattern_B,D_rel,S1=S3,True,0,B_dominant,S1=S2主导型,2,C2 S1_S2_dominant
LA01,临安城区,M,value_pattern_onset,M_L3,S1=S2=S3,pattern_E,A_rel,S2=S3,True,1,B_dominant,S1=S2主导型,2,C2 S1_S2_dominant
LA01,临安城区,M,value_pattern_onset,M_L3,S1=S2=S3,pattern_E,B_rel,S1=S2,True,1,B_dominant,S1=S2主导型,2,C2 S1_S2_dominant
LA01,临安城区,M,value_pattern_onset,M_L3,S1=S2=S3,pattern_E,C_rel,S0=S1,True,0,B_dominant,S1=S2主导型,2,C2 S1_S2_dominant
LA01,临安城区,M,value_pattern_onset,M_L3,S1=S2=S3,pattern_E,D_rel,S1=S3,True,0,B_dominant,S1=S2主导型,2,C2 S1_S2_dominant
LA01,临安城区,P,value_pattern_onset,P_L3,S1=S2,pattern_B,A_rel,S2=S3,True,0,B_dominant,S1=S2主导型,2,C2 S1_S2_dominant
LA01,临安城区,P,value_pattern_onset,P_L3,S1=S2,pattern_B,B_rel,S1=S2,True,1,B_dominant,S1=S2主导型,2,C2 S1_S2_dominant
LA01,临安城区,P,value_pattern_onset,P_L3,S1=S2,pattern_B,C_rel,S0=S1,True,0,B_dominant,S1=S2主导型,2,C2 S1_S2_dominant
LA01,临安城区,P,value_pattern_onset,P_L3,S1=S2,pattern_B,D_rel,S1=S3,True,0,B_dominant,S1=S2主导型,2,C2 S1_S2_dominant
LA01,临安城区,TS,value_pattern_onset,TS_L3,S1=S2,pattern_B,A_rel,S2=S3,True,0,B_dominant,S1=S2主导型,2,C2 S1_S2_dominant
LA01,临安城区,TS,value_pattern_onset,TS_L3,S1=S2,pattern_B,B_rel,S1=S2,True,1,B_dominant,S1=S2主导型,2,C2 S1_S2_dominant
LA01,临安城区,TS,value_pattern_onset,TS_L3,S1=S2,pattern_B,C_rel,S0=S1,True,0,B_dominant,S1=S2主导型,2,C2 S1_S2_dominant
LA01,临安城区,TS,value_pattern_onset,TS_L3,S1=S2,pattern_B,D_rel,S1=S3,True,0,B_dominant,S1=S2主导型,2,C2 S1_S2_dominant
LA01,临安城区,Ø,value_pattern_onset,Ø_L3,S1=S2,pattern_B,A_rel,S2=S3,True,0,B_dominant,S1=S2主导型,2,C2 S1_S2_dominant
LA01,临安城区,Ø,value_pattern_onset,Ø_L3,S1=S2,pattern_B,B_rel,S1=S2,True,1,B_dominant,S1=S2主导型,2,C2 S1_S2_dominant
LA01,临安城区,Ø,value_pattern_onset,Ø_L3,S1=S2,pattern_B,C_rel,S0=S1,True,0,B_dominant,S1=S2主导型,2,C2 S1_S2_dominant
LA01,临安城区,Ø,value_pattern_onset,Ø_L3,S1=S2,pattern_B,D_rel,S1=S3,True,0,B_dominant,S1=S2主导型,2,C2 S1_S2_dominant
LP01,临平五杭,N,special_merge_onset,N_Status,合流,merge,A_rel,S2=S3,True,1,A_dominant,S2=S3主导型,3,C3 S2_S3_dominant
LP01,临平五杭,N,special_merge_onset,N_Status,合流,merge,B_rel,S1=S2,False,,A_dominant,S2=S3主导型,3,C3 S2_S3_dominant
LP01,临平五杭,N,special_merge_onset,N_Status,合流,merge,C_rel,S0=S1,False,,A_dominant,S2=S3主导型,3,C3 S2_S3_dominant
LP01,临平五杭,N,special_merge_onset,N_Status,合流,merge,D_rel,S1=S3,False,,A_dominant,S2=S3主导型,3,C3 S2_S3_dominant
LP01,临平五杭,T,special_merge_onset,T_Status,合流,merge,A_rel,S2=S3,True,1,A_dominant,S2=S3主导型,3,C3 S2_S3_dominant
LP01,临平五杭,T,special_merge_onset,T_Status,合流,merge,B_rel,S1=S2,False,,A_dominant,S2=S3主导型,3,C3 S2_S3_dominant
LP01,临平五杭,T,special_merge_onset,T_Status,合流,merge,C_rel,S0=S1,False,,A_dominant,S2=S3主导型,3,C3 S2_S3_dominant
LP01,临平五杭,T,special_merge_onset,T_Status,合流,merge,D_rel,S1=S3,False,,A_dominant,S2=S3主导型,3,C3 S2_S3_dominant
LP01,临平五杭,K,value_pattern_onset,K_L3,S0=S1，S2=S3,pattern_F,A_rel,S2=S3,True,1,A_dominant,S2=S3主导型,3,C3 S2_S3_dominant
LP01,临平五杭,K,value_pattern_onset,K_L3,S0=S1，S2=S3,pattern_F,B_rel,S1=S2,True,0,A_dominant,S2=S3主导型,3,C3 S2_S3_dominant
LP01,临平五杭,K,value_pattern_onset,K_L3,S0=S1，S2=S3,pattern_F,C_rel,S0=S1,True,1,A_dominant,S2=S3主导型,3,C3 S2_S3_dominant
LP01,临平五杭,K,value_pattern_onset,K_L3,S0=S1，S2=S3,pattern_F,D_rel,S1=S3,True,0,A_dominant,S2=S3主导型,3,C3 S2_S3_dominant
LP01,临平五杭,M,value_pattern_onset,M_L3,S2=S3,pattern_A,A_rel,S2=S3,True,1,A_dominant,S2=S3主导型,3,C3 S2_S3_dominant
LP01,临平五杭,M,value_pattern_onset,M_L3,S2=S3,pattern_A,B_rel,S1=S2,True,0,A_dominant,S2=S3主导型,3,C3 S2_S3_dominant
LP01,临平五杭,M,value_pattern_onset,M_L3,S2=S3,pattern_A,C_rel,S0=S1,True,0,A_dominant,S2=S3主导型,3,C3 S2_S3_dominant
LP01,临平五杭,M,value_pattern_onset,M_L3,S2=S3,pattern_A,D_rel,S1=S3,True,0,A_dominant,S2=S3主导型,3,C3 S2_S3_dominant
LP01,临平五杭,P,value_pattern_onset,P_L3,S2=S3,pattern_A,A_rel,S2=S3,True,1,A_dominant,S2=S3主导型,3,C3 S2_S3_dominant
LP01,临平五杭,P,value_pattern_onset,P_L3,S2=S3,pattern_A,B_rel,S1=S2,True,0,A_dominant,S2=S3主导型,3,C3 S2_S3_dominant
LP01,临平五杭,P,value_pattern_onset,P_L3,S2=S3,pattern_A,C_rel,S0=S1,True,0,A_dominant,S2=S3主导型,3,C3 S2_S3_dominant
LP01,临平五杭,P,value_pattern_onset,P_L3,S2=S3,pattern_A,D_rel,S1=S3,True,0,A_dominant,S2=S3主导型,3,C3 S2_S3_dominant
LP01,临平五杭,TS,value_pattern_onset,TS_L3,S2=S3,pattern_A,A_rel,S2=S3,True,1,A_dominant,S2=S3主导型,3,C3 S2_S3_dominant
LP01,临平五杭,TS,value_pattern_onset,TS_L3,S2=S3,pattern_A,B_rel,S1=S2,True,0,A_dominant,S2=S3主导型,3,C3 S2_S3_dominant
LP01,临平五杭,TS,value_pattern_onset,TS_L3,S2=S3,pattern_A,C_rel,S0=S1,True,0,A_dominant,S2=S3主导型,3,C3 S2_S3_dominant
LP01,临平五杭,TS,value_pattern_onset,TS_L3,S2=S3,pattern_A,D_rel,S1=S3,True,0,A_dominant,S2=S3主导型,3,C3 S2_S3_dominant
LP01,临平五杭,Ø,value_pattern_onset,Ø_L3,S2=S3,pattern_A,A_rel,S2=S3,True,1,A_dominant,S2=S3主导型,3,C3 S2_S3_dominant
LP01,临平五杭,Ø,value_pattern_onset,Ø_L3,S2=S3,pattern_A,B_rel,S1=S2,True,0,A_dominant,S2=S3主导型,3,C3 S2_S3_dominant
LP01,临平五杭,Ø,value_pattern_onset,Ø_L3,S2=S3,pattern_A,C_rel,S0=S1,True,0,A_dominant,S2=S3主导型,3,C3 S2_S3_dominant
LP01,临平五杭,Ø,value_pattern_onset,Ø_L3,S2=S3,pattern_A,D_rel,S1=S3,True,0,A_dominant,S2=S3主导型,3,C3 S2_S3_dominant
LT01,练塘,N,special_merge_onset,N_Status,合流,merge,A_rel,S2=S3,True,1,A_dominant,S2=S3主导型,3,C3 S2_S3_dominant
LT01,练塘,N,special_merge_onset,N_Status,合流,merge,B_rel,S1=S2,False,,A_dominant,S2=S3主导型,3,C3 S2_S3_dominant
LT01,练塘,N,special_merge_onset,N_Status,合流,merge,C_rel,S0=S1,False,,A_dominant,S2=S3主导型,3,C3 S2_S3_dominant
LT01,练塘,N,special_merge_onset,N_Status,合流,merge,D_rel,S1=S3,False,,A_dominant,S2=S3主导型,3,C3 S2_S3_dominant
LT01,练塘,T,special_merge_onset,T_Status,合流,merge,A_rel,S2=S3,True,1,A_dominant,S2=S3主导型,3,C3 S2_S3_dominant
LT01,练塘,T,special_merge_onset,T_Status,合流,merge,B_rel,S1=S2,False,,A_dominant,S2=S3主导型,3,C3 S2_S3_dominant
LT01,练塘,T,special_merge_onset,T_Status,合流,merge,C_rel,S0=S1,False,,A_dominant,S2=S3主导型,3,C3 S2_S3_dominant
LT01,练塘,T,special_merge_onset,T_Status,合流,merge,D_rel,S1=S3,False,,A_dominant,S2=S3主导型,3,C3 S2_S3_dominant
LT01,练塘,K,value_pattern_onset,K_L3,S0=S1，S2=S3,pattern_F,A_rel,S2=S3,True,1,A_dominant,S2=S3主导型,3,C3 S2_S3_dominant
LT01,练塘,K,value_pattern_onset,K_L3,S0=S1，S2=S3,pattern_F,B_rel,S1=S2,True,0,A_dominant,S2=S3主导型,3,C3 S2_S3_dominant
LT01,练塘,K,value_pattern_onset,K_L3,S0=S1，S2=S3,pattern_F,C_rel,S0=S1,True,1,A_dominant,S2=S3主导型,3,C3 S2_S3_dominant
LT01,练塘,K,value_pattern_onset,K_L3,S0=S1，S2=S3,pattern_F,D_rel,S1=S3,True,0,A_dominant,S2=S3主导型,3,C3 S2_S3_dominant
LT01,练塘,M,value_pattern_onset,M_L3,S2=S3,pattern_A,A_rel,S2=S3,True,1,A_dominant,S2=S3主导型,3,C3 S2_S3_dominant
LT01,练塘,M,value_pattern_onset,M_L3,S2=S3,pattern_A,B_rel,S1=S2,True,0,A_dominant,S2=S3主导型,3,C3 S2_S3_dominant
LT01,练塘,M,value_pattern_onset,M_L3,S2=S3,pattern_A,C_rel,S0=S1,True,0,A_dominant,S2=S3主导型,3,C3 S2_S3_dominant
LT01,练塘,M,value_pattern_onset,M_L3,S2=S3,pattern_A,D_rel,S1=S3,True,0,A_dominant,S2=S3主导型,3,C3 S2_S3_dominant
LT01,练塘,P,value_pattern_onset,P_L3,S2=S3,pattern_A,A_rel,S2=S3,True,1,A_dominant,S2=S3主导型,3,C3 S2_S3_dominant
LT01,练塘,P,value_pattern_onset,P_L3,S2=S3,pattern_A,B_rel,S1=S2,True,0,A_dominant,S2=S3主导型,3,C3 S2_S3_dominant
LT01,练塘,P,value_pattern_onset,P_L3,S2=S3,pattern_A,C_rel,S0=S1,True,0,A_dominant,S2=S3主导型,3,C3 S2_S3_dominant
LT01,练塘,P,value_pattern_onset,P_L3,S2=S3,pattern_A,D_rel,S1=S3,True,0,A_dominant,S2=S3主导型,3,C3 S2_S3_dominant
LT01,练塘,TS,value_pattern_onset,TS_L3,S2=S3,pattern_A,A_rel,S2=S3,True,1,A_dominant,S2=S3主导型,3,C3 S2_S3_dominant
LT01,练塘,TS,value_pattern_onset,TS_L3,S2=S3,pattern_A,B_rel,S1=S2,True,0,A_dominant,S2=S3主导型,3,C3 S2_S3_dominant
LT01,练塘,TS,value_pattern_onset,TS_L3,S2=S3,pattern_A,C_rel,S0=S1,True,0,A_dominant,S2=S3主导型,3,C3 S2_S3_dominant
LT01,练塘,TS,value_pattern_onset,TS_L3,S2=S3,pattern_A,D_rel,S1=S3,True,0,A_dominant,S2=S3主导型,3,C3 S2_S3_dominant
LT01,练塘,Ø,value_pattern_onset,Ø_L3,S2=S3,pattern_A,A_rel,S2=S3,True,1,A_dominant,S2=S3主导型,3,C3 S2_S3_dominant
LT01,练塘,Ø,value_pattern_onset,Ø_L3,S2=S3,pattern_A,B_rel,S1=S2,True,0,A_dominant,S2=S3主导型,3,C3 S2_S3_dominant
LT01,练塘,Ø,value_pattern_onset,Ø_L3,S2=S3,pattern_A,C_rel,S0=S1,True,0,A_dominant,S2=S3主导型,3,C3 S2_S3_dominant
LT01,练塘,Ø,value_pattern_onset,Ø_L3,S2=S3,pattern_A,D_rel,S1=S3,True,0,A_dominant,S2=S3主导型,3,C3 S2_S3_dominant
LY01,溧阳,N,special_merge_onset,N_Status,分立,split,A_rel,S2=S3,True,0,conservative_split,保守分立型,1,C1 S2_S3_dominant
LY01,溧阳,N,special_merge_onset,N_Status,分立,split,B_rel,S1=S2,False,,conservative_split,保守分立型,1,C1 S2_S3_dominant
LY01,溧阳,N,special_merge_onset,N_Status,分立,split,C_rel,S0=S1,False,,conservative_split,保守分立型,1,C1 S2_S3_dominant
LY01,溧阳,N,special_merge_onset,N_Status,分立,split,D_rel,S1=S3,False,,conservative_split,保守分立型,1,C1 S2_S3_dominant
LY01,溧阳,T,special_merge_onset,T_Status,分立,split,A_rel,S2=S3,True,0,conservative_split,保守分立型,1,C1 S2_S3_dominant
LY01,溧阳,T,special_merge_onset,T_Status,分立,split,B_rel,S1=S2,False,,conservative_split,保守分立型,1,C1 S2_S3_dominant
LY01,溧阳,T,special_merge_onset,T_Status,分立,split,C_rel,S0=S1,False,,conservative_split,保守分立型,1,C1 S2_S3_dominant
LY01,溧阳,T,special_merge_onset,T_Status,分立,split,D_rel,S1=S3,False,,conservative_split,保守分立型,1,C1 S2_S3_dominant
LY01,溧阳,K,value_pattern_onset,K_L3,全对立,pattern_NONE,A_rel,S2=S3,True,0,conservative_split,保守分立型,1,C1 S2_S3_dominant
LY01,溧阳,K,value_pattern_onset,K_L3,全对立,pattern_NONE,B_rel,S1=S2,True,0,conservative_split,保守分立型,1,C1 S2_S3_dominant
LY01,溧阳,K,value_pattern_onset,K_L3,全对立,pattern_NONE,C_rel,S0=S1,True,0,conservative_split,保守分立型,1,C1 S2_S3_dominant
LY01,溧阳,K,value_pattern_onset,K_L3,全对立,pattern_NONE,D_rel,S1=S3,True,0,conservative_split,保守分立型,1,C1 S2_S3_dominant
LY01,溧阳,M,value_pattern_onset,M_L3,S2=S3,pattern_A,A_rel,S2=S3,True,1,conservative_split,保守分立型,1,C1 S2_S3_dominant
LY01,溧阳,M,value_pattern_onset,M_L3,S2=S3,pattern_A,B_rel,S1=S2,True,0,conservative_split,保守分立型,1,C1 S2_S3_dominant
LY01,溧阳,M,value_pattern_onset,M_L3,S2=S3,pattern_A,C_rel,S0=S1,True,0,conservative_split,保守分立型,1,C1 S2_S3_dominant
LY01,溧阳,M,value_pattern_onset,M_L3,S2=S3,pattern_A,D_rel,S1=S3,True,0,conservative_split,保守分立型,1,C1 S2_S3_dominant
LY01,溧阳,P,value_pattern_onset,P_L3,全对立,pattern_NONE,A_rel,S2=S3,True,0,conservative_split,保守分立型,1,C1 S2_S3_dominant
LY01,溧阳,P,value_pattern_onset,P_L3,全对立,pattern_NONE,B_rel,S1=S2,True,0,conservative_split,保守分立型,1,C1 S2_S3_dominant
LY01,溧阳,P,value_pattern_onset,P_L3,全对立,pattern_NONE,C_rel,S0=S1,True,0,conservative_split,保守分立型,1,C1 S2_S3_dominant
LY01,溧阳,P,value_pattern_onset,P_L3,全对立,pattern_NONE,D_rel,S1=S3,True,0,conservative_split,保守分立型,1,C1 S2_S3_dominant
LY01,溧阳,TS,value_pattern_onset,TS_L3,全对立,pattern_NONE,A_rel,S2=S3,True,0,conservative_split,保守分立型,1,C1 S2_S3_dominant
LY01,溧阳,TS,value_pattern_onset,TS_L3,全对立,pattern_NONE,B_rel,S1=S2,True,0,conservative_split,保守分立型,1,C1 S2_S3_dominant
LY01,溧阳,TS,value_pattern_onset,TS_L3,全对立,pattern_NONE,C_rel,S0=S1,True,0,conservative_split,保守分立型,1,C1 S2_S3_dominant
LY01,溧阳,TS,value_pattern_onset,TS_L3,全对立,pattern_NONE,D_rel,S1=S3,True,0,conservative_split,保守分立型,1,C1 S2_S3_dominant
LY01,溧阳,Ø,value_pattern_onset,Ø_L3,全对立,pattern_NONE,A_rel,S2=S3,True,0,conservative_split,保守分立型,1,C1 S2_S3_dominant
LY01,溧阳,Ø,value_pattern_onset,Ø_L3,全对立,pattern_NONE,B_rel,S1=S2,True,0,conservative_split,保守分立型,1,C1 S2_S3_dominant
LY01,溧阳,Ø,value_pattern_onset,Ø_L3,全对立,pattern_NONE,C_rel,S0=S1,True,0,conservative_split,保守分立型,1,C1 S2_S3_dominant
LY01,溧阳,Ø,value_pattern_onset,Ø_L3,全对立,pattern_NONE,D_rel,S1=S3,True,0,conservative_split,保守分立型,1,C1 S2_S3_dominant
MH01,闵行,N,special_merge_onset,N_Status,合流,merge,A_rel,S2=S3,True,1,A_dominant,S2=S3主导型,3,C3 S2_S3_dominant
MH01,闵行,N,special_merge_onset,N_Status,合流,merge,B_rel,S1=S2,False,,A_dominant,S2=S3主导型,3,C3 S2_S3_dominant
MH01,闵行,N,special_merge_onset,N_Status,合流,merge,C_rel,S0=S1,False,,A_dominant,S2=S3主导型,3,C3 S2_S3_dominant
MH01,闵行,N,special_merge_onset,N_Status,合流,merge,D_rel,S1=S3,False,,A_dominant,S2=S3主导型,3,C3 S2_S3_dominant
MH01,闵行,T,special_merge_onset,T_Status,合流,merge,A_rel,S2=S3,True,1,A_dominant,S2=S3主导型,3,C3 S2_S3_dominant
MH01,闵行,T,special_merge_onset,T_Status,合流,merge,B_rel,S1=S2,False,,A_dominant,S2=S3主导型,3,C3 S2_S3_dominant
MH01,闵行,T,special_merge_onset,T_Status,合流,merge,C_rel,S0=S1,False,,A_dominant,S2=S3主导型,3,C3 S2_S3_dominant
MH01,闵行,T,special_merge_onset,T_Status,合流,merge,D_rel,S1=S3,False,,A_dominant,S2=S3主导型,3,C3 S2_S3_dominant
MH01,闵行,K,value_pattern_onset,K_L3,S0=S1，S2=S3,pattern_F,A_rel,S2=S3,True,1,A_dominant,S2=S3主导型,3,C3 S2_S3_dominant
MH01,闵行,K,value_pattern_onset,K_L3,S0=S1，S2=S3,pattern_F,B_rel,S1=S2,True,0,A_dominant,S2=S3主导型,3,C3 S2_S3_dominant
MH01,闵行,K,value_pattern_onset,K_L3,S0=S1，S2=S3,pattern_F,C_rel,S0=S1,True,1,A_dominant,S2=S3主导型,3,C3 S2_S3_dominant
MH01,闵行,K,value_pattern_onset,K_L3,S0=S1，S2=S3,pattern_F,D_rel,S1=S3,True,0,A_dominant,S2=S3主导型,3,C3 S2_S3_dominant
MH01,闵行,M,value_pattern_onset,M_L3,S1=S2=S3,pattern_E,A_rel,S2=S3,True,1,A_dominant,S2=S3主导型,3,C3 S2_S3_dominant
MH01,闵行,M,value_pattern_onset,M_L3,S1=S2=S3,pattern_E,B_rel,S1=S2,True,1,A_dominant,S2=S3主导型,3,C3 S2_S3_dominant
MH01,闵行,M,value_pattern_onset,M_L3,S1=S2=S3,pattern_E,C_rel,S0=S1,True,0,A_dominant,S2=S3主导型,3,C3 S2_S3_dominant
MH01,闵行,M,value_pattern_onset,M_L3,S1=S2=S3,pattern_E,D_rel,S1=S3,True,0,A_dominant,S2=S3主导型,3,C3 S2_S3_dominant
MH01,闵行,P,value_pattern_onset,P_L3,S2=S3,pattern_A,A_rel,S2=S3,True,1,A_dominant,S2=S3主导型,3,C3 S2_S3_dominant
MH01,闵行,P,value_pattern_onset,P_L3,S2=S3,pattern_A,B_rel,S1=S2,True,0,A_dominant,S2=S3主导型,3,C3 S2_S3_dominant
MH01,闵行,P,value_pattern_onset,P_L3,S2=S3,pattern_A,C_rel,S0=S1,True,0,A_dominant,S2=S3主导型,3,C3 S2_S3_dominant
MH01,闵行,P,value_pattern_onset,P_L3,S2=S3,pattern_A,D_rel,S1=S3,True,0,A_dominant,S2=S3主导型,3,C3 S2_S3_dominant
MH01,闵行,TS,value_pattern_onset,TS_L3,S2=S3,pattern_A,A_rel,S2=S3,True,1,A_dominant,S2=S3主导型,3,C3 S2_S3_dominant
MH01,闵行,TS,value_pattern_onset,TS_L3,S2=S3,pattern_A,B_rel,S1=S2,True,0,A_dominant,S2=S3主导型,3,C3 S2_S3_dominant
MH01,闵行,TS,value_pattern_onset,TS_L3,S2=S3,pattern_A,C_rel,S0=S1,True,0,A_dominant,S2=S3主导型,3,C3 S2_S3_dominant
MH01,闵行,TS,value_pattern_onset,TS_L3,S2=S3,pattern_A,D_rel,S1=S3,True,0,A_dominant,S2=S3主导型,3,C3 S2_S3_dominant
MH01,闵行,Ø,value_pattern_onset,Ø_L3,S2=S3,pattern_A,A_rel,S2=S3,True,1,A_dominant,S2=S3主导型,3,C3 S2_S3_dominant
MH01,闵行,Ø,value_pattern_onset,Ø_L3,S2=S3,pattern_A,B_rel,S1=S2,True,0,A_dominant,S2=S3主导型,3,C3 S2_S3_dominant
MH01,闵行,Ø,value_pattern_onset,Ø_L3,S2=S3,pattern_A,C_rel,S0=S1,True,0,A_dominant,S2=S3主导型,3,C3 S2_S3_dominant
MH01,闵行,Ø,value_pattern_onset,Ø_L3,S2=S3,pattern_A,D_rel,S1=S3,True,0,A_dominant,S2=S3主导型,3,C3 S2_S3_dominant
NB01,宁波市区,N,special_merge_onset,N_Status,分立,split,A_rel,S2=S3,True,0,conservative_split,保守分立型,1,C1 S2_S3_dominant
NB01,宁波市区,N,special_merge_onset,N_Status,分立,split,B_rel,S1=S2,False,,conservative_split,保守分立型,1,C1 S2_S3_dominant
NB01,宁波市区,N,special_merge_onset,N_Status,分立,split,C_rel,S0=S1,False,,conservative_split,保守分立型,1,C1 S2_S3_dominant
NB01,宁波市区,N,special_merge_onset,N_Status,分立,split,D_rel,S1=S3,False,,conservative_split,保守分立型,1,C1 S2_S3_dominant
NB01,宁波市区,T,special_merge_onset,T_Status,分立,split,A_rel,S2=S3,True,0,conservative_split,保守分立型,1,C1 S2_S3_dominant
NB01,宁波市区,T,special_merge_onset,T_Status,分立,split,B_rel,S1=S2,False,,conservative_split,保守分立型,1,C1 S2_S3_dominant
NB01,宁波市区,T,special_merge_onset,T_Status,分立,split,C_rel,S0=S1,False,,conservative_split,保守分立型,1,C1 S2_S3_dominant
NB01,宁波市区,T,special_merge_onset,T_Status,分立,split,D_rel,S1=S3,False,,conservative_split,保守分立型,1,C1 S2_S3_dominant
NB01,宁波市区,K,value_pattern_onset,K_L3,全对立,pattern_NONE,A_rel,S2=S3,True,0,conservative_split,保守分立型,1,C1 S2_S3_dominant
NB01,宁波市区,K,value_pattern_onset,K_L3,全对立,pattern_NONE,B_rel,S1=S2,True,0,conservative_split,保守分立型,1,C1 S2_S3_dominant
NB01,宁波市区,K,value_pattern_onset,K_L3,全对立,pattern_NONE,C_rel,S0=S1,True,0,conservative_split,保守分立型,1,C1 S2_S3_dominant
NB01,宁波市区,K,value_pattern_onset,K_L3,全对立,pattern_NONE,D_rel,S1=S3,True,0,conservative_split,保守分立型,1,C1 S2_S3_dominant
NB01,宁波市区,M,value_pattern_onset,M_L3,S2=S3,pattern_A,A_rel,S2=S3,True,1,conservative_split,保守分立型,1,C1 S2_S3_dominant
NB01,宁波市区,M,value_pattern_onset,M_L3,S2=S3,pattern_A,B_rel,S1=S2,True,0,conservative_split,保守分立型,1,C1 S2_S3_dominant
NB01,宁波市区,M,value_pattern_onset,M_L3,S2=S3,pattern_A,C_rel,S0=S1,True,0,conservative_split,保守分立型,1,C1 S2_S3_dominant
NB01,宁波市区,M,value_pattern_onset,M_L3,S2=S3,pattern_A,D_rel,S1=S3,True,0,conservative_split,保守分立型,1,C1 S2_S3_dominant
NB01,宁波市区,P,value_pattern_onset,P_L3,全对立,pattern_NONE,A_rel,S2=S3,True,0,conservative_split,保守分立型,1,C1 S2_S3_dominant
NB01,宁波市区,P,value_pattern_onset,P_L3,全对立,pattern_NONE,B_rel,S1=S2,True,0,conservative_split,保守分立型,1,C1 S2_S3_dominant
NB01,宁波市区,P,value_pattern_onset,P_L3,全对立,pattern_NONE,C_rel,S0=S1,True,0,conservative_split,保守分立型,1,C1 S2_S3_dominant
NB01,宁波市区,P,value_pattern_onset,P_L3,全对立,pattern_NONE,D_rel,S1=S3,True,0,conservative_split,保守分立型,1,C1 S2_S3_dominant
NB01,宁波市区,TS,value_pattern_onset,TS_L3,全对立,pattern_NONE,A_rel,S2=S3,True,0,conservative_split,保守分立型,1,C1 S2_S3_dominant
NB01,宁波市区,TS,value_pattern_onset,TS_L3,全对立,pattern_NONE,B_rel,S1=S2,True,0,conservative_split,保守分立型,1,C1 S2_S3_dominant
NB01,宁波市区,TS,value_pattern_onset,TS_L3,全对立,pattern_NONE,C_rel,S0=S1,True,0,conservative_split,保守分立型,1,C1 S2_S3_dominant
NB01,宁波市区,TS,value_pattern_onset,TS_L3,全对立,pattern_NONE,D_rel,S1=S3,True,0,conservative_split,保守分立型,1,C1 S2_S3_dominant
NB01,宁波市区,Ø,value_pattern_onset,Ø_L3,全对立,pattern_NONE,A_rel,S2=S3,True,0,conservative_split,保守分立型,1,C1 S2_S3_dominant
NB01,宁波市区,Ø,value_pattern_onset,Ø_L3,全对立,pattern_NONE,B_rel,S1=S2,True,0,conservative_split,保守分立型,1,C1 S2_S3_dominant
NB01,宁波市区,Ø,value_pattern_onset,Ø_L3,全对立,pattern_NONE,C_rel,S0=S1,True,0,conservative_split,保守分立型,1,C1 S2_S3_dominant
NB01,宁波市区,Ø,value_pattern_onset,Ø_L3,全对立,pattern_NONE,D_rel,S1=S3,True,0,conservative_split,保守分立型,1,C1 S2_S3_dominant
NH01,南汇惠南镇,N,special_merge_onset,N_Status,合流,merge,A_rel,S2=S3,True,1,A_dominant,S2=S3主导型,3,C3 S2_S3_dominant
NH01,南汇惠南镇,N,special_merge_onset,N_Status,合流,merge,B_rel,S1=S2,False,,A_dominant,S2=S3主导型,3,C3 S2_S3_dominant
NH01,南汇惠南镇,N,special_merge_onset,N_Status,合流,merge,C_rel,S0=S1,False,,A_dominant,S2=S3主导型,3,C3 S2_S3_dominant
NH01,南汇惠南镇,N,special_merge_onset,N_Status,合流,merge,D_rel,S1=S3,False,,A_dominant,S2=S3主导型,3,C3 S2_S3_dominant
NH01,南汇惠南镇,T,special_merge_onset,T_Status,合流,merge,A_rel,S2=S3,True,1,A_dominant,S2=S3主导型,3,C3 S2_S3_dominant
NH01,南汇惠南镇,T,special_merge_onset,T_Status,合流,merge,B_rel,S1=S2,False,,A_dominant,S2=S3主导型,3,C3 S2_S3_dominant
NH01,南汇惠南镇,T,special_merge_onset,T_Status,合流,merge,C_rel,S0=S1,False,,A_dominant,S2=S3主导型,3,C3 S2_S3_dominant
NH01,南汇惠南镇,T,special_merge_onset,T_Status,合流,merge,D_rel,S1=S3,False,,A_dominant,S2=S3主导型,3,C3 S2_S3_dominant
NH01,南汇惠南镇,K,value_pattern_onset,K_L3,S2=S3,pattern_A,A_rel,S2=S3,True,1,A_dominant,S2=S3主导型,3,C3 S2_S3_dominant
NH01,南汇惠南镇,K,value_pattern_onset,K_L3,S2=S3,pattern_A,B_rel,S1=S2,True,0,A_dominant,S2=S3主导型,3,C3 S2_S3_dominant
NH01,南汇惠南镇,K,value_pattern_onset,K_L3,S2=S3,pattern_A,C_rel,S0=S1,True,0,A_dominant,S2=S3主导型,3,C3 S2_S3_dominant
NH01,南汇惠南镇,K,value_pattern_onset,K_L3,S2=S3,pattern_A,D_rel,S1=S3,True,0,A_dominant,S2=S3主导型,3,C3 S2_S3_dominant
NH01,南汇惠南镇,M,value_pattern_onset,M_L3,S2=S3,pattern_A,A_rel,S2=S3,True,1,A_dominant,S2=S3主导型,3,C3 S2_S3_dominant
NH01,南汇惠南镇,M,value_pattern_onset,M_L3,S2=S3,pattern_A,B_rel,S1=S2,True,0,A_dominant,S2=S3主导型,3,C3 S2_S3_dominant
NH01,南汇惠南镇,M,value_pattern_onset,M_L3,S2=S3,pattern_A,C_rel,S0=S1,True,0,A_dominant,S2=S3主导型,3,C3 S2_S3_dominant
NH01,南汇惠南镇,M,value_pattern_onset,M_L3,S2=S3,pattern_A,D_rel,S1=S3,True,0,A_dominant,S2=S3主导型,3,C3 S2_S3_dominant
NH01,南汇惠南镇,P,value_pattern_onset,P_L3,S2=S3,pattern_A,A_rel,S2=S3,True,1,A_dominant,S2=S3主导型,3,C3 S2_S3_dominant
NH01,南汇惠南镇,P,value_pattern_onset,P_L3,S2=S3,pattern_A,B_rel,S1=S2,True,0,A_dominant,S2=S3主导型,3,C3 S2_S3_dominant
NH01,南汇惠南镇,P,value_pattern_onset,P_L3,S2=S3,pattern_A,C_rel,S0=S1,True,0,A_dominant,S2=S3主导型,3,C3 S2_S3_dominant
NH01,南汇惠南镇,P,value_pattern_onset,P_L3,S2=S3,pattern_A,D_rel,S1=S3,True,0,A_dominant,S2=S3主导型,3,C3 S2_S3_dominant
NH01,南汇惠南镇,TS,value_pattern_onset,TS_L3,S2=S3,pattern_A,A_rel,S2=S3,True,1,A_dominant,S2=S3主导型,3,C3 S2_S3_dominant
NH01,南汇惠南镇,TS,value_pattern_onset,TS_L3,S2=S3,pattern_A,B_rel,S1=S2,True,0,A_dominant,S2=S3主导型,3,C3 S2_S3_dominant
NH01,南汇惠南镇,TS,value_pattern_onset,TS_L3,S2=S3,pattern_A,C_rel,S0=S1,True,0,A_dominant,S2=S3主导型,3,C3 S2_S3_dominant
NH01,南汇惠南镇,TS,value_pattern_onset,TS_L3,S2=S3,pattern_A,D_rel,S1=S3,True,0,A_dominant,S2=S3主导型,3,C3 S2_S3_dominant
NH01,南汇惠南镇,Ø,value_pattern_onset,Ø_L3,S2=S3,pattern_A,A_rel,S2=S3,True,1,A_dominant,S2=S3主导型,3,C3 S2_S3_dominant
NH01,南汇惠南镇,Ø,value_pattern_onset,Ø_L3,S2=S3,pattern_A,B_rel,S1=S2,True,0,A_dominant,S2=S3主导型,3,C3 S2_S3_dominant
NH01,南汇惠南镇,Ø,value_pattern_onset,Ø_L3,S2=S3,pattern_A,C_rel,S0=S1,True,0,A_dominant,S2=S3主导型,3,C3 S2_S3_dominant
NH01,南汇惠南镇,Ø,value_pattern_onset,Ø_L3,S2=S3,pattern_A,D_rel,S1=S3,True,0,A_dominant,S2=S3主导型,3,C3 S2_S3_dominant
NT01,南通金沙镇,N,special_merge_onset,N_Status,合流,merge,A_rel,S2=S3,True,1,conservative_split,保守分立型,1,C1 S2_S3_dominant
NT01,南通金沙镇,N,special_merge_onset,N_Status,合流,merge,B_rel,S1=S2,False,,conservative_split,保守分立型,1,C1 S2_S3_dominant
NT01,南通金沙镇,N,special_merge_onset,N_Status,合流,merge,C_rel,S0=S1,False,,conservative_split,保守分立型,1,C1 S2_S3_dominant
NT01,南通金沙镇,N,special_merge_onset,N_Status,合流,merge,D_rel,S1=S3,False,,conservative_split,保守分立型,1,C1 S2_S3_dominant
NT01,南通金沙镇,T,special_merge_onset,T_Status,分立,split,A_rel,S2=S3,True,0,conservative_split,保守分立型,1,C1 S2_S3_dominant
NT01,南通金沙镇,T,special_merge_onset,T_Status,分立,split,B_rel,S1=S2,False,,conservative_split,保守分立型,1,C1 S2_S3_dominant
NT01,南通金沙镇,T,special_merge_onset,T_Status,分立,split,C_rel,S0=S1,False,,conservative_split,保守分立型,1,C1 S2_S3_dominant
NT01,南通金沙镇,T,special_merge_onset,T_Status,分立,split,D_rel,S1=S3,False,,conservative_split,保守分立型,1,C1 S2_S3_dominant
NT01,南通金沙镇,K,value_pattern_onset,K_L3,全对立,pattern_NONE,A_rel,S2=S3,True,0,conservative_split,保守分立型,1,C1 S2_S3_dominant
NT01,南通金沙镇,K,value_pattern_onset,K_L3,全对立,pattern_NONE,B_rel,S1=S2,True,0,conservative_split,保守分立型,1,C1 S2_S3_dominant
NT01,南通金沙镇,K,value_pattern_onset,K_L3,全对立,pattern_NONE,C_rel,S0=S1,True,0,conservative_split,保守分立型,1,C1 S2_S3_dominant
NT01,南通金沙镇,K,value_pattern_onset,K_L3,全对立,pattern_NONE,D_rel,S1=S3,True,0,conservative_split,保守分立型,1,C1 S2_S3_dominant
NT01,南通金沙镇,M,value_pattern_onset,M_L3,全对立,pattern_NONE,A_rel,S2=S3,True,0,conservative_split,保守分立型,1,C1 S2_S3_dominant
NT01,南通金沙镇,M,value_pattern_onset,M_L3,全对立,pattern_NONE,B_rel,S1=S2,True,0,conservative_split,保守分立型,1,C1 S2_S3_dominant
NT01,南通金沙镇,M,value_pattern_onset,M_L3,全对立,pattern_NONE,C_rel,S0=S1,True,0,conservative_split,保守分立型,1,C1 S2_S3_dominant
NT01,南通金沙镇,M,value_pattern_onset,M_L3,全对立,pattern_NONE,D_rel,S1=S3,True,0,conservative_split,保守分立型,1,C1 S2_S3_dominant
NT01,南通金沙镇,P,value_pattern_onset,P_L3,全对立,pattern_NONE,A_rel,S2=S3,True,0,conservative_split,保守分立型,1,C1 S2_S3_dominant
NT01,南通金沙镇,P,value_pattern_onset,P_L3,全对立,pattern_NONE,B_rel,S1=S2,True,0,conservative_split,保守分立型,1,C1 S2_S3_dominant
NT01,南通金沙镇,P,value_pattern_onset,P_L3,全对立,pattern_NONE,C_rel,S0=S1,True,0,conservative_split,保守分立型,1,C1 S2_S3_dominant
NT01,南通金沙镇,P,value_pattern_onset,P_L3,全对立,pattern_NONE,D_rel,S1=S3,True,0,conservative_split,保守分立型,1,C1 S2_S3_dominant
NT01,南通金沙镇,TS,value_pattern_onset,TS_L3,全对立,pattern_NONE,A_rel,S2=S3,True,0,conservative_split,保守分立型,1,C1 S2_S3_dominant
NT01,南通金沙镇,TS,value_pattern_onset,TS_L3,全对立,pattern_NONE,B_rel,S1=S2,True,0,conservative_split,保守分立型,1,C1 S2_S3_dominant
NT01,南通金沙镇,TS,value_pattern_onset,TS_L3,全对立,pattern_NONE,C_rel,S0=S1,True,0,conservative_split,保守分立型,1,C1 S2_S3_dominant
NT01,南通金沙镇,TS,value_pattern_onset,TS_L3,全对立,pattern_NONE,D_rel,S1=S3,True,0,conservative_split,保守分立型,1,C1 S2_S3_dominant
NT01,南通金沙镇,Ø,value_pattern_onset,Ø_L3,全对立,pattern_NONE,A_rel,S2=S3,True,0,conservative_split,保守分立型,1,C1 S2_S3_dominant
NT01,南通金沙镇,Ø,value_pattern_onset,Ø_L3,全对立,pattern_NONE,B_rel,S1=S2,True,0,conservative_split,保守分立型,1,C1 S2_S3_dominant
NT01,南通金沙镇,Ø,value_pattern_onset,Ø_L3,全对立,pattern_NONE,C_rel,S0=S1,True,0,conservative_split,保守分立型,1,C1 S2_S3_dominant
NT01,南通金沙镇,Ø,value_pattern_onset,Ø_L3,全对立,pattern_NONE,D_rel,S1=S3,True,0,conservative_split,保守分立型,1,C1 S2_S3_dominant
PB01,彭埠镇,N,special_merge_onset,N_Status,合流,merge,A_rel,S2=S3,True,1,B_dominant,S1=S2主导型,2,C2 S1_S2_dominant
PB01,彭埠镇,N,special_merge_onset,N_Status,合流,merge,B_rel,S1=S2,False,,B_dominant,S1=S2主导型,2,C2 S1_S2_dominant
PB01,彭埠镇,N,special_merge_onset,N_Status,合流,merge,C_rel,S0=S1,False,,B_dominant,S1=S2主导型,2,C2 S1_S2_dominant
PB01,彭埠镇,N,special_merge_onset,N_Status,合流,merge,D_rel,S1=S3,False,,B_dominant,S1=S2主导型,2,C2 S1_S2_dominant
PB01,彭埠镇,T,special_merge_onset,T_Status,分立,split,A_rel,S2=S3,True,0,B_dominant,S1=S2主导型,2,C2 S1_S2_dominant
PB01,彭埠镇,T,special_merge_onset,T_Status,分立,split,B_rel,S1=S2,False,,B_dominant,S1=S2主导型,2,C2 S1_S2_dominant
PB01,彭埠镇,T,special_merge_onset,T_Status,分立,split,C_rel,S0=S1,False,,B_dominant,S1=S2主导型,2,C2 S1_S2_dominant
PB01,彭埠镇,T,special_merge_onset,T_Status,分立,split,D_rel,S1=S3,False,,B_dominant,S1=S2主导型,2,C2 S1_S2_dominant
PB01,彭埠镇,K,value_pattern_onset,K_L3,S1=S2,pattern_B,A_rel,S2=S3,True,0,B_dominant,S1=S2主导型,2,C2 S1_S2_dominant
PB01,彭埠镇,K,value_pattern_onset,K_L3,S1=S2,pattern_B,B_rel,S1=S2,True,1,B_dominant,S1=S2主导型,2,C2 S1_S2_dominant
PB01,彭埠镇,K,value_pattern_onset,K_L3,S1=S2,pattern_B,C_rel,S0=S1,True,0,B_dominant,S1=S2主导型,2,C2 S1_S2_dominant
PB01,彭埠镇,K,value_pattern_onset,K_L3,S1=S2,pattern_B,D_rel,S1=S3,True,0,B_dominant,S1=S2主导型,2,C2 S1_S2_dominant
PB01,彭埠镇,M,value_pattern_onset,M_L3,S1=S2=S3,pattern_E,A_rel,S2=S3,True,1,B_dominant,S1=S2主导型,2,C2 S1_S2_dominant
PB01,彭埠镇,M,value_pattern_onset,M_L3,S1=S2=S3,pattern_E,B_rel,S1=S2,True,1,B_dominant,S1=S2主导型,2,C2 S1_S2_dominant
PB01,彭埠镇,M,value_pattern_onset,M_L3,S1=S2=S3,pattern_E,C_rel,S0=S1,True,0,B_dominant,S1=S2主导型,2,C2 S1_S2_dominant
PB01,彭埠镇,M,value_pattern_onset,M_L3,S1=S2=S3,pattern_E,D_rel,S1=S3,True,0,B_dominant,S1=S2主导型,2,C2 S1_S2_dominant
PB01,彭埠镇,P,value_pattern_onset,P_L3,S1=S2,pattern_B,A_rel,S2=S3,True,0,B_dominant,S1=S2主导型,2,C2 S1_S2_dominant
PB01,彭埠镇,P,value_pattern_onset,P_L3,S1=S2,pattern_B,B_rel,S1=S2,True,1,B_dominant,S1=S2主导型,2,C2 S1_S2_dominant
PB01,彭埠镇,P,value_pattern_onset,P_L3,S1=S2,pattern_B,C_rel,S0=S1,True,0,B_dominant,S1=S2主导型,2,C2 S1_S2_dominant
PB01,彭埠镇,P,value_pattern_onset,P_L3,S1=S2,pattern_B,D_rel,S1=S3,True,0,B_dominant,S1=S2主导型,2,C2 S1_S2_dominant
PB01,彭埠镇,TS,value_pattern_onset,TS_L3,S1=S2,pattern_B,A_rel,S2=S3,True,0,B_dominant,S1=S2主导型,2,C2 S1_S2_dominant
PB01,彭埠镇,TS,value_pattern_onset,TS_L3,S1=S2,pattern_B,B_rel,S1=S2,True,1,B_dominant,S1=S2主导型,2,C2 S1_S2_dominant
PB01,彭埠镇,TS,value_pattern_onset,TS_L3,S1=S2,pattern_B,C_rel,S0=S1,True,0,B_dominant,S1=S2主导型,2,C2 S1_S2_dominant
PB01,彭埠镇,TS,value_pattern_onset,TS_L3,S1=S2,pattern_B,D_rel,S1=S3,True,0,B_dominant,S1=S2主导型,2,C2 S1_S2_dominant
PB01,彭埠镇,Ø,value_pattern_onset,Ø_L3,S1=S2,pattern_B,A_rel,S2=S3,True,0,B_dominant,S1=S2主导型,2,C2 S1_S2_dominant
PB01,彭埠镇,Ø,value_pattern_onset,Ø_L3,S1=S2,pattern_B,B_rel,S1=S2,True,1,B_dominant,S1=S2主导型,2,C2 S1_S2_dominant
PB01,彭埠镇,Ø,value_pattern_onset,Ø_L3,S1=S2,pattern_B,C_rel,S0=S1,True,0,B_dominant,S1=S2主导型,2,C2 S1_S2_dominant
PB01,彭埠镇,Ø,value_pattern_onset,Ø_L3,S1=S2,pattern_B,D_rel,S1=S3,True,0,B_dominant,S1=S2主导型,2,C2 S1_S2_dominant
PH01,平湖城关,N,special_merge_onset,N_Status,合流,merge,A_rel,S2=S3,True,1,A_dominant,S2=S3主导型,3,C3 S2_S3_dominant
PH01,平湖城关,N,special_merge_onset,N_Status,合流,merge,B_rel,S1=S2,False,,A_dominant,S2=S3主导型,3,C3 S2_S3_dominant
PH01,平湖城关,N,special_merge_onset,N_Status,合流,merge,C_rel,S0=S1,False,,A_dominant,S2=S3主导型,3,C3 S2_S3_dominant
PH01,平湖城关,N,special_merge_onset,N_Status,合流,merge,D_rel,S1=S3,False,,A_dominant,S2=S3主导型,3,C3 S2_S3_dominant
PH01,平湖城关,T,special_merge_onset,T_Status,合流,merge,A_rel,S2=S3,True,1,A_dominant,S2=S3主导型,3,C3 S2_S3_dominant
PH01,平湖城关,T,special_merge_onset,T_Status,合流,merge,B_rel,S1=S2,False,,A_dominant,S2=S3主导型,3,C3 S2_S3_dominant
PH01,平湖城关,T,special_merge_onset,T_Status,合流,merge,C_rel,S0=S1,False,,A_dominant,S2=S3主导型,3,C3 S2_S3_dominant
PH01,平湖城关,T,special_merge_onset,T_Status,合流,merge,D_rel,S1=S3,False,,A_dominant,S2=S3主导型,3,C3 S2_S3_dominant
PH01,平湖城关,K,value_pattern_onset,K_L3,S0=S1，S2=S3,pattern_F,A_rel,S2=S3,True,1,A_dominant,S2=S3主导型,3,C3 S2_S3_dominant
PH01,平湖城关,K,value_pattern_onset,K_L3,S0=S1，S2=S3,pattern_F,B_rel,S1=S2,True,0,A_dominant,S2=S3主导型,3,C3 S2_S3_dominant
PH01,平湖城关,K,value_pattern_onset,K_L3,S0=S1，S2=S3,pattern_F,C_rel,S0=S1,True,1,A_dominant,S2=S3主导型,3,C3 S2_S3_dominant
PH01,平湖城关,K,value_pattern_onset,K_L3,S0=S1，S2=S3,pattern_F,D_rel,S1=S3,True,0,A_dominant,S2=S3主导型,3,C3 S2_S3_dominant
PH01,平湖城关,M,value_pattern_onset,M_L3,S1=S2=S3,pattern_E,A_rel,S2=S3,True,1,A_dominant,S2=S3主导型,3,C3 S2_S3_dominant
PH01,平湖城关,M,value_pattern_onset,M_L3,S1=S2=S3,pattern_E,B_rel,S1=S2,True,1,A_dominant,S2=S3主导型,3,C3 S2_S3_dominant
PH01,平湖城关,M,value_pattern_onset,M_L3,S1=S2=S3,pattern_E,C_rel,S0=S1,True,0,A_dominant,S2=S3主导型,3,C3 S2_S3_dominant
PH01,平湖城关,M,value_pattern_onset,M_L3,S1=S2=S3,pattern_E,D_rel,S1=S3,True,0,A_dominant,S2=S3主导型,3,C3 S2_S3_dominant
PH01,平湖城关,P,value_pattern_onset,P_L3,S2=S3,pattern_A,A_rel,S2=S3,True,1,A_dominant,S2=S3主导型,3,C3 S2_S3_dominant
PH01,平湖城关,P,value_pattern_onset,P_L3,S2=S3,pattern_A,B_rel,S1=S2,True,0,A_dominant,S2=S3主导型,3,C3 S2_S3_dominant
PH01,平湖城关,P,value_pattern_onset,P_L3,S2=S3,pattern_A,C_rel,S0=S1,True,0,A_dominant,S2=S3主导型,3,C3 S2_S3_dominant
PH01,平湖城关,P,value_pattern_onset,P_L3,S2=S3,pattern_A,D_rel,S1=S3,True,0,A_dominant,S2=S3主导型,3,C3 S2_S3_dominant
PH01,平湖城关,TS,value_pattern_onset,TS_L3,S2=S3,pattern_A,A_rel,S2=S3,True,1,A_dominant,S2=S3主导型,3,C3 S2_S3_dominant
PH01,平湖城关,TS,value_pattern_onset,TS_L3,S2=S3,pattern_A,B_rel,S1=S2,True,0,A_dominant,S2=S3主导型,3,C3 S2_S3_dominant
PH01,平湖城关,TS,value_pattern_onset,TS_L3,S2=S3,pattern_A,C_rel,S0=S1,True,0,A_dominant,S2=S3主导型,3,C3 S2_S3_dominant
PH01,平湖城关,TS,value_pattern_onset,TS_L3,S2=S3,pattern_A,D_rel,S1=S3,True,0,A_dominant,S2=S3主导型,3,C3 S2_S3_dominant
PH01,平湖城关,Ø,value_pattern_onset,Ø_L3,S2=S3,pattern_A,A_rel,S2=S3,True,1,A_dominant,S2=S3主导型,3,C3 S2_S3_dominant
PH01,平湖城关,Ø,value_pattern_onset,Ø_L3,S2=S3,pattern_A,B_rel,S1=S2,True,0,A_dominant,S2=S3主导型,3,C3 S2_S3_dominant
PH01,平湖城关,Ø,value_pattern_onset,Ø_L3,S2=S3,pattern_A,C_rel,S0=S1,True,0,A_dominant,S2=S3主导型,3,C3 S2_S3_dominant
PH01,平湖城关,Ø,value_pattern_onset,Ø_L3,S2=S3,pattern_A,D_rel,S1=S3,True,0,A_dominant,S2=S3主导型,3,C3 S2_S3_dominant
QD01,启东吕四,N,special_merge_onset,N_Status,合流,merge,A_rel,S2=S3,True,1,mixed_transition,混合过渡型,1,C1 S2_S3_dominant
QD01,启东吕四,N,special_merge_onset,N_Status,合流,merge,B_rel,S1=S2,False,,mixed_transition,混合过渡型,1,C1 S2_S3_dominant
QD01,启东吕四,N,special_merge_onset,N_Status,合流,merge,C_rel,S0=S1,False,,mixed_transition,混合过渡型,1,C1 S2_S3_dominant
QD01,启东吕四,N,special_merge_onset,N_Status,合流,merge,D_rel,S1=S3,False,,mixed_transition,混合过渡型,1,C1 S2_S3_dominant
QD01,启东吕四,T,special_merge_onset,T_Status,分立,split,A_rel,S2=S3,True,0,mixed_transition,混合过渡型,1,C1 S2_S3_dominant
QD01,启东吕四,T,special_merge_onset,T_Status,分立,split,B_rel,S1=S2,False,,mixed_transition,混合过渡型,1,C1 S2_S3_dominant
QD01,启东吕四,T,special_merge_onset,T_Status,分立,split,C_rel,S0=S1,False,,mixed_transition,混合过渡型,1,C1 S2_S3_dominant
QD01,启东吕四,T,special_merge_onset,T_Status,分立,split,D_rel,S1=S3,False,,mixed_transition,混合过渡型,1,C1 S2_S3_dominant
QD01,启东吕四,K,value_pattern_onset,K_L3,全对立,pattern_NONE,A_rel,S2=S3,True,0,mixed_transition,混合过渡型,1,C1 S2_S3_dominant
QD01,启东吕四,K,value_pattern_onset,K_L3,全对立,pattern_NONE,B_rel,S1=S2,True,0,mixed_transition,混合过渡型,1,C1 S2_S3_dominant
QD01,启东吕四,K,value_pattern_onset,K_L3,全对立,pattern_NONE,C_rel,S0=S1,True,0,mixed_transition,混合过渡型,1,C1 S2_S3_dominant
QD01,启东吕四,K,value_pattern_onset,K_L3,全对立,pattern_NONE,D_rel,S1=S3,True,0,mixed_transition,混合过渡型,1,C1 S2_S3_dominant
QD01,启东吕四,M,value_pattern_onset,M_L3,S1=S2=S3,pattern_E,A_rel,S2=S3,True,1,mixed_transition,混合过渡型,1,C1 S2_S3_dominant
QD01,启东吕四,M,value_pattern_onset,M_L3,S1=S2=S3,pattern_E,B_rel,S1=S2,True,1,mixed_transition,混合过渡型,1,C1 S2_S3_dominant
QD01,启东吕四,M,value_pattern_onset,M_L3,S1=S2=S3,pattern_E,C_rel,S0=S1,True,0,mixed_transition,混合过渡型,1,C1 S2_S3_dominant
QD01,启东吕四,M,value_pattern_onset,M_L3,S1=S2=S3,pattern_E,D_rel,S1=S3,True,0,mixed_transition,混合过渡型,1,C1 S2_S3_dominant
QD01,启东吕四,P,value_pattern_onset,P_L3,S1=S2,pattern_B,A_rel,S2=S3,True,0,mixed_transition,混合过渡型,1,C1 S2_S3_dominant
QD01,启东吕四,P,value_pattern_onset,P_L3,S1=S2,pattern_B,B_rel,S1=S2,True,1,mixed_transition,混合过渡型,1,C1 S2_S3_dominant
QD01,启东吕四,P,value_pattern_onset,P_L3,S1=S2,pattern_B,C_rel,S0=S1,True,0,mixed_transition,混合过渡型,1,C1 S2_S3_dominant
QD01,启东吕四,P,value_pattern_onset,P_L3,S1=S2,pattern_B,D_rel,S1=S3,True,0,mixed_transition,混合过渡型,1,C1 S2_S3_dominant
QD01,启东吕四,TS,value_pattern_onset,TS_L3,全对立,pattern_NONE,A_rel,S2=S3,True,0,mixed_transition,混合过渡型,1,C1 S2_S3_dominant
QD01,启东吕四,TS,value_pattern_onset,TS_L3,全对立,pattern_NONE,B_rel,S1=S2,True,0,mixed_transition,混合过渡型,1,C1 S2_S3_dominant
QD01,启东吕四,TS,value_pattern_onset,TS_L3,全对立,pattern_NONE,C_rel,S0=S1,True,0,mixed_transition,混合过渡型,1,C1 S2_S3_dominant
QD01,启东吕四,TS,value_pattern_onset,TS_L3,全对立,pattern_NONE,D_rel,S1=S3,True,0,mixed_transition,混合过渡型,1,C1 S2_S3_dominant
QD01,启东吕四,Ø,value_pattern_onset,Ø_L3,全对立,pattern_NONE,A_rel,S2=S3,True,0,mixed_transition,混合过渡型,1,C1 S2_S3_dominant
QD01,启东吕四,Ø,value_pattern_onset,Ø_L3,全对立,pattern_NONE,B_rel,S1=S2,True,0,mixed_transition,混合过渡型,1,C1 S2_S3_dominant
QD01,启东吕四,Ø,value_pattern_onset,Ø_L3,全对立,pattern_NONE,C_rel,S0=S1,True,0,mixed_transition,混合过渡型,1,C1 S2_S3_dominant
QD01,启东吕四,Ø,value_pattern_onset,Ø_L3,全对立,pattern_NONE,D_rel,S1=S3,True,0,mixed_transition,混合过渡型,1,C1 S2_S3_dominant
QP01,青浦商榻,N,special_merge_onset,N_Status,合流,merge,A_rel,S2=S3,True,1,A_dominant,S2=S3主导型,3,C3 S2_S3_dominant
QP01,青浦商榻,N,special_merge_onset,N_Status,合流,merge,B_rel,S1=S2,False,,A_dominant,S2=S3主导型,3,C3 S2_S3_dominant
QP01,青浦商榻,N,special_merge_onset,N_Status,合流,merge,C_rel,S0=S1,False,,A_dominant,S2=S3主导型,3,C3 S2_S3_dominant
QP01,青浦商榻,N,special_merge_onset,N_Status,合流,merge,D_rel,S1=S3,False,,A_dominant,S2=S3主导型,3,C3 S2_S3_dominant
QP01,青浦商榻,T,special_merge_onset,T_Status,合流,merge,A_rel,S2=S3,True,1,A_dominant,S2=S3主导型,3,C3 S2_S3_dominant
QP01,青浦商榻,T,special_merge_onset,T_Status,合流,merge,B_rel,S1=S2,False,,A_dominant,S2=S3主导型,3,C3 S2_S3_dominant
QP01,青浦商榻,T,special_merge_onset,T_Status,合流,merge,C_rel,S0=S1,False,,A_dominant,S2=S3主导型,3,C3 S2_S3_dominant
QP01,青浦商榻,T,special_merge_onset,T_Status,合流,merge,D_rel,S1=S3,False,,A_dominant,S2=S3主导型,3,C3 S2_S3_dominant
QP01,青浦商榻,K,value_pattern_onset,K_L3,S0=S1，S2=S3,pattern_F,A_rel,S2=S3,True,1,A_dominant,S2=S3主导型,3,C3 S2_S3_dominant
QP01,青浦商榻,K,value_pattern_onset,K_L3,S0=S1，S2=S3,pattern_F,B_rel,S1=S2,True,0,A_dominant,S2=S3主导型,3,C3 S2_S3_dominant
QP01,青浦商榻,K,value_pattern_onset,K_L3,S0=S1，S2=S3,pattern_F,C_rel,S0=S1,True,1,A_dominant,S2=S3主导型,3,C3 S2_S3_dominant
QP01,青浦商榻,K,value_pattern_onset,K_L3,S0=S1，S2=S3,pattern_F,D_rel,S1=S3,True,0,A_dominant,S2=S3主导型,3,C3 S2_S3_dominant
QP01,青浦商榻,M,value_pattern_onset,M_L3,S1=S2=S3,pattern_E,A_rel,S2=S3,True,1,A_dominant,S2=S3主导型,3,C3 S2_S3_dominant
QP01,青浦商榻,M,value_pattern_onset,M_L3,S1=S2=S3,pattern_E,B_rel,S1=S2,True,1,A_dominant,S2=S3主导型,3,C3 S2_S3_dominant
QP01,青浦商榻,M,value_pattern_onset,M_L3,S1=S2=S3,pattern_E,C_rel,S0=S1,True,0,A_dominant,S2=S3主导型,3,C3 S2_S3_dominant
QP01,青浦商榻,M,value_pattern_onset,M_L3,S1=S2=S3,pattern_E,D_rel,S1=S3,True,0,A_dominant,S2=S3主导型,3,C3 S2_S3_dominant
QP01,青浦商榻,P,value_pattern_onset,P_L3,S2=S3,pattern_A,A_rel,S2=S3,True,1,A_dominant,S2=S3主导型,3,C3 S2_S3_dominant
QP01,青浦商榻,P,value_pattern_onset,P_L3,S2=S3,pattern_A,B_rel,S1=S2,True,0,A_dominant,S2=S3主导型,3,C3 S2_S3_dominant
QP01,青浦商榻,P,value_pattern_onset,P_L3,S2=S3,pattern_A,C_rel,S0=S1,True,0,A_dominant,S2=S3主导型,3,C3 S2_S3_dominant
QP01,青浦商榻,P,value_pattern_onset,P_L3,S2=S3,pattern_A,D_rel,S1=S3,True,0,A_dominant,S2=S3主导型,3,C3 S2_S3_dominant
QP01,青浦商榻,TS,value_pattern_onset,TS_L3,S2=S3,pattern_A,A_rel,S2=S3,True,1,A_dominant,S2=S3主导型,3,C3 S2_S3_dominant
QP01,青浦商榻,TS,value_pattern_onset,TS_L3,S2=S3,pattern_A,B_rel,S1=S2,True,0,A_dominant,S2=S3主导型,3,C3 S2_S3_dominant
QP01,青浦商榻,TS,value_pattern_onset,TS_L3,S2=S3,pattern_A,C_rel,S0=S1,True,0,A_dominant,S2=S3主导型,3,C3 S2_S3_dominant
QP01,青浦商榻,TS,value_pattern_onset,TS_L3,S2=S3,pattern_A,D_rel,S1=S3,True,0,A_dominant,S2=S3主导型,3,C3 S2_S3_dominant
QP01,青浦商榻,Ø,value_pattern_onset,Ø_L3,S2=S3,pattern_A,A_rel,S2=S3,True,1,A_dominant,S2=S3主导型,3,C3 S2_S3_dominant
QP01,青浦商榻,Ø,value_pattern_onset,Ø_L3,S2=S3,pattern_A,B_rel,S1=S2,True,0,A_dominant,S2=S3主导型,3,C3 S2_S3_dominant
QP01,青浦商榻,Ø,value_pattern_onset,Ø_L3,S2=S3,pattern_A,C_rel,S0=S1,True,0,A_dominant,S2=S3主导型,3,C3 S2_S3_dominant
QP01,青浦商榻,Ø,value_pattern_onset,Ø_L3,S2=S3,pattern_A,D_rel,S1=S3,True,0,A_dominant,S2=S3主导型,3,C3 S2_S3_dominant
SH01,上海市区,N,special_merge_onset,N_Status,合流,merge,A_rel,S2=S3,True,1,A_dominant,S2=S3主导型,3,C3 S2_S3_dominant
SH01,上海市区,N,special_merge_onset,N_Status,合流,merge,B_rel,S1=S2,False,,A_dominant,S2=S3主导型,3,C3 S2_S3_dominant
SH01,上海市区,N,special_merge_onset,N_Status,合流,merge,C_rel,S0=S1,False,,A_dominant,S2=S3主导型,3,C3 S2_S3_dominant
SH01,上海市区,N,special_merge_onset,N_Status,合流,merge,D_rel,S1=S3,False,,A_dominant,S2=S3主导型,3,C3 S2_S3_dominant
SH01,上海市区,T,special_merge_onset,T_Status,合流,merge,A_rel,S2=S3,True,1,A_dominant,S2=S3主导型,3,C3 S2_S3_dominant
SH01,上海市区,T,special_merge_onset,T_Status,合流,merge,B_rel,S1=S2,False,,A_dominant,S2=S3主导型,3,C3 S2_S3_dominant
SH01,上海市区,T,special_merge_onset,T_Status,合流,merge,C_rel,S0=S1,False,,A_dominant,S2=S3主导型,3,C3 S2_S3_dominant
SH01,上海市区,T,special_merge_onset,T_Status,合流,merge,D_rel,S1=S3,False,,A_dominant,S2=S3主导型,3,C3 S2_S3_dominant
SH01,上海市区,K,value_pattern_onset,K_L3,S0=S1，S2=S3,pattern_F,A_rel,S2=S3,True,1,A_dominant,S2=S3主导型,3,C3 S2_S3_dominant
SH01,上海市区,K,value_pattern_onset,K_L3,S0=S1，S2=S3,pattern_F,B_rel,S1=S2,True,0,A_dominant,S2=S3主导型,3,C3 S2_S3_dominant
SH01,上海市区,K,value_pattern_onset,K_L3,S0=S1，S2=S3,pattern_F,C_rel,S0=S1,True,1,A_dominant,S2=S3主导型,3,C3 S2_S3_dominant
SH01,上海市区,K,value_pattern_onset,K_L3,S0=S1，S2=S3,pattern_F,D_rel,S1=S3,True,0,A_dominant,S2=S3主导型,3,C3 S2_S3_dominant
SH01,上海市区,M,value_pattern_onset,M_L3,S2=S3,pattern_A,A_rel,S2=S3,True,1,A_dominant,S2=S3主导型,3,C3 S2_S3_dominant
SH01,上海市区,M,value_pattern_onset,M_L3,S2=S3,pattern_A,B_rel,S1=S2,True,0,A_dominant,S2=S3主导型,3,C3 S2_S3_dominant
SH01,上海市区,M,value_pattern_onset,M_L3,S2=S3,pattern_A,C_rel,S0=S1,True,0,A_dominant,S2=S3主导型,3,C3 S2_S3_dominant
SH01,上海市区,M,value_pattern_onset,M_L3,S2=S3,pattern_A,D_rel,S1=S3,True,0,A_dominant,S2=S3主导型,3,C3 S2_S3_dominant
SH01,上海市区,P,value_pattern_onset,P_L3,S2=S3,pattern_A,A_rel,S2=S3,True,1,A_dominant,S2=S3主导型,3,C3 S2_S3_dominant
SH01,上海市区,P,value_pattern_onset,P_L3,S2=S3,pattern_A,B_rel,S1=S2,True,0,A_dominant,S2=S3主导型,3,C3 S2_S3_dominant
SH01,上海市区,P,value_pattern_onset,P_L3,S2=S3,pattern_A,C_rel,S0=S1,True,0,A_dominant,S2=S3主导型,3,C3 S2_S3_dominant
SH01,上海市区,P,value_pattern_onset,P_L3,S2=S3,pattern_A,D_rel,S1=S3,True,0,A_dominant,S2=S3主导型,3,C3 S2_S3_dominant
SH01,上海市区,TS,value_pattern_onset,TS_L3,S2=S3,pattern_A,A_rel,S2=S3,True,1,A_dominant,S2=S3主导型,3,C3 S2_S3_dominant
SH01,上海市区,TS,value_pattern_onset,TS_L3,S2=S3,pattern_A,B_rel,S1=S2,True,0,A_dominant,S2=S3主导型,3,C3 S2_S3_dominant
SH01,上海市区,TS,value_pattern_onset,TS_L3,S2=S3,pattern_A,C_rel,S0=S1,True,0,A_dominant,S2=S3主导型,3,C3 S2_S3_dominant
SH01,上海市区,TS,value_pattern_onset,TS_L3,S2=S3,pattern_A,D_rel,S1=S3,True,0,A_dominant,S2=S3主导型,3,C3 S2_S3_dominant
SH01,上海市区,Ø,value_pattern_onset,Ø_L3,S2=S3,pattern_A,A_rel,S2=S3,True,1,A_dominant,S2=S3主导型,3,C3 S2_S3_dominant
SH01,上海市区,Ø,value_pattern_onset,Ø_L3,S2=S3,pattern_A,B_rel,S1=S2,True,0,A_dominant,S2=S3主导型,3,C3 S2_S3_dominant
SH01,上海市区,Ø,value_pattern_onset,Ø_L3,S2=S3,pattern_A,C_rel,S0=S1,True,0,A_dominant,S2=S3主导型,3,C3 S2_S3_dominant
SH01,上海市区,Ø,value_pattern_onset,Ø_L3,S2=S3,pattern_A,D_rel,S1=S3,True,0,A_dominant,S2=S3主导型,3,C3 S2_S3_dominant
SJ01,松江镇,N,special_merge_onset,N_Status,合流,merge,A_rel,S2=S3,True,1,A_dominant,S2=S3主导型,3,C3 S2_S3_dominant
SJ01,松江镇,N,special_merge_onset,N_Status,合流,merge,B_rel,S1=S2,False,,A_dominant,S2=S3主导型,3,C3 S2_S3_dominant
SJ01,松江镇,N,special_merge_onset,N_Status,合流,merge,C_rel,S0=S1,False,,A_dominant,S2=S3主导型,3,C3 S2_S3_dominant
SJ01,松江镇,N,special_merge_onset,N_Status,合流,merge,D_rel,S1=S3,False,,A_dominant,S2=S3主导型,3,C3 S2_S3_dominant
SJ01,松江镇,T,special_merge_onset,T_Status,合流,merge,A_rel,S2=S3,True,1,A_dominant,S2=S3主导型,3,C3 S2_S3_dominant
SJ01,松江镇,T,special_merge_onset,T_Status,合流,merge,B_rel,S1=S2,False,,A_dominant,S2=S3主导型,3,C3 S2_S3_dominant
SJ01,松江镇,T,special_merge_onset,T_Status,合流,merge,C_rel,S0=S1,False,,A_dominant,S2=S3主导型,3,C3 S2_S3_dominant
SJ01,松江镇,T,special_merge_onset,T_Status,合流,merge,D_rel,S1=S3,False,,A_dominant,S2=S3主导型,3,C3 S2_S3_dominant
SJ01,松江镇,K,value_pattern_onset,K_L3,S0=S1，S2=S3,pattern_F,A_rel,S2=S3,True,1,A_dominant,S2=S3主导型,3,C3 S2_S3_dominant
SJ01,松江镇,K,value_pattern_onset,K_L3,S0=S1，S2=S3,pattern_F,B_rel,S1=S2,True,0,A_dominant,S2=S3主导型,3,C3 S2_S3_dominant
SJ01,松江镇,K,value_pattern_onset,K_L3,S0=S1，S2=S3,pattern_F,C_rel,S0=S1,True,1,A_dominant,S2=S3主导型,3,C3 S2_S3_dominant
SJ01,松江镇,K,value_pattern_onset,K_L3,S0=S1，S2=S3,pattern_F,D_rel,S1=S3,True,0,A_dominant,S2=S3主导型,3,C3 S2_S3_dominant
SJ01,松江镇,M,value_pattern_onset,M_L3,S1=S2=S3,pattern_E,A_rel,S2=S3,True,1,A_dominant,S2=S3主导型,3,C3 S2_S3_dominant
SJ01,松江镇,M,value_pattern_onset,M_L3,S1=S2=S3,pattern_E,B_rel,S1=S2,True,1,A_dominant,S2=S3主导型,3,C3 S2_S3_dominant
SJ01,松江镇,M,value_pattern_onset,M_L3,S1=S2=S3,pattern_E,C_rel,S0=S1,True,0,A_dominant,S2=S3主导型,3,C3 S2_S3_dominant
SJ01,松江镇,M,value_pattern_onset,M_L3,S1=S2=S3,pattern_E,D_rel,S1=S3,True,0,A_dominant,S2=S3主导型,3,C3 S2_S3_dominant
SJ01,松江镇,P,value_pattern_onset,P_L3,S2=S3,pattern_A,A_rel,S2=S3,True,1,A_dominant,S2=S3主导型,3,C3 S2_S3_dominant
SJ01,松江镇,P,value_pattern_onset,P_L3,S2=S3,pattern_A,B_rel,S1=S2,True,0,A_dominant,S2=S3主导型,3,C3 S2_S3_dominant
SJ01,松江镇,P,value_pattern_onset,P_L3,S2=S3,pattern_A,C_rel,S0=S1,True,0,A_dominant,S2=S3主导型,3,C3 S2_S3_dominant
SJ01,松江镇,P,value_pattern_onset,P_L3,S2=S3,pattern_A,D_rel,S1=S3,True,0,A_dominant,S2=S3主导型,3,C3 S2_S3_dominant
SJ01,松江镇,TS,value_pattern_onset,TS_L3,S2=S3,pattern_A,A_rel,S2=S3,True,1,A_dominant,S2=S3主导型,3,C3 S2_S3_dominant
SJ01,松江镇,TS,value_pattern_onset,TS_L3,S2=S3,pattern_A,B_rel,S1=S2,True,0,A_dominant,S2=S3主导型,3,C3 S2_S3_dominant
SJ01,松江镇,TS,value_pattern_onset,TS_L3,S2=S3,pattern_A,C_rel,S0=S1,True,0,A_dominant,S2=S3主导型,3,C3 S2_S3_dominant
SJ01,松江镇,TS,value_pattern_onset,TS_L3,S2=S3,pattern_A,D_rel,S1=S3,True,0,A_dominant,S2=S3主导型,3,C3 S2_S3_dominant
SJ01,松江镇,Ø,value_pattern_onset,Ø_L3,S2=S3,pattern_A,A_rel,S2=S3,True,1,A_dominant,S2=S3主导型,3,C3 S2_S3_dominant
SJ01,松江镇,Ø,value_pattern_onset,Ø_L3,S2=S3,pattern_A,B_rel,S1=S2,True,0,A_dominant,S2=S3主导型,3,C3 S2_S3_dominant
SJ01,松江镇,Ø,value_pattern_onset,Ø_L3,S2=S3,pattern_A,C_rel,S0=S1,True,0,A_dominant,S2=S3主导型,3,C3 S2_S3_dominant
SJ01,松江镇,Ø,value_pattern_onset,Ø_L3,S2=S3,pattern_A,D_rel,S1=S3,True,0,A_dominant,S2=S3主导型,3,C3 S2_S3_dominant
SJ02,泗泾,N,special_merge_onset,N_Status,合流,merge,A_rel,S2=S3,True,1,A_dominant,S2=S3主导型,3,C3 S2_S3_dominant
SJ02,泗泾,N,special_merge_onset,N_Status,合流,merge,B_rel,S1=S2,False,,A_dominant,S2=S3主导型,3,C3 S2_S3_dominant
SJ02,泗泾,N,special_merge_onset,N_Status,合流,merge,C_rel,S0=S1,False,,A_dominant,S2=S3主导型,3,C3 S2_S3_dominant
SJ02,泗泾,N,special_merge_onset,N_Status,合流,merge,D_rel,S1=S3,False,,A_dominant,S2=S3主导型,3,C3 S2_S3_dominant
SJ02,泗泾,T,special_merge_onset,T_Status,合流,merge,A_rel,S2=S3,True,1,A_dominant,S2=S3主导型,3,C3 S2_S3_dominant
SJ02,泗泾,T,special_merge_onset,T_Status,合流,merge,B_rel,S1=S2,False,,A_dominant,S2=S3主导型,3,C3 S2_S3_dominant
SJ02,泗泾,T,special_merge_onset,T_Status,合流,merge,C_rel,S0=S1,False,,A_dominant,S2=S3主导型,3,C3 S2_S3_dominant
SJ02,泗泾,T,special_merge_onset,T_Status,合流,merge,D_rel,S1=S3,False,,A_dominant,S2=S3主导型,3,C3 S2_S3_dominant
SJ02,泗泾,K,value_pattern_onset,K_L3,S0=S1，S2=S3,pattern_F,A_rel,S2=S3,True,1,A_dominant,S2=S3主导型,3,C3 S2_S3_dominant
SJ02,泗泾,K,value_pattern_onset,K_L3,S0=S1，S2=S3,pattern_F,B_rel,S1=S2,True,0,A_dominant,S2=S3主导型,3,C3 S2_S3_dominant
SJ02,泗泾,K,value_pattern_onset,K_L3,S0=S1，S2=S3,pattern_F,C_rel,S0=S1,True,1,A_dominant,S2=S3主导型,3,C3 S2_S3_dominant
SJ02,泗泾,K,value_pattern_onset,K_L3,S0=S1，S2=S3,pattern_F,D_rel,S1=S3,True,0,A_dominant,S2=S3主导型,3,C3 S2_S3_dominant
SJ02,泗泾,M,value_pattern_onset,M_L3,S1=S3 [越级],pattern_D,A_rel,S2=S3,True,0,A_dominant,S2=S3主导型,3,C3 S2_S3_dominant
SJ02,泗泾,M,value_pattern_onset,M_L3,S1=S3 [越级],pattern_D,B_rel,S1=S2,True,0,A_dominant,S2=S3主导型,3,C3 S2_S3_dominant
SJ02,泗泾,M,value_pattern_onset,M_L3,S1=S3 [越级],pattern_D,C_rel,S0=S1,True,0,A_dominant,S2=S3主导型,3,C3 S2_S3_dominant
SJ02,泗泾,M,value_pattern_onset,M_L3,S1=S3 [越级],pattern_D,D_rel,S1=S3,True,1,A_dominant,S2=S3主导型,3,C3 S2_S3_dominant
SJ02,泗泾,P,value_pattern_onset,P_L3,S2=S3,pattern_A,A_rel,S2=S3,True,1,A_dominant,S2=S3主导型,3,C3 S2_S3_dominant
SJ02,泗泾,P,value_pattern_onset,P_L3,S2=S3,pattern_A,B_rel,S1=S2,True,0,A_dominant,S2=S3主导型,3,C3 S2_S3_dominant
SJ02,泗泾,P,value_pattern_onset,P_L3,S2=S3,pattern_A,C_rel,S0=S1,True,0,A_dominant,S2=S3主导型,3,C3 S2_S3_dominant
SJ02,泗泾,P,value_pattern_onset,P_L3,S2=S3,pattern_A,D_rel,S1=S3,True,0,A_dominant,S2=S3主导型,3,C3 S2_S3_dominant
SJ02,泗泾,TS,value_pattern_onset,TS_L3,S2=S3,pattern_A,A_rel,S2=S3,True,1,A_dominant,S2=S3主导型,3,C3 S2_S3_dominant
SJ02,泗泾,TS,value_pattern_onset,TS_L3,S2=S3,pattern_A,B_rel,S1=S2,True,0,A_dominant,S2=S3主导型,3,C3 S2_S3_dominant
SJ02,泗泾,TS,value_pattern_onset,TS_L3,S2=S3,pattern_A,C_rel,S0=S1,True,0,A_dominant,S2=S3主导型,3,C3 S2_S3_dominant
SJ02,泗泾,TS,value_pattern_onset,TS_L3,S2=S3,pattern_A,D_rel,S1=S3,True,0,A_dominant,S2=S3主导型,3,C3 S2_S3_dominant
SJ02,泗泾,Ø,value_pattern_onset,Ø_L3,S2=S3,pattern_A,A_rel,S2=S3,True,1,A_dominant,S2=S3主导型,3,C3 S2_S3_dominant
SJ02,泗泾,Ø,value_pattern_onset,Ø_L3,S2=S3,pattern_A,B_rel,S1=S2,True,0,A_dominant,S2=S3主导型,3,C3 S2_S3_dominant
SJ02,泗泾,Ø,value_pattern_onset,Ø_L3,S2=S3,pattern_A,C_rel,S0=S1,True,0,A_dominant,S2=S3主导型,3,C3 S2_S3_dominant
SJ02,泗泾,Ø,value_pattern_onset,Ø_L3,S2=S3,pattern_A,D_rel,S1=S3,True,0,A_dominant,S2=S3主导型,3,C3 S2_S3_dominant
SL01,三林,N,special_merge_onset,N_Status,合流,merge,A_rel,S2=S3,True,1,A_dominant,S2=S3主导型,3,C3 S2_S3_dominant
SL01,三林,N,special_merge_onset,N_Status,合流,merge,B_rel,S1=S2,False,,A_dominant,S2=S3主导型,3,C3 S2_S3_dominant
SL01,三林,N,special_merge_onset,N_Status,合流,merge,C_rel,S0=S1,False,,A_dominant,S2=S3主导型,3,C3 S2_S3_dominant
SL01,三林,N,special_merge_onset,N_Status,合流,merge,D_rel,S1=S3,False,,A_dominant,S2=S3主导型,3,C3 S2_S3_dominant
SL01,三林,T,special_merge_onset,T_Status,合流,merge,A_rel,S2=S3,True,1,A_dominant,S2=S3主导型,3,C3 S2_S3_dominant
SL01,三林,T,special_merge_onset,T_Status,合流,merge,B_rel,S1=S2,False,,A_dominant,S2=S3主导型,3,C3 S2_S3_dominant
SL01,三林,T,special_merge_onset,T_Status,合流,merge,C_rel,S0=S1,False,,A_dominant,S2=S3主导型,3,C3 S2_S3_dominant
SL01,三林,T,special_merge_onset,T_Status,合流,merge,D_rel,S1=S3,False,,A_dominant,S2=S3主导型,3,C3 S2_S3_dominant
SL01,三林,K,value_pattern_onset,K_L3,S0=S1，S2=S3,pattern_F,A_rel,S2=S3,True,1,A_dominant,S2=S3主导型,3,C3 S2_S3_dominant
SL01,三林,K,value_pattern_onset,K_L3,S0=S1，S2=S3,pattern_F,B_rel,S1=S2,True,0,A_dominant,S2=S3主导型,3,C3 S2_S3_dominant
SL01,三林,K,value_pattern_onset,K_L3,S0=S1，S2=S3,pattern_F,C_rel,S0=S1,True,1,A_dominant,S2=S3主导型,3,C3 S2_S3_dominant
SL01,三林,K,value_pattern_onset,K_L3,S0=S1，S2=S3,pattern_F,D_rel,S1=S3,True,0,A_dominant,S2=S3主导型,3,C3 S2_S3_dominant
SL01,三林,M,value_pattern_onset,M_L3,S2=S3,pattern_A,A_rel,S2=S3,True,1,A_dominant,S2=S3主导型,3,C3 S2_S3_dominant
SL01,三林,M,value_pattern_onset,M_L3,S2=S3,pattern_A,B_rel,S1=S2,True,0,A_dominant,S2=S3主导型,3,C3 S2_S3_dominant
SL01,三林,M,value_pattern_onset,M_L3,S2=S3,pattern_A,C_rel,S0=S1,True,0,A_dominant,S2=S3主导型,3,C3 S2_S3_dominant
SL01,三林,M,value_pattern_onset,M_L3,S2=S3,pattern_A,D_rel,S1=S3,True,0,A_dominant,S2=S3主导型,3,C3 S2_S3_dominant
SL01,三林,P,value_pattern_onset,P_L3,S2=S3,pattern_A,A_rel,S2=S3,True,1,A_dominant,S2=S3主导型,3,C3 S2_S3_dominant
SL01,三林,P,value_pattern_onset,P_L3,S2=S3,pattern_A,B_rel,S1=S2,True,0,A_dominant,S2=S3主导型,3,C3 S2_S3_dominant
SL01,三林,P,value_pattern_onset,P_L3,S2=S3,pattern_A,C_rel,S0=S1,True,0,A_dominant,S2=S3主导型,3,C3 S2_S3_dominant
SL01,三林,P,value_pattern_onset,P_L3,S2=S3,pattern_A,D_rel,S1=S3,True,0,A_dominant,S2=S3主导型,3,C3 S2_S3_dominant
SL01,三林,TS,value_pattern_onset,TS_L3,S2=S3,pattern_A,A_rel,S2=S3,True,1,A_dominant,S2=S3主导型,3,C3 S2_S3_dominant
SL01,三林,TS,value_pattern_onset,TS_L3,S2=S3,pattern_A,B_rel,S1=S2,True,0,A_dominant,S2=S3主导型,3,C3 S2_S3_dominant
SL01,三林,TS,value_pattern_onset,TS_L3,S2=S3,pattern_A,C_rel,S0=S1,True,0,A_dominant,S2=S3主导型,3,C3 S2_S3_dominant
SL01,三林,TS,value_pattern_onset,TS_L3,S2=S3,pattern_A,D_rel,S1=S3,True,0,A_dominant,S2=S3主导型,3,C3 S2_S3_dominant
SL01,三林,Ø,value_pattern_onset,Ø_L3,S2=S3,pattern_A,A_rel,S2=S3,True,1,A_dominant,S2=S3主导型,3,C3 S2_S3_dominant
SL01,三林,Ø,value_pattern_onset,Ø_L3,S2=S3,pattern_A,B_rel,S1=S2,True,0,A_dominant,S2=S3主导型,3,C3 S2_S3_dominant
SL01,三林,Ø,value_pattern_onset,Ø_L3,S2=S3,pattern_A,C_rel,S0=S1,True,0,A_dominant,S2=S3主导型,3,C3 S2_S3_dominant
SL01,三林,Ø,value_pattern_onset,Ø_L3,S2=S3,pattern_A,D_rel,S1=S3,True,0,A_dominant,S2=S3主导型,3,C3 S2_S3_dominant
SX01,绍兴城区东头埭,N,special_merge_onset,N_Status,合流,merge,A_rel,S2=S3,True,1,B_dominant,S1=S2主导型,2,C2 S1_S2_dominant
SX01,绍兴城区东头埭,N,special_merge_onset,N_Status,合流,merge,B_rel,S1=S2,False,,B_dominant,S1=S2主导型,2,C2 S1_S2_dominant
SX01,绍兴城区东头埭,N,special_merge_onset,N_Status,合流,merge,C_rel,S0=S1,False,,B_dominant,S1=S2主导型,2,C2 S1_S2_dominant
SX01,绍兴城区东头埭,N,special_merge_onset,N_Status,合流,merge,D_rel,S1=S3,False,,B_dominant,S1=S2主导型,2,C2 S1_S2_dominant
SX01,绍兴城区东头埭,T,special_merge_onset,T_Status,分立,split,A_rel,S2=S3,True,0,B_dominant,S1=S2主导型,2,C2 S1_S2_dominant
SX01,绍兴城区东头埭,T,special_merge_onset,T_Status,分立,split,B_rel,S1=S2,False,,B_dominant,S1=S2主导型,2,C2 S1_S2_dominant
SX01,绍兴城区东头埭,T,special_merge_onset,T_Status,分立,split,C_rel,S0=S1,False,,B_dominant,S1=S2主导型,2,C2 S1_S2_dominant
SX01,绍兴城区东头埭,T,special_merge_onset,T_Status,分立,split,D_rel,S1=S3,False,,B_dominant,S1=S2主导型,2,C2 S1_S2_dominant
SX01,绍兴城区东头埭,K,value_pattern_onset,K_L3,S1=S2,pattern_B,A_rel,S2=S3,True,0,B_dominant,S1=S2主导型,2,C2 S1_S2_dominant
SX01,绍兴城区东头埭,K,value_pattern_onset,K_L3,S1=S2,pattern_B,B_rel,S1=S2,True,1,B_dominant,S1=S2主导型,2,C2 S1_S2_dominant
SX01,绍兴城区东头埭,K,value_pattern_onset,K_L3,S1=S2,pattern_B,C_rel,S0=S1,True,0,B_dominant,S1=S2主导型,2,C2 S1_S2_dominant
SX01,绍兴城区东头埭,K,value_pattern_onset,K_L3,S1=S2,pattern_B,D_rel,S1=S3,True,0,B_dominant,S1=S2主导型,2,C2 S1_S2_dominant
SX01,绍兴城区东头埭,M,value_pattern_onset,M_L3,S1=S2,pattern_B,A_rel,S2=S3,True,0,B_dominant,S1=S2主导型,2,C2 S1_S2_dominant
SX01,绍兴城区东头埭,M,value_pattern_onset,M_L3,S1=S2,pattern_B,B_rel,S1=S2,True,1,B_dominant,S1=S2主导型,2,C2 S1_S2_dominant
SX01,绍兴城区东头埭,M,value_pattern_onset,M_L3,S1=S2,pattern_B,C_rel,S0=S1,True,0,B_dominant,S1=S2主导型,2,C2 S1_S2_dominant
SX01,绍兴城区东头埭,M,value_pattern_onset,M_L3,S1=S2,pattern_B,D_rel,S1=S3,True,0,B_dominant,S1=S2主导型,2,C2 S1_S2_dominant
SX01,绍兴城区东头埭,P,value_pattern_onset,P_L3,S1=S2,pattern_B,A_rel,S2=S3,True,0,B_dominant,S1=S2主导型,2,C2 S1_S2_dominant
SX01,绍兴城区东头埭,P,value_pattern_onset,P_L3,S1=S2,pattern_B,B_rel,S1=S2,True,1,B_dominant,S1=S2主导型,2,C2 S1_S2_dominant
SX01,绍兴城区东头埭,P,value_pattern_onset,P_L3,S1=S2,pattern_B,C_rel,S0=S1,True,0,B_dominant,S1=S2主导型,2,C2 S1_S2_dominant
SX01,绍兴城区东头埭,P,value_pattern_onset,P_L3,S1=S2,pattern_B,D_rel,S1=S3,True,0,B_dominant,S1=S2主导型,2,C2 S1_S2_dominant
SX01,绍兴城区东头埭,TS,value_pattern_onset,TS_L3,S1=S2,pattern_B,A_rel,S2=S3,True,0,B_dominant,S1=S2主导型,2,C2 S1_S2_dominant
SX01,绍兴城区东头埭,TS,value_pattern_onset,TS_L3,S1=S2,pattern_B,B_rel,S1=S2,True,1,B_dominant,S1=S2主导型,2,C2 S1_S2_dominant
SX01,绍兴城区东头埭,TS,value_pattern_onset,TS_L3,S1=S2,pattern_B,C_rel,S0=S1,True,0,B_dominant,S1=S2主导型,2,C2 S1_S2_dominant
SX01,绍兴城区东头埭,TS,value_pattern_onset,TS_L3,S1=S2,pattern_B,D_rel,S1=S3,True,0,B_dominant,S1=S2主导型,2,C2 S1_S2_dominant
SX01,绍兴城区东头埭,Ø,value_pattern_onset,Ø_L3,S1=S2,pattern_B,A_rel,S2=S3,True,0,B_dominant,S1=S2主导型,2,C2 S1_S2_dominant
SX01,绍兴城区东头埭,Ø,value_pattern_onset,Ø_L3,S1=S2,pattern_B,B_rel,S1=S2,True,1,B_dominant,S1=S2主导型,2,C2 S1_S2_dominant
SX01,绍兴城区东头埭,Ø,value_pattern_onset,Ø_L3,S1=S2,pattern_B,C_rel,S0=S1,True,0,B_dominant,S1=S2主导型,2,C2 S1_S2_dominant
SX01,绍兴城区东头埭,Ø,value_pattern_onset,Ø_L3,S1=S2,pattern_B,D_rel,S1=S3,True,0,B_dominant,S1=S2主导型,2,C2 S1_S2_dominant
SY02,上虞百官镇,N,special_merge_onset,N_Status,合流,merge,A_rel,S2=S3,True,1,B_dominant,S1=S2主导型,2,C2 S1_S2_dominant
SY02,上虞百官镇,N,special_merge_onset,N_Status,合流,merge,B_rel,S1=S2,False,,B_dominant,S1=S2主导型,2,C2 S1_S2_dominant
SY02,上虞百官镇,N,special_merge_onset,N_Status,合流,merge,C_rel,S0=S1,False,,B_dominant,S1=S2主导型,2,C2 S1_S2_dominant
SY02,上虞百官镇,N,special_merge_onset,N_Status,合流,merge,D_rel,S1=S3,False,,B_dominant,S1=S2主导型,2,C2 S1_S2_dominant
SY02,上虞百官镇,T,special_merge_onset,T_Status,分立,split,A_rel,S2=S3,True,0,B_dominant,S1=S2主导型,2,C2 S1_S2_dominant
SY02,上虞百官镇,T,special_merge_onset,T_Status,分立,split,B_rel,S1=S2,False,,B_dominant,S1=S2主导型,2,C2 S1_S2_dominant
SY02,上虞百官镇,T,special_merge_onset,T_Status,分立,split,C_rel,S0=S1,False,,B_dominant,S1=S2主导型,2,C2 S1_S2_dominant
SY02,上虞百官镇,T,special_merge_onset,T_Status,分立,split,D_rel,S1=S3,False,,B_dominant,S1=S2主导型,2,C2 S1_S2_dominant
SY02,上虞百官镇,K,value_pattern_onset,K_L3,S1=S2,pattern_B,A_rel,S2=S3,True,0,B_dominant,S1=S2主导型,2,C2 S1_S2_dominant
SY02,上虞百官镇,K,value_pattern_onset,K_L3,S1=S2,pattern_B,B_rel,S1=S2,True,1,B_dominant,S1=S2主导型,2,C2 S1_S2_dominant
SY02,上虞百官镇,K,value_pattern_onset,K_L3,S1=S2,pattern_B,C_rel,S0=S1,True,0,B_dominant,S1=S2主导型,2,C2 S1_S2_dominant
SY02,上虞百官镇,K,value_pattern_onset,K_L3,S1=S2,pattern_B,D_rel,S1=S3,True,0,B_dominant,S1=S2主导型,2,C2 S1_S2_dominant
SY02,上虞百官镇,M,value_pattern_onset,M_L3,S1=S2,pattern_B,A_rel,S2=S3,True,0,B_dominant,S1=S2主导型,2,C2 S1_S2_dominant
SY02,上虞百官镇,M,value_pattern_onset,M_L3,S1=S2,pattern_B,B_rel,S1=S2,True,1,B_dominant,S1=S2主导型,2,C2 S1_S2_dominant
SY02,上虞百官镇,M,value_pattern_onset,M_L3,S1=S2,pattern_B,C_rel,S0=S1,True,0,B_dominant,S1=S2主导型,2,C2 S1_S2_dominant
SY02,上虞百官镇,M,value_pattern_onset,M_L3,S1=S2,pattern_B,D_rel,S1=S3,True,0,B_dominant,S1=S2主导型,2,C2 S1_S2_dominant
SY02,上虞百官镇,P,value_pattern_onset,P_L3,S1=S2,pattern_B,A_rel,S2=S3,True,0,B_dominant,S1=S2主导型,2,C2 S1_S2_dominant
SY02,上虞百官镇,P,value_pattern_onset,P_L3,S1=S2,pattern_B,B_rel,S1=S2,True,1,B_dominant,S1=S2主导型,2,C2 S1_S2_dominant
SY02,上虞百官镇,P,value_pattern_onset,P_L3,S1=S2,pattern_B,C_rel,S0=S1,True,0,B_dominant,S1=S2主导型,2,C2 S1_S2_dominant
SY02,上虞百官镇,P,value_pattern_onset,P_L3,S1=S2,pattern_B,D_rel,S1=S3,True,0,B_dominant,S1=S2主导型,2,C2 S1_S2_dominant
SY02,上虞百官镇,TS,value_pattern_onset,TS_L3,S1=S2,pattern_B,A_rel,S2=S3,True,0,B_dominant,S1=S2主导型,2,C2 S1_S2_dominant
SY02,上虞百官镇,TS,value_pattern_onset,TS_L3,S1=S2,pattern_B,B_rel,S1=S2,True,1,B_dominant,S1=S2主导型,2,C2 S1_S2_dominant
SY02,上虞百官镇,TS,value_pattern_onset,TS_L3,S1=S2,pattern_B,C_rel,S0=S1,True,0,B_dominant,S1=S2主导型,2,C2 S1_S2_dominant
SY02,上虞百官镇,TS,value_pattern_onset,TS_L3,S1=S2,pattern_B,D_rel,S1=S3,True,0,B_dominant,S1=S2主导型,2,C2 S1_S2_dominant
SY02,上虞百官镇,Ø,value_pattern_onset,Ø_L3,S1=S2,pattern_B,A_rel,S2=S3,True,0,B_dominant,S1=S2主导型,2,C2 S1_S2_dominant
SY02,上虞百官镇,Ø,value_pattern_onset,Ø_L3,S1=S2,pattern_B,B_rel,S1=S2,True,1,B_dominant,S1=S2主导型,2,C2 S1_S2_dominant
SY02,上虞百官镇,Ø,value_pattern_onset,Ø_L3,S1=S2,pattern_B,C_rel,S0=S1,True,0,B_dominant,S1=S2主导型,2,C2 S1_S2_dominant
SY02,上虞百官镇,Ø,value_pattern_onset,Ø_L3,S1=S2,pattern_B,D_rel,S1=S3,True,0,B_dominant,S1=S2主导型,2,C2 S1_S2_dominant
SZ01,苏州城区,N,special_merge_onset,N_Status,合流,merge,A_rel,S2=S3,True,1,A_dominant,S2=S3主导型,3,C3 S2_S3_dominant
SZ01,苏州城区,N,special_merge_onset,N_Status,合流,merge,B_rel,S1=S2,False,,A_dominant,S2=S3主导型,3,C3 S2_S3_dominant
SZ01,苏州城区,N,special_merge_onset,N_Status,合流,merge,C_rel,S0=S1,False,,A_dominant,S2=S3主导型,3,C3 S2_S3_dominant
SZ01,苏州城区,N,special_merge_onset,N_Status,合流,merge,D_rel,S1=S3,False,,A_dominant,S2=S3主导型,3,C3 S2_S3_dominant
SZ01,苏州城区,T,special_merge_onset,T_Status,合流,merge,A_rel,S2=S3,True,1,A_dominant,S2=S3主导型,3,C3 S2_S3_dominant
SZ01,苏州城区,T,special_merge_onset,T_Status,合流,merge,B_rel,S1=S2,False,,A_dominant,S2=S3主导型,3,C3 S2_S3_dominant
SZ01,苏州城区,T,special_merge_onset,T_Status,合流,merge,C_rel,S0=S1,False,,A_dominant,S2=S3主导型,3,C3 S2_S3_dominant
SZ01,苏州城区,T,special_merge_onset,T_Status,合流,merge,D_rel,S1=S3,False,,A_dominant,S2=S3主导型,3,C3 S2_S3_dominant
SZ01,苏州城区,K,value_pattern_onset,K_L3,S0=S1，S2=S3,pattern_F,A_rel,S2=S3,True,1,A_dominant,S2=S3主导型,3,C3 S2_S3_dominant
SZ01,苏州城区,K,value_pattern_onset,K_L3,S0=S1，S2=S3,pattern_F,B_rel,S1=S2,True,0,A_dominant,S2=S3主导型,3,C3 S2_S3_dominant
SZ01,苏州城区,K,value_pattern_onset,K_L3,S0=S1，S2=S3,pattern_F,C_rel,S0=S1,True,1,A_dominant,S2=S3主导型,3,C3 S2_S3_dominant
SZ01,苏州城区,K,value_pattern_onset,K_L3,S0=S1，S2=S3,pattern_F,D_rel,S1=S3,True,0,A_dominant,S2=S3主导型,3,C3 S2_S3_dominant
SZ01,苏州城区,M,value_pattern_onset,M_L3,S1=S2=S3,pattern_E,A_rel,S2=S3,True,1,A_dominant,S2=S3主导型,3,C3 S2_S3_dominant
SZ01,苏州城区,M,value_pattern_onset,M_L3,S1=S2=S3,pattern_E,B_rel,S1=S2,True,1,A_dominant,S2=S3主导型,3,C3 S2_S3_dominant
SZ01,苏州城区,M,value_pattern_onset,M_L3,S1=S2=S3,pattern_E,C_rel,S0=S1,True,0,A_dominant,S2=S3主导型,3,C3 S2_S3_dominant
SZ01,苏州城区,M,value_pattern_onset,M_L3,S1=S2=S3,pattern_E,D_rel,S1=S3,True,0,A_dominant,S2=S3主导型,3,C3 S2_S3_dominant
SZ01,苏州城区,P,value_pattern_onset,P_L3,S2=S3,pattern_A,A_rel,S2=S3,True,1,A_dominant,S2=S3主导型,3,C3 S2_S3_dominant
SZ01,苏州城区,P,value_pattern_onset,P_L3,S2=S3,pattern_A,B_rel,S1=S2,True,0,A_dominant,S2=S3主导型,3,C3 S2_S3_dominant
SZ01,苏州城区,P,value_pattern_onset,P_L3,S2=S3,pattern_A,C_rel,S0=S1,True,0,A_dominant,S2=S3主导型,3,C3 S2_S3_dominant
SZ01,苏州城区,P,value_pattern_onset,P_L3,S2=S3,pattern_A,D_rel,S1=S3,True,0,A_dominant,S2=S3主导型,3,C3 S2_S3_dominant
SZ01,苏州城区,TS,value_pattern_onset,TS_L3,S2=S3,pattern_A,A_rel,S2=S3,True,1,A_dominant,S2=S3主导型,3,C3 S2_S3_dominant
SZ01,苏州城区,TS,value_pattern_onset,TS_L3,S2=S3,pattern_A,B_rel,S1=S2,True,0,A_dominant,S2=S3主导型,3,C3 S2_S3_dominant
SZ01,苏州城区,TS,value_pattern_onset,TS_L3,S2=S3,pattern_A,C_rel,S0=S1,True,0,A_dominant,S2=S3主导型,3,C3 S2_S3_dominant
SZ01,苏州城区,TS,value_pattern_onset,TS_L3,S2=S3,pattern_A,D_rel,S1=S3,True,0,A_dominant,S2=S3主导型,3,C3 S2_S3_dominant
SZ01,苏州城区,Ø,value_pattern_onset,Ø_L3,S2=S3,pattern_A,A_rel,S2=S3,True,1,A_dominant,S2=S3主导型,3,C3 S2_S3_dominant
SZ01,苏州城区,Ø,value_pattern_onset,Ø_L3,S2=S3,pattern_A,B_rel,S1=S2,True,0,A_dominant,S2=S3主导型,3,C3 S2_S3_dominant
SZ01,苏州城区,Ø,value_pattern_onset,Ø_L3,S2=S3,pattern_A,C_rel,S0=S1,True,0,A_dominant,S2=S3主导型,3,C3 S2_S3_dominant
SZ01,苏州城区,Ø,value_pattern_onset,Ø_L3,S2=S3,pattern_A,D_rel,S1=S3,True,0,A_dominant,S2=S3主导型,3,C3 S2_S3_dominant
SZ02,嵊州长乐,N,special_merge_onset,N_Status,合流,merge,A_rel,S2=S3,True,1,mixed_transition,混合过渡型,1,C1 S2_S3_dominant
SZ02,嵊州长乐,N,special_merge_onset,N_Status,合流,merge,B_rel,S1=S2,False,,mixed_transition,混合过渡型,1,C1 S2_S3_dominant
SZ02,嵊州长乐,N,special_merge_onset,N_Status,合流,merge,C_rel,S0=S1,False,,mixed_transition,混合过渡型,1,C1 S2_S3_dominant
SZ02,嵊州长乐,N,special_merge_onset,N_Status,合流,merge,D_rel,S1=S3,False,,mixed_transition,混合过渡型,1,C1 S2_S3_dominant
SZ02,嵊州长乐,T,special_merge_onset,T_Status,分立,split,A_rel,S2=S3,True,0,mixed_transition,混合过渡型,1,C1 S2_S3_dominant
SZ02,嵊州长乐,T,special_merge_onset,T_Status,分立,split,B_rel,S1=S2,False,,mixed_transition,混合过渡型,1,C1 S2_S3_dominant
SZ02,嵊州长乐,T,special_merge_onset,T_Status,分立,split,C_rel,S0=S1,False,,mixed_transition,混合过渡型,1,C1 S2_S3_dominant
SZ02,嵊州长乐,T,special_merge_onset,T_Status,分立,split,D_rel,S1=S3,False,,mixed_transition,混合过渡型,1,C1 S2_S3_dominant
SZ02,嵊州长乐,K,value_pattern_onset,K_L3,全对立,pattern_NONE,A_rel,S2=S3,True,0,mixed_transition,混合过渡型,1,C1 S2_S3_dominant
SZ02,嵊州长乐,K,value_pattern_onset,K_L3,全对立,pattern_NONE,B_rel,S1=S2,True,0,mixed_transition,混合过渡型,1,C1 S2_S3_dominant
SZ02,嵊州长乐,K,value_pattern_onset,K_L3,全对立,pattern_NONE,C_rel,S0=S1,True,0,mixed_transition,混合过渡型,1,C1 S2_S3_dominant
SZ02,嵊州长乐,K,value_pattern_onset,K_L3,全对立,pattern_NONE,D_rel,S1=S3,True,0,mixed_transition,混合过渡型,1,C1 S2_S3_dominant
SZ02,嵊州长乐,M,value_pattern_onset,M_L3,S2=S3,pattern_A,A_rel,S2=S3,True,1,mixed_transition,混合过渡型,1,C1 S2_S3_dominant
SZ02,嵊州长乐,M,value_pattern_onset,M_L3,S2=S3,pattern_A,B_rel,S1=S2,True,0,mixed_transition,混合过渡型,1,C1 S2_S3_dominant
SZ02,嵊州长乐,M,value_pattern_onset,M_L3,S2=S3,pattern_A,C_rel,S0=S1,True,0,mixed_transition,混合过渡型,1,C1 S2_S3_dominant
SZ02,嵊州长乐,M,value_pattern_onset,M_L3,S2=S3,pattern_A,D_rel,S1=S3,True,0,mixed_transition,混合过渡型,1,C1 S2_S3_dominant
SZ02,嵊州长乐,P,value_pattern_onset,P_L3,全对立,pattern_NONE,A_rel,S2=S3,True,0,mixed_transition,混合过渡型,1,C1 S2_S3_dominant
SZ02,嵊州长乐,P,value_pattern_onset,P_L3,全对立,pattern_NONE,B_rel,S1=S2,True,0,mixed_transition,混合过渡型,1,C1 S2_S3_dominant
SZ02,嵊州长乐,P,value_pattern_onset,P_L3,全对立,pattern_NONE,C_rel,S0=S1,True,0,mixed_transition,混合过渡型,1,C1 S2_S3_dominant
SZ02,嵊州长乐,P,value_pattern_onset,P_L3,全对立,pattern_NONE,D_rel,S1=S3,True,0,mixed_transition,混合过渡型,1,C1 S2_S3_dominant
SZ02,嵊州长乐,TS,value_pattern_onset,TS_L3,S1=S2,pattern_B,A_rel,S2=S3,True,0,mixed_transition,混合过渡型,1,C1 S2_S3_dominant
SZ02,嵊州长乐,TS,value_pattern_onset,TS_L3,S1=S2,pattern_B,B_rel,S1=S2,True,1,mixed_transition,混合过渡型,1,C1 S2_S3_dominant
SZ02,嵊州长乐,TS,value_pattern_onset,TS_L3,S1=S2,pattern_B,C_rel,S0=S1,True,0,mixed_transition,混合过渡型,1,C1 S2_S3_dominant
SZ02,嵊州长乐,TS,value_pattern_onset,TS_L3,S1=S2,pattern_B,D_rel,S1=S3,True,0,mixed_transition,混合过渡型,1,C1 S2_S3_dominant
SZ02,嵊州长乐,Ø,value_pattern_onset,Ø_L3,全对立,pattern_NONE,A_rel,S2=S3,True,0,mixed_transition,混合过渡型,1,C1 S2_S3_dominant
SZ02,嵊州长乐,Ø,value_pattern_onset,Ø_L3,全对立,pattern_NONE,B_rel,S1=S2,True,0,mixed_transition,混合过渡型,1,C1 S2_S3_dominant
SZ02,嵊州长乐,Ø,value_pattern_onset,Ø_L3,全对立,pattern_NONE,C_rel,S0=S1,True,0,mixed_transition,混合过渡型,1,C1 S2_S3_dominant
SZ02,嵊州长乐,Ø,value_pattern_onset,Ø_L3,全对立,pattern_NONE,D_rel,S1=S3,True,0,mixed_transition,混合过渡型,1,C1 S2_S3_dominant
SZ03,嵊州崇仁镇,N,special_merge_onset,N_Status,合流,merge,A_rel,S2=S3,True,1,B_dominant,S1=S2主导型,2,C2 S1_S2_dominant
SZ03,嵊州崇仁镇,N,special_merge_onset,N_Status,合流,merge,B_rel,S1=S2,False,,B_dominant,S1=S2主导型,2,C2 S1_S2_dominant
SZ03,嵊州崇仁镇,N,special_merge_onset,N_Status,合流,merge,C_rel,S0=S1,False,,B_dominant,S1=S2主导型,2,C2 S1_S2_dominant
SZ03,嵊州崇仁镇,N,special_merge_onset,N_Status,合流,merge,D_rel,S1=S3,False,,B_dominant,S1=S2主导型,2,C2 S1_S2_dominant
SZ03,嵊州崇仁镇,T,special_merge_onset,T_Status,分立,split,A_rel,S2=S3,True,0,B_dominant,S1=S2主导型,2,C2 S1_S2_dominant
SZ03,嵊州崇仁镇,T,special_merge_onset,T_Status,分立,split,B_rel,S1=S2,False,,B_dominant,S1=S2主导型,2,C2 S1_S2_dominant
SZ03,嵊州崇仁镇,T,special_merge_onset,T_Status,分立,split,C_rel,S0=S1,False,,B_dominant,S1=S2主导型,2,C2 S1_S2_dominant
SZ03,嵊州崇仁镇,T,special_merge_onset,T_Status,分立,split,D_rel,S1=S3,False,,B_dominant,S1=S2主导型,2,C2 S1_S2_dominant
SZ03,嵊州崇仁镇,K,value_pattern_onset,K_L3,S1=S2,pattern_B,A_rel,S2=S3,True,0,B_dominant,S1=S2主导型,2,C2 S1_S2_dominant
SZ03,嵊州崇仁镇,K,value_pattern_onset,K_L3,S1=S2,pattern_B,B_rel,S1=S2,True,1,B_dominant,S1=S2主导型,2,C2 S1_S2_dominant
SZ03,嵊州崇仁镇,K,value_pattern_onset,K_L3,S1=S2,pattern_B,C_rel,S0=S1,True,0,B_dominant,S1=S2主导型,2,C2 S1_S2_dominant
SZ03,嵊州崇仁镇,K,value_pattern_onset,K_L3,S1=S2,pattern_B,D_rel,S1=S3,True,0,B_dominant,S1=S2主导型,2,C2 S1_S2_dominant
SZ03,嵊州崇仁镇,M,value_pattern_onset,M_L3,S1=S2,pattern_B,A_rel,S2=S3,True,0,B_dominant,S1=S2主导型,2,C2 S1_S2_dominant
SZ03,嵊州崇仁镇,M,value_pattern_onset,M_L3,S1=S2,pattern_B,B_rel,S1=S2,True,1,B_dominant,S1=S2主导型,2,C2 S1_S2_dominant
SZ03,嵊州崇仁镇,M,value_pattern_onset,M_L3,S1=S2,pattern_B,C_rel,S0=S1,True,0,B_dominant,S1=S2主导型,2,C2 S1_S2_dominant
SZ03,嵊州崇仁镇,M,value_pattern_onset,M_L3,S1=S2,pattern_B,D_rel,S1=S3,True,0,B_dominant,S1=S2主导型,2,C2 S1_S2_dominant
SZ03,嵊州崇仁镇,P,value_pattern_onset,P_L3,S1=S2,pattern_B,A_rel,S2=S3,True,0,B_dominant,S1=S2主导型,2,C2 S1_S2_dominant
SZ03,嵊州崇仁镇,P,value_pattern_onset,P_L3,S1=S2,pattern_B,B_rel,S1=S2,True,1,B_dominant,S1=S2主导型,2,C2 S1_S2_dominant
SZ03,嵊州崇仁镇,P,value_pattern_onset,P_L3,S1=S2,pattern_B,C_rel,S0=S1,True,0,B_dominant,S1=S2主导型,2,C2 S1_S2_dominant
SZ03,嵊州崇仁镇,P,value_pattern_onset,P_L3,S1=S2,pattern_B,D_rel,S1=S3,True,0,B_dominant,S1=S2主导型,2,C2 S1_S2_dominant
SZ03,嵊州崇仁镇,TS,value_pattern_onset,TS_L3,S1=S2,pattern_B,A_rel,S2=S3,True,0,B_dominant,S1=S2主导型,2,C2 S1_S2_dominant
SZ03,嵊州崇仁镇,TS,value_pattern_onset,TS_L3,S1=S2,pattern_B,B_rel,S1=S2,True,1,B_dominant,S1=S2主导型,2,C2 S1_S2_dominant
SZ03,嵊州崇仁镇,TS,value_pattern_onset,TS_L3,S1=S2,pattern_B,C_rel,S0=S1,True,0,B_dominant,S1=S2主导型,2,C2 S1_S2_dominant
SZ03,嵊州崇仁镇,TS,value_pattern_onset,TS_L3,S1=S2,pattern_B,D_rel,S1=S3,True,0,B_dominant,S1=S2主导型,2,C2 S1_S2_dominant
SZ03,嵊州崇仁镇,Ø,value_pattern_onset,Ø_L3,S1=S2,pattern_B,A_rel,S2=S3,True,0,B_dominant,S1=S2主导型,2,C2 S1_S2_dominant
SZ03,嵊州崇仁镇,Ø,value_pattern_onset,Ø_L3,S1=S2,pattern_B,B_rel,S1=S2,True,1,B_dominant,S1=S2主导型,2,C2 S1_S2_dominant
SZ03,嵊州崇仁镇,Ø,value_pattern_onset,Ø_L3,S1=S2,pattern_B,C_rel,S0=S1,True,0,B_dominant,S1=S2主导型,2,C2 S1_S2_dominant
SZ03,嵊州崇仁镇,Ø,value_pattern_onset,Ø_L3,S1=S2,pattern_B,D_rel,S1=S3,True,0,B_dominant,S1=S2主导型,2,C2 S1_S2_dominant
TC01,太仓沙溪,N,special_merge_onset,N_Status,合流,merge,A_rel,S2=S3,True,1,A_dominant,S2=S3主导型,3,C3 S2_S3_dominant
TC01,太仓沙溪,N,special_merge_onset,N_Status,合流,merge,B_rel,S1=S2,False,,A_dominant,S2=S3主导型,3,C3 S2_S3_dominant
TC01,太仓沙溪,N,special_merge_onset,N_Status,合流,merge,C_rel,S0=S1,False,,A_dominant,S2=S3主导型,3,C3 S2_S3_dominant
TC01,太仓沙溪,N,special_merge_onset,N_Status,合流,merge,D_rel,S1=S3,False,,A_dominant,S2=S3主导型,3,C3 S2_S3_dominant
TC01,太仓沙溪,T,special_merge_onset,T_Status,合流,merge,A_rel,S2=S3,True,1,A_dominant,S2=S3主导型,3,C3 S2_S3_dominant
TC01,太仓沙溪,T,special_merge_onset,T_Status,合流,merge,B_rel,S1=S2,False,,A_dominant,S2=S3主导型,3,C3 S2_S3_dominant
TC01,太仓沙溪,T,special_merge_onset,T_Status,合流,merge,C_rel,S0=S1,False,,A_dominant,S2=S3主导型,3,C3 S2_S3_dominant
TC01,太仓沙溪,T,special_merge_onset,T_Status,合流,merge,D_rel,S1=S3,False,,A_dominant,S2=S3主导型,3,C3 S2_S3_dominant
TC01,太仓沙溪,K,value_pattern_onset,K_L3,S0=S1，S2=S3,pattern_F,A_rel,S2=S3,True,1,A_dominant,S2=S3主导型,3,C3 S2_S3_dominant
TC01,太仓沙溪,K,value_pattern_onset,K_L3,S0=S1，S2=S3,pattern_F,B_rel,S1=S2,True,0,A_dominant,S2=S3主导型,3,C3 S2_S3_dominant
TC01,太仓沙溪,K,value_pattern_onset,K_L3,S0=S1，S2=S3,pattern_F,C_rel,S0=S1,True,1,A_dominant,S2=S3主导型,3,C3 S2_S3_dominant
TC01,太仓沙溪,K,value_pattern_onset,K_L3,S0=S1，S2=S3,pattern_F,D_rel,S1=S3,True,0,A_dominant,S2=S3主导型,3,C3 S2_S3_dominant
TC01,太仓沙溪,M,value_pattern_onset,M_L3,S1=S2=S3,pattern_E,A_rel,S2=S3,True,1,A_dominant,S2=S3主导型,3,C3 S2_S3_dominant
TC01,太仓沙溪,M,value_pattern_onset,M_L3,S1=S2=S3,pattern_E,B_rel,S1=S2,True,1,A_dominant,S2=S3主导型,3,C3 S2_S3_dominant
TC01,太仓沙溪,M,value_pattern_onset,M_L3,S1=S2=S3,pattern_E,C_rel,S0=S1,True,0,A_dominant,S2=S3主导型,3,C3 S2_S3_dominant
TC01,太仓沙溪,M,value_pattern_onset,M_L3,S1=S2=S3,pattern_E,D_rel,S1=S3,True,0,A_dominant,S2=S3主导型,3,C3 S2_S3_dominant
TC01,太仓沙溪,P,value_pattern_onset,P_L3,S2=S3,pattern_A,A_rel,S2=S3,True,1,A_dominant,S2=S3主导型,3,C3 S2_S3_dominant
TC01,太仓沙溪,P,value_pattern_onset,P_L3,S2=S3,pattern_A,B_rel,S1=S2,True,0,A_dominant,S2=S3主导型,3,C3 S2_S3_dominant
TC01,太仓沙溪,P,value_pattern_onset,P_L3,S2=S3,pattern_A,C_rel,S0=S1,True,0,A_dominant,S2=S3主导型,3,C3 S2_S3_dominant
TC01,太仓沙溪,P,value_pattern_onset,P_L3,S2=S3,pattern_A,D_rel,S1=S3,True,0,A_dominant,S2=S3主导型,3,C3 S2_S3_dominant
TC01,太仓沙溪,TS,value_pattern_onset,TS_L3,S2=S3,pattern_A,A_rel,S2=S3,True,1,A_dominant,S2=S3主导型,3,C3 S2_S3_dominant
TC01,太仓沙溪,TS,value_pattern_onset,TS_L3,S2=S3,pattern_A,B_rel,S1=S2,True,0,A_dominant,S2=S3主导型,3,C3 S2_S3_dominant
TC01,太仓沙溪,TS,value_pattern_onset,TS_L3,S2=S3,pattern_A,C_rel,S0=S1,True,0,A_dominant,S2=S3主导型,3,C3 S2_S3_dominant
TC01,太仓沙溪,TS,value_pattern_onset,TS_L3,S2=S3,pattern_A,D_rel,S1=S3,True,0,A_dominant,S2=S3主导型,3,C3 S2_S3_dominant
TC01,太仓沙溪,Ø,value_pattern_onset,Ø_L3,S2=S3,pattern_A,A_rel,S2=S3,True,1,A_dominant,S2=S3主导型,3,C3 S2_S3_dominant
TC01,太仓沙溪,Ø,value_pattern_onset,Ø_L3,S2=S3,pattern_A,B_rel,S1=S2,True,0,A_dominant,S2=S3主导型,3,C3 S2_S3_dominant
TC01,太仓沙溪,Ø,value_pattern_onset,Ø_L3,S2=S3,pattern_A,C_rel,S0=S1,True,0,A_dominant,S2=S3主导型,3,C3 S2_S3_dominant
TC01,太仓沙溪,Ø,value_pattern_onset,Ø_L3,S2=S3,pattern_A,D_rel,S1=S3,True,0,A_dominant,S2=S3主导型,3,C3 S2_S3_dominant
TC02,太仓城厢,N,special_merge_onset,N_Status,合流,merge,A_rel,S2=S3,True,1,A_dominant,S2=S3主导型,3,C3 S2_S3_dominant
TC02,太仓城厢,N,special_merge_onset,N_Status,合流,merge,B_rel,S1=S2,False,,A_dominant,S2=S3主导型,3,C3 S2_S3_dominant
TC02,太仓城厢,N,special_merge_onset,N_Status,合流,merge,C_rel,S0=S1,False,,A_dominant,S2=S3主导型,3,C3 S2_S3_dominant
TC02,太仓城厢,N,special_merge_onset,N_Status,合流,merge,D_rel,S1=S3,False,,A_dominant,S2=S3主导型,3,C3 S2_S3_dominant
TC02,太仓城厢,T,special_merge_onset,T_Status,合流,merge,A_rel,S2=S3,True,1,A_dominant,S2=S3主导型,3,C3 S2_S3_dominant
TC02,太仓城厢,T,special_merge_onset,T_Status,合流,merge,B_rel,S1=S2,False,,A_dominant,S2=S3主导型,3,C3 S2_S3_dominant
TC02,太仓城厢,T,special_merge_onset,T_Status,合流,merge,C_rel,S0=S1,False,,A_dominant,S2=S3主导型,3,C3 S2_S3_dominant
TC02,太仓城厢,T,special_merge_onset,T_Status,合流,merge,D_rel,S1=S3,False,,A_dominant,S2=S3主导型,3,C3 S2_S3_dominant
TC02,太仓城厢,K,value_pattern_onset,K_L3,S0=S1，S2=S3,pattern_F,A_rel,S2=S3,True,1,A_dominant,S2=S3主导型,3,C3 S2_S3_dominant
TC02,太仓城厢,K,value_pattern_onset,K_L3,S0=S1，S2=S3,pattern_F,B_rel,S1=S2,True,0,A_dominant,S2=S3主导型,3,C3 S2_S3_dominant
TC02,太仓城厢,K,value_pattern_onset,K_L3,S0=S1，S2=S3,pattern_F,C_rel,S0=S1,True,1,A_dominant,S2=S3主导型,3,C3 S2_S3_dominant
TC02,太仓城厢,K,value_pattern_onset,K_L3,S0=S1，S2=S3,pattern_F,D_rel,S1=S3,True,0,A_dominant,S2=S3主导型,3,C3 S2_S3_dominant
TC02,太仓城厢,M,value_pattern_onset,M_L3,S1=S2=S3,pattern_E,A_rel,S2=S3,True,1,A_dominant,S2=S3主导型,3,C3 S2_S3_dominant
TC02,太仓城厢,M,value_pattern_onset,M_L3,S1=S2=S3,pattern_E,B_rel,S1=S2,True,1,A_dominant,S2=S3主导型,3,C3 S2_S3_dominant
TC02,太仓城厢,M,value_pattern_onset,M_L3,S1=S2=S3,pattern_E,C_rel,S0=S1,True,0,A_dominant,S2=S3主导型,3,C3 S2_S3_dominant
TC02,太仓城厢,M,value_pattern_onset,M_L3,S1=S2=S3,pattern_E,D_rel,S1=S3,True,0,A_dominant,S2=S3主导型,3,C3 S2_S3_dominant
TC02,太仓城厢,P,value_pattern_onset,P_L3,S2=S3,pattern_A,A_rel,S2=S3,True,1,A_dominant,S2=S3主导型,3,C3 S2_S3_dominant
TC02,太仓城厢,P,value_pattern_onset,P_L3,S2=S3,pattern_A,B_rel,S1=S2,True,0,A_dominant,S2=S3主导型,3,C3 S2_S3_dominant
TC02,太仓城厢,P,value_pattern_onset,P_L3,S2=S3,pattern_A,C_rel,S0=S1,True,0,A_dominant,S2=S3主导型,3,C3 S2_S3_dominant
TC02,太仓城厢,P,value_pattern_onset,P_L3,S2=S3,pattern_A,D_rel,S1=S3,True,0,A_dominant,S2=S3主导型,3,C3 S2_S3_dominant
TC02,太仓城厢,TS,value_pattern_onset,TS_L3,S2=S3,pattern_A,A_rel,S2=S3,True,1,A_dominant,S2=S3主导型,3,C3 S2_S3_dominant
TC02,太仓城厢,TS,value_pattern_onset,TS_L3,S2=S3,pattern_A,B_rel,S1=S2,True,0,A_dominant,S2=S3主导型,3,C3 S2_S3_dominant
TC02,太仓城厢,TS,value_pattern_onset,TS_L3,S2=S3,pattern_A,C_rel,S0=S1,True,0,A_dominant,S2=S3主导型,3,C3 S2_S3_dominant
TC02,太仓城厢,TS,value_pattern_onset,TS_L3,S2=S3,pattern_A,D_rel,S1=S3,True,0,A_dominant,S2=S3主导型,3,C3 S2_S3_dominant
TC02,太仓城厢,Ø,value_pattern_onset,Ø_L3,S2=S3,pattern_A,A_rel,S2=S3,True,1,A_dominant,S2=S3主导型,3,C3 S2_S3_dominant
TC02,太仓城厢,Ø,value_pattern_onset,Ø_L3,S2=S3,pattern_A,B_rel,S1=S2,True,0,A_dominant,S2=S3主导型,3,C3 S2_S3_dominant
TC02,太仓城厢,Ø,value_pattern_onset,Ø_L3,S2=S3,pattern_A,C_rel,S0=S1,True,0,A_dominant,S2=S3主导型,3,C3 S2_S3_dominant
TC02,太仓城厢,Ø,value_pattern_onset,Ø_L3,S2=S3,pattern_A,D_rel,S1=S3,True,0,A_dominant,S2=S3主导型,3,C3 S2_S3_dominant
TL01,桐庐镇,N,special_merge_onset,N_Status,合流,merge,A_rel,S2=S3,True,1,A_dominant,S2=S3主导型,3,C3 S2_S3_dominant
TL01,桐庐镇,N,special_merge_onset,N_Status,合流,merge,B_rel,S1=S2,False,,A_dominant,S2=S3主导型,3,C3 S2_S3_dominant
TL01,桐庐镇,N,special_merge_onset,N_Status,合流,merge,C_rel,S0=S1,False,,A_dominant,S2=S3主导型,3,C3 S2_S3_dominant
TL01,桐庐镇,N,special_merge_onset,N_Status,合流,merge,D_rel,S1=S3,False,,A_dominant,S2=S3主导型,3,C3 S2_S3_dominant
TL01,桐庐镇,T,special_merge_onset,T_Status,合流,merge,A_rel,S2=S3,True,1,A_dominant,S2=S3主导型,3,C3 S2_S3_dominant
TL01,桐庐镇,T,special_merge_onset,T_Status,合流,merge,B_rel,S1=S2,False,,A_dominant,S2=S3主导型,3,C3 S2_S3_dominant
TL01,桐庐镇,T,special_merge_onset,T_Status,合流,merge,C_rel,S0=S1,False,,A_dominant,S2=S3主导型,3,C3 S2_S3_dominant
TL01,桐庐镇,T,special_merge_onset,T_Status,合流,merge,D_rel,S1=S3,False,,A_dominant,S2=S3主导型,3,C3 S2_S3_dominant
TL01,桐庐镇,K,value_pattern_onset,K_L3,S2=S3,pattern_A,A_rel,S2=S3,True,1,A_dominant,S2=S3主导型,3,C3 S2_S3_dominant
TL01,桐庐镇,K,value_pattern_onset,K_L3,S2=S3,pattern_A,B_rel,S1=S2,True,0,A_dominant,S2=S3主导型,3,C3 S2_S3_dominant
TL01,桐庐镇,K,value_pattern_onset,K_L3,S2=S3,pattern_A,C_rel,S0=S1,True,0,A_dominant,S2=S3主导型,3,C3 S2_S3_dominant
TL01,桐庐镇,K,value_pattern_onset,K_L3,S2=S3,pattern_A,D_rel,S1=S3,True,0,A_dominant,S2=S3主导型,3,C3 S2_S3_dominant
TL01,桐庐镇,M,value_pattern_onset,M_L3,S2=S3,pattern_A,A_rel,S2=S3,True,1,A_dominant,S2=S3主导型,3,C3 S2_S3_dominant
TL01,桐庐镇,M,value_pattern_onset,M_L3,S2=S3,pattern_A,B_rel,S1=S2,True,0,A_dominant,S2=S3主导型,3,C3 S2_S3_dominant
TL01,桐庐镇,M,value_pattern_onset,M_L3,S2=S3,pattern_A,C_rel,S0=S1,True,0,A_dominant,S2=S3主导型,3,C3 S2_S3_dominant
TL01,桐庐镇,M,value_pattern_onset,M_L3,S2=S3,pattern_A,D_rel,S1=S3,True,0,A_dominant,S2=S3主导型,3,C3 S2_S3_dominant
TL01,桐庐镇,P,value_pattern_onset,P_L3,S2=S3,pattern_A,A_rel,S2=S3,True,1,A_dominant,S2=S3主导型,3,C3 S2_S3_dominant
TL01,桐庐镇,P,value_pattern_onset,P_L3,S2=S3,pattern_A,B_rel,S1=S2,True,0,A_dominant,S2=S3主导型,3,C3 S2_S3_dominant
TL01,桐庐镇,P,value_pattern_onset,P_L3,S2=S3,pattern_A,C_rel,S0=S1,True,0,A_dominant,S2=S3主导型,3,C3 S2_S3_dominant
TL01,桐庐镇,P,value_pattern_onset,P_L3,S2=S3,pattern_A,D_rel,S1=S3,True,0,A_dominant,S2=S3主导型,3,C3 S2_S3_dominant
TL01,桐庐镇,TS,value_pattern_onset,TS_L3,S2=S3,pattern_A,A_rel,S2=S3,True,1,A_dominant,S2=S3主导型,3,C3 S2_S3_dominant
TL01,桐庐镇,TS,value_pattern_onset,TS_L3,S2=S3,pattern_A,B_rel,S1=S2,True,0,A_dominant,S2=S3主导型,3,C3 S2_S3_dominant
TL01,桐庐镇,TS,value_pattern_onset,TS_L3,S2=S3,pattern_A,C_rel,S0=S1,True,0,A_dominant,S2=S3主导型,3,C3 S2_S3_dominant
TL01,桐庐镇,TS,value_pattern_onset,TS_L3,S2=S3,pattern_A,D_rel,S1=S3,True,0,A_dominant,S2=S3主导型,3,C3 S2_S3_dominant
TL01,桐庐镇,Ø,value_pattern_onset,Ø_L3,S2=S3,pattern_A,A_rel,S2=S3,True,1,A_dominant,S2=S3主导型,3,C3 S2_S3_dominant
TL01,桐庐镇,Ø,value_pattern_onset,Ø_L3,S2=S3,pattern_A,B_rel,S1=S2,True,0,A_dominant,S2=S3主导型,3,C3 S2_S3_dominant
TL01,桐庐镇,Ø,value_pattern_onset,Ø_L3,S2=S3,pattern_A,C_rel,S0=S1,True,0,A_dominant,S2=S3主导型,3,C3 S2_S3_dominant
TL01,桐庐镇,Ø,value_pattern_onset,Ø_L3,S2=S3,pattern_A,D_rel,S1=S3,True,0,A_dominant,S2=S3主导型,3,C3 S2_S3_dominant
TX01,桐乡城区,N,special_merge_onset,N_Status,合流,merge,A_rel,S2=S3,True,1,A_dominant,S2=S3主导型,3,C3 S2_S3_dominant
TX01,桐乡城区,N,special_merge_onset,N_Status,合流,merge,B_rel,S1=S2,False,,A_dominant,S2=S3主导型,3,C3 S2_S3_dominant
TX01,桐乡城区,N,special_merge_onset,N_Status,合流,merge,C_rel,S0=S1,False,,A_dominant,S2=S3主导型,3,C3 S2_S3_dominant
TX01,桐乡城区,N,special_merge_onset,N_Status,合流,merge,D_rel,S1=S3,False,,A_dominant,S2=S3主导型,3,C3 S2_S3_dominant
TX01,桐乡城区,T,special_merge_onset,T_Status,合流,merge,A_rel,S2=S3,True,1,A_dominant,S2=S3主导型,3,C3 S2_S3_dominant
TX01,桐乡城区,T,special_merge_onset,T_Status,合流,merge,B_rel,S1=S2,False,,A_dominant,S2=S3主导型,3,C3 S2_S3_dominant
TX01,桐乡城区,T,special_merge_onset,T_Status,合流,merge,C_rel,S0=S1,False,,A_dominant,S2=S3主导型,3,C3 S2_S3_dominant
TX01,桐乡城区,T,special_merge_onset,T_Status,合流,merge,D_rel,S1=S3,False,,A_dominant,S2=S3主导型,3,C3 S2_S3_dominant
TX01,桐乡城区,K,value_pattern_onset,K_L3,S0=S1，S2=S3,pattern_F,A_rel,S2=S3,True,1,A_dominant,S2=S3主导型,3,C3 S2_S3_dominant
TX01,桐乡城区,K,value_pattern_onset,K_L3,S0=S1，S2=S3,pattern_F,B_rel,S1=S2,True,0,A_dominant,S2=S3主导型,3,C3 S2_S3_dominant
TX01,桐乡城区,K,value_pattern_onset,K_L3,S0=S1，S2=S3,pattern_F,C_rel,S0=S1,True,1,A_dominant,S2=S3主导型,3,C3 S2_S3_dominant
TX01,桐乡城区,K,value_pattern_onset,K_L3,S0=S1，S2=S3,pattern_F,D_rel,S1=S3,True,0,A_dominant,S2=S3主导型,3,C3 S2_S3_dominant
TX01,桐乡城区,M,value_pattern_onset,M_L3,S0=S1，S2=S3,pattern_F,A_rel,S2=S3,True,1,A_dominant,S2=S3主导型,3,C3 S2_S3_dominant
TX01,桐乡城区,M,value_pattern_onset,M_L3,S0=S1，S2=S3,pattern_F,B_rel,S1=S2,True,0,A_dominant,S2=S3主导型,3,C3 S2_S3_dominant
TX01,桐乡城区,M,value_pattern_onset,M_L3,S0=S1，S2=S3,pattern_F,C_rel,S0=S1,True,1,A_dominant,S2=S3主导型,3,C3 S2_S3_dominant
TX01,桐乡城区,M,value_pattern_onset,M_L3,S0=S1，S2=S3,pattern_F,D_rel,S1=S3,True,0,A_dominant,S2=S3主导型,3,C3 S2_S3_dominant
TX01,桐乡城区,P,value_pattern_onset,P_L3,S2=S3,pattern_A,A_rel,S2=S3,True,1,A_dominant,S2=S3主导型,3,C3 S2_S3_dominant
TX01,桐乡城区,P,value_pattern_onset,P_L3,S2=S3,pattern_A,B_rel,S1=S2,True,0,A_dominant,S2=S3主导型,3,C3 S2_S3_dominant
TX01,桐乡城区,P,value_pattern_onset,P_L3,S2=S3,pattern_A,C_rel,S0=S1,True,0,A_dominant,S2=S3主导型,3,C3 S2_S3_dominant
TX01,桐乡城区,P,value_pattern_onset,P_L3,S2=S3,pattern_A,D_rel,S1=S3,True,0,A_dominant,S2=S3主导型,3,C3 S2_S3_dominant
TX01,桐乡城区,TS,value_pattern_onset,TS_L3,S2=S3,pattern_A,A_rel,S2=S3,True,1,A_dominant,S2=S3主导型,3,C3 S2_S3_dominant
TX01,桐乡城区,TS,value_pattern_onset,TS_L3,S2=S3,pattern_A,B_rel,S1=S2,True,0,A_dominant,S2=S3主导型,3,C3 S2_S3_dominant
TX01,桐乡城区,TS,value_pattern_onset,TS_L3,S2=S3,pattern_A,C_rel,S0=S1,True,0,A_dominant,S2=S3主导型,3,C3 S2_S3_dominant
TX01,桐乡城区,TS,value_pattern_onset,TS_L3,S2=S3,pattern_A,D_rel,S1=S3,True,0,A_dominant,S2=S3主导型,3,C3 S2_S3_dominant
TX01,桐乡城区,Ø,value_pattern_onset,Ø_L3,S2=S3,pattern_A,A_rel,S2=S3,True,1,A_dominant,S2=S3主导型,3,C3 S2_S3_dominant
TX01,桐乡城区,Ø,value_pattern_onset,Ø_L3,S2=S3,pattern_A,B_rel,S1=S2,True,0,A_dominant,S2=S3主导型,3,C3 S2_S3_dominant
TX01,桐乡城区,Ø,value_pattern_onset,Ø_L3,S2=S3,pattern_A,C_rel,S0=S1,True,0,A_dominant,S2=S3主导型,3,C3 S2_S3_dominant
TX01,桐乡城区,Ø,value_pattern_onset,Ø_L3,S2=S3,pattern_A,D_rel,S1=S3,True,0,A_dominant,S2=S3主导型,3,C3 S2_S3_dominant
WJ01,吴江市松陵,N,special_merge_onset,N_Status,合流,merge,A_rel,S2=S3,True,1,A_dominant,S2=S3主导型,3,C3 S2_S3_dominant
WJ01,吴江市松陵,N,special_merge_onset,N_Status,合流,merge,B_rel,S1=S2,False,,A_dominant,S2=S3主导型,3,C3 S2_S3_dominant
WJ01,吴江市松陵,N,special_merge_onset,N_Status,合流,merge,C_rel,S0=S1,False,,A_dominant,S2=S3主导型,3,C3 S2_S3_dominant
WJ01,吴江市松陵,N,special_merge_onset,N_Status,合流,merge,D_rel,S1=S3,False,,A_dominant,S2=S3主导型,3,C3 S2_S3_dominant
WJ01,吴江市松陵,T,special_merge_onset,T_Status,合流,merge,A_rel,S2=S3,True,1,A_dominant,S2=S3主导型,3,C3 S2_S3_dominant
WJ01,吴江市松陵,T,special_merge_onset,T_Status,合流,merge,B_rel,S1=S2,False,,A_dominant,S2=S3主导型,3,C3 S2_S3_dominant
WJ01,吴江市松陵,T,special_merge_onset,T_Status,合流,merge,C_rel,S0=S1,False,,A_dominant,S2=S3主导型,3,C3 S2_S3_dominant
WJ01,吴江市松陵,T,special_merge_onset,T_Status,合流,merge,D_rel,S1=S3,False,,A_dominant,S2=S3主导型,3,C3 S2_S3_dominant
WJ01,吴江市松陵,K,value_pattern_onset,K_L3,S0=S1，S2=S3,pattern_F,A_rel,S2=S3,True,1,A_dominant,S2=S3主导型,3,C3 S2_S3_dominant
WJ01,吴江市松陵,K,value_pattern_onset,K_L3,S0=S1，S2=S3,pattern_F,B_rel,S1=S2,True,0,A_dominant,S2=S3主导型,3,C3 S2_S3_dominant
WJ01,吴江市松陵,K,value_pattern_onset,K_L3,S0=S1，S2=S3,pattern_F,C_rel,S0=S1,True,1,A_dominant,S2=S3主导型,3,C3 S2_S3_dominant
WJ01,吴江市松陵,K,value_pattern_onset,K_L3,S0=S1，S2=S3,pattern_F,D_rel,S1=S3,True,0,A_dominant,S2=S3主导型,3,C3 S2_S3_dominant
WJ01,吴江市松陵,M,value_pattern_onset,M_L3,S1=S2=S3,pattern_E,A_rel,S2=S3,True,1,A_dominant,S2=S3主导型,3,C3 S2_S3_dominant
WJ01,吴江市松陵,M,value_pattern_onset,M_L3,S1=S2=S3,pattern_E,B_rel,S1=S2,True,1,A_dominant,S2=S3主导型,3,C3 S2_S3_dominant
WJ01,吴江市松陵,M,value_pattern_onset,M_L3,S1=S2=S3,pattern_E,C_rel,S0=S1,True,0,A_dominant,S2=S3主导型,3,C3 S2_S3_dominant
WJ01,吴江市松陵,M,value_pattern_onset,M_L3,S1=S2=S3,pattern_E,D_rel,S1=S3,True,0,A_dominant,S2=S3主导型,3,C3 S2_S3_dominant
WJ01,吴江市松陵,P,value_pattern_onset,P_L3,S2=S3,pattern_A,A_rel,S2=S3,True,1,A_dominant,S2=S3主导型,3,C3 S2_S3_dominant
WJ01,吴江市松陵,P,value_pattern_onset,P_L3,S2=S3,pattern_A,B_rel,S1=S2,True,0,A_dominant,S2=S3主导型,3,C3 S2_S3_dominant
WJ01,吴江市松陵,P,value_pattern_onset,P_L3,S2=S3,pattern_A,C_rel,S0=S1,True,0,A_dominant,S2=S3主导型,3,C3 S2_S3_dominant
WJ01,吴江市松陵,P,value_pattern_onset,P_L3,S2=S3,pattern_A,D_rel,S1=S3,True,0,A_dominant,S2=S3主导型,3,C3 S2_S3_dominant
WJ01,吴江市松陵,TS,value_pattern_onset,TS_L3,S2=S3,pattern_A,A_rel,S2=S3,True,1,A_dominant,S2=S3主导型,3,C3 S2_S3_dominant
WJ01,吴江市松陵,TS,value_pattern_onset,TS_L3,S2=S3,pattern_A,B_rel,S1=S2,True,0,A_dominant,S2=S3主导型,3,C3 S2_S3_dominant
WJ01,吴江市松陵,TS,value_pattern_onset,TS_L3,S2=S3,pattern_A,C_rel,S0=S1,True,0,A_dominant,S2=S3主导型,3,C3 S2_S3_dominant
WJ01,吴江市松陵,TS,value_pattern_onset,TS_L3,S2=S3,pattern_A,D_rel,S1=S3,True,0,A_dominant,S2=S3主导型,3,C3 S2_S3_dominant
WJ01,吴江市松陵,Ø,value_pattern_onset,Ø_L3,S2=S3,pattern_A,A_rel,S2=S3,True,1,A_dominant,S2=S3主导型,3,C3 S2_S3_dominant
WJ01,吴江市松陵,Ø,value_pattern_onset,Ø_L3,S2=S3,pattern_A,B_rel,S1=S2,True,0,A_dominant,S2=S3主导型,3,C3 S2_S3_dominant
WJ01,吴江市松陵,Ø,value_pattern_onset,Ø_L3,S2=S3,pattern_A,C_rel,S0=S1,True,0,A_dominant,S2=S3主导型,3,C3 S2_S3_dominant
WJ01,吴江市松陵,Ø,value_pattern_onset,Ø_L3,S2=S3,pattern_A,D_rel,S1=S3,True,0,A_dominant,S2=S3主导型,3,C3 S2_S3_dominant
WJ02,吴江芦墟,N,special_merge_onset,N_Status,合流,merge,A_rel,S2=S3,True,1,A_dominant,S2=S3主导型,1,C1 S2_S3_dominant
WJ02,吴江芦墟,N,special_merge_onset,N_Status,合流,merge,B_rel,S1=S2,False,,A_dominant,S2=S3主导型,1,C1 S2_S3_dominant
WJ02,吴江芦墟,N,special_merge_onset,N_Status,合流,merge,C_rel,S0=S1,False,,A_dominant,S2=S3主导型,1,C1 S2_S3_dominant
WJ02,吴江芦墟,N,special_merge_onset,N_Status,合流,merge,D_rel,S1=S3,False,,A_dominant,S2=S3主导型,1,C1 S2_S3_dominant
WJ02,吴江芦墟,T,special_merge_onset,T_Status,合流,merge,A_rel,S2=S3,True,1,A_dominant,S2=S3主导型,1,C1 S2_S3_dominant
WJ02,吴江芦墟,T,special_merge_onset,T_Status,合流,merge,B_rel,S1=S2,False,,A_dominant,S2=S3主导型,1,C1 S2_S3_dominant
WJ02,吴江芦墟,T,special_merge_onset,T_Status,合流,merge,C_rel,S0=S1,False,,A_dominant,S2=S3主导型,1,C1 S2_S3_dominant
WJ02,吴江芦墟,T,special_merge_onset,T_Status,合流,merge,D_rel,S1=S3,False,,A_dominant,S2=S3主导型,1,C1 S2_S3_dominant
WJ02,吴江芦墟,K,value_pattern_onset,K_L3,S0=S1，S2=S3,pattern_F,A_rel,S2=S3,True,1,A_dominant,S2=S3主导型,1,C1 S2_S3_dominant
WJ02,吴江芦墟,K,value_pattern_onset,K_L3,S0=S1，S2=S3,pattern_F,B_rel,S1=S2,True,0,A_dominant,S2=S3主导型,1,C1 S2_S3_dominant
WJ02,吴江芦墟,K,value_pattern_onset,K_L3,S0=S1，S2=S3,pattern_F,C_rel,S0=S1,True,1,A_dominant,S2=S3主导型,1,C1 S2_S3_dominant
WJ02,吴江芦墟,K,value_pattern_onset,K_L3,S0=S1，S2=S3,pattern_F,D_rel,S1=S3,True,0,A_dominant,S2=S3主导型,1,C1 S2_S3_dominant
WJ02,吴江芦墟,M,value_pattern_onset,M_L3,S1=S2=S3,pattern_E,A_rel,S2=S3,True,1,A_dominant,S2=S3主导型,1,C1 S2_S3_dominant
WJ02,吴江芦墟,M,value_pattern_onset,M_L3,S1=S2=S3,pattern_E,B_rel,S1=S2,True,1,A_dominant,S2=S3主导型,1,C1 S2_S3_dominant
WJ02,吴江芦墟,M,value_pattern_onset,M_L3,S1=S2=S3,pattern_E,C_rel,S0=S1,True,0,A_dominant,S2=S3主导型,1,C1 S2_S3_dominant
WJ02,吴江芦墟,M,value_pattern_onset,M_L3,S1=S2=S3,pattern_E,D_rel,S1=S3,True,0,A_dominant,S2=S3主导型,1,C1 S2_S3_dominant
WJ02,吴江芦墟,P,value_pattern_onset,P_L3,S2=S3,pattern_A,A_rel,S2=S3,True,1,A_dominant,S2=S3主导型,1,C1 S2_S3_dominant
WJ02,吴江芦墟,P,value_pattern_onset,P_L3,S2=S3,pattern_A,B_rel,S1=S2,True,0,A_dominant,S2=S3主导型,1,C1 S2_S3_dominant
WJ02,吴江芦墟,P,value_pattern_onset,P_L3,S2=S3,pattern_A,C_rel,S0=S1,True,0,A_dominant,S2=S3主导型,1,C1 S2_S3_dominant
WJ02,吴江芦墟,P,value_pattern_onset,P_L3,S2=S3,pattern_A,D_rel,S1=S3,True,0,A_dominant,S2=S3主导型,1,C1 S2_S3_dominant
WJ02,吴江芦墟,TS,value_pattern_onset,TS_L3,S2=S3,pattern_A,A_rel,S2=S3,True,1,A_dominant,S2=S3主导型,1,C1 S2_S3_dominant
WJ02,吴江芦墟,TS,value_pattern_onset,TS_L3,S2=S3,pattern_A,B_rel,S1=S2,True,0,A_dominant,S2=S3主导型,1,C1 S2_S3_dominant
WJ02,吴江芦墟,TS,value_pattern_onset,TS_L3,S2=S3,pattern_A,C_rel,S0=S1,True,0,A_dominant,S2=S3主导型,1,C1 S2_S3_dominant
WJ02,吴江芦墟,TS,value_pattern_onset,TS_L3,S2=S3,pattern_A,D_rel,S1=S3,True,0,A_dominant,S2=S3主导型,1,C1 S2_S3_dominant
WJ02,吴江芦墟,Ø,value_pattern_onset,Ø_L3,S2=S3,pattern_A,A_rel,S2=S3,True,1,A_dominant,S2=S3主导型,1,C1 S2_S3_dominant
WJ02,吴江芦墟,Ø,value_pattern_onset,Ø_L3,S2=S3,pattern_A,B_rel,S1=S2,True,0,A_dominant,S2=S3主导型,1,C1 S2_S3_dominant
WJ02,吴江芦墟,Ø,value_pattern_onset,Ø_L3,S2=S3,pattern_A,C_rel,S0=S1,True,0,A_dominant,S2=S3主导型,1,C1 S2_S3_dominant
WJ02,吴江芦墟,Ø,value_pattern_onset,Ø_L3,S2=S3,pattern_A,D_rel,S1=S3,True,0,A_dominant,S2=S3主导型,1,C1 S2_S3_dominant
WX01,无锡城区,N,special_merge_onset,N_Status,合流,merge,A_rel,S2=S3,True,1,A_dominant,S2=S3主导型,3,C3 S2_S3_dominant
WX01,无锡城区,N,special_merge_onset,N_Status,合流,merge,B_rel,S1=S2,False,,A_dominant,S2=S3主导型,3,C3 S2_S3_dominant
WX01,无锡城区,N,special_merge_onset,N_Status,合流,merge,C_rel,S0=S1,False,,A_dominant,S2=S3主导型,3,C3 S2_S3_dominant
WX01,无锡城区,N,special_merge_onset,N_Status,合流,merge,D_rel,S1=S3,False,,A_dominant,S2=S3主导型,3,C3 S2_S3_dominant
WX01,无锡城区,T,special_merge_onset,T_Status,合流,merge,A_rel,S2=S3,True,1,A_dominant,S2=S3主导型,3,C3 S2_S3_dominant
WX01,无锡城区,T,special_merge_onset,T_Status,合流,merge,B_rel,S1=S2,False,,A_dominant,S2=S3主导型,3,C3 S2_S3_dominant
WX01,无锡城区,T,special_merge_onset,T_Status,合流,merge,C_rel,S0=S1,False,,A_dominant,S2=S3主导型,3,C3 S2_S3_dominant
WX01,无锡城区,T,special_merge_onset,T_Status,合流,merge,D_rel,S1=S3,False,,A_dominant,S2=S3主导型,3,C3 S2_S3_dominant
WX01,无锡城区,K,value_pattern_onset,K_L3,S0=S1,pattern_C,A_rel,S2=S3,True,0,A_dominant,S2=S3主导型,3,C3 S2_S3_dominant
WX01,无锡城区,K,value_pattern_onset,K_L3,S0=S1,pattern_C,B_rel,S1=S2,True,0,A_dominant,S2=S3主导型,3,C3 S2_S3_dominant
WX01,无锡城区,K,value_pattern_onset,K_L3,S0=S1,pattern_C,C_rel,S0=S1,True,1,A_dominant,S2=S3主导型,3,C3 S2_S3_dominant
WX01,无锡城区,K,value_pattern_onset,K_L3,S0=S1,pattern_C,D_rel,S1=S3,True,0,A_dominant,S2=S3主导型,3,C3 S2_S3_dominant
WX01,无锡城区,M,value_pattern_onset,M_L3,S2=S3,pattern_A,A_rel,S2=S3,True,1,A_dominant,S2=S3主导型,3,C3 S2_S3_dominant
WX01,无锡城区,M,value_pattern_onset,M_L3,S2=S3,pattern_A,B_rel,S1=S2,True,0,A_dominant,S2=S3主导型,3,C3 S2_S3_dominant
WX01,无锡城区,M,value_pattern_onset,M_L3,S2=S3,pattern_A,C_rel,S0=S1,True,0,A_dominant,S2=S3主导型,3,C3 S2_S3_dominant
WX01,无锡城区,M,value_pattern_onset,M_L3,S2=S3,pattern_A,D_rel,S1=S3,True,0,A_dominant,S2=S3主导型,3,C3 S2_S3_dominant
WX01,无锡城区,P,value_pattern_onset,P_L3,S2=S3,pattern_A,A_rel,S2=S3,True,1,A_dominant,S2=S3主导型,3,C3 S2_S3_dominant
WX01,无锡城区,P,value_pattern_onset,P_L3,S2=S3,pattern_A,B_rel,S1=S2,True,0,A_dominant,S2=S3主导型,3,C3 S2_S3_dominant
WX01,无锡城区,P,value_pattern_onset,P_L3,S2=S3,pattern_A,C_rel,S0=S1,True,0,A_dominant,S2=S3主导型,3,C3 S2_S3_dominant
WX01,无锡城区,P,value_pattern_onset,P_L3,S2=S3,pattern_A,D_rel,S1=S3,True,0,A_dominant,S2=S3主导型,3,C3 S2_S3_dominant
WX01,无锡城区,TS,value_pattern_onset,TS_L3,S1=S2=S3,pattern_E,A_rel,S2=S3,True,1,A_dominant,S2=S3主导型,3,C3 S2_S3_dominant
WX01,无锡城区,TS,value_pattern_onset,TS_L3,S1=S2=S3,pattern_E,B_rel,S1=S2,True,1,A_dominant,S2=S3主导型,3,C3 S2_S3_dominant
WX01,无锡城区,TS,value_pattern_onset,TS_L3,S1=S2=S3,pattern_E,C_rel,S0=S1,True,0,A_dominant,S2=S3主导型,3,C3 S2_S3_dominant
WX01,无锡城区,TS,value_pattern_onset,TS_L3,S1=S2=S3,pattern_E,D_rel,S1=S3,True,0,A_dominant,S2=S3主导型,3,C3 S2_S3_dominant
WX01,无锡城区,Ø,value_pattern_onset,Ø_L3,S1=S3 [越级],pattern_D,A_rel,S2=S3,True,0,A_dominant,S2=S3主导型,3,C3 S2_S3_dominant
WX01,无锡城区,Ø,value_pattern_onset,Ø_L3,S1=S3 [越级],pattern_D,B_rel,S1=S2,True,0,A_dominant,S2=S3主导型,3,C3 S2_S3_dominant
WX01,无锡城区,Ø,value_pattern_onset,Ø_L3,S1=S3 [越级],pattern_D,C_rel,S0=S1,True,0,A_dominant,S2=S3主导型,3,C3 S2_S3_dominant
WX01,无锡城区,Ø,value_pattern_onset,Ø_L3,S1=S3 [越级],pattern_D,D_rel,S1=S3,True,1,A_dominant,S2=S3主导型,3,C3 S2_S3_dominant
WX02,吴县光福镇,N,special_merge_onset,N_Status,合流,merge,A_rel,S2=S3,True,1,A_dominant,S2=S3主导型,3,C3 S2_S3_dominant
WX02,吴县光福镇,N,special_merge_onset,N_Status,合流,merge,B_rel,S1=S2,False,,A_dominant,S2=S3主导型,3,C3 S2_S3_dominant
WX02,吴县光福镇,N,special_merge_onset,N_Status,合流,merge,C_rel,S0=S1,False,,A_dominant,S2=S3主导型,3,C3 S2_S3_dominant
WX02,吴县光福镇,N,special_merge_onset,N_Status,合流,merge,D_rel,S1=S3,False,,A_dominant,S2=S3主导型,3,C3 S2_S3_dominant
WX02,吴县光福镇,T,special_merge_onset,T_Status,合流,merge,A_rel,S2=S3,True,1,A_dominant,S2=S3主导型,3,C3 S2_S3_dominant
WX02,吴县光福镇,T,special_merge_onset,T_Status,合流,merge,B_rel,S1=S2,False,,A_dominant,S2=S3主导型,3,C3 S2_S3_dominant
WX02,吴县光福镇,T,special_merge_onset,T_Status,合流,merge,C_rel,S0=S1,False,,A_dominant,S2=S3主导型,3,C3 S2_S3_dominant
WX02,吴县光福镇,T,special_merge_onset,T_Status,合流,merge,D_rel,S1=S3,False,,A_dominant,S2=S3主导型,3,C3 S2_S3_dominant
WX02,吴县光福镇,K,value_pattern_onset,K_L3,S0=S1，S2=S3,pattern_F,A_rel,S2=S3,True,1,A_dominant,S2=S3主导型,3,C3 S2_S3_dominant
WX02,吴县光福镇,K,value_pattern_onset,K_L3,S0=S1，S2=S3,pattern_F,B_rel,S1=S2,True,0,A_dominant,S2=S3主导型,3,C3 S2_S3_dominant
WX02,吴县光福镇,K,value_pattern_onset,K_L3,S0=S1，S2=S3,pattern_F,C_rel,S0=S1,True,1,A_dominant,S2=S3主导型,3,C3 S2_S3_dominant
WX02,吴县光福镇,K,value_pattern_onset,K_L3,S0=S1，S2=S3,pattern_F,D_rel,S1=S3,True,0,A_dominant,S2=S3主导型,3,C3 S2_S3_dominant
WX02,吴县光福镇,M,value_pattern_onset,M_L3,S1=S2=S3,pattern_E,A_rel,S2=S3,True,1,A_dominant,S2=S3主导型,3,C3 S2_S3_dominant
WX02,吴县光福镇,M,value_pattern_onset,M_L3,S1=S2=S3,pattern_E,B_rel,S1=S2,True,1,A_dominant,S2=S3主导型,3,C3 S2_S3_dominant
WX02,吴县光福镇,M,value_pattern_onset,M_L3,S1=S2=S3,pattern_E,C_rel,S0=S1,True,0,A_dominant,S2=S3主导型,3,C3 S2_S3_dominant
WX02,吴县光福镇,M,value_pattern_onset,M_L3,S1=S2=S3,pattern_E,D_rel,S1=S3,True,0,A_dominant,S2=S3主导型,3,C3 S2_S3_dominant
WX02,吴县光福镇,P,value_pattern_onset,P_L3,S2=S3,pattern_A,A_rel,S2=S3,True,1,A_dominant,S2=S3主导型,3,C3 S2_S3_dominant
WX02,吴县光福镇,P,value_pattern_onset,P_L3,S2=S3,pattern_A,B_rel,S1=S2,True,0,A_dominant,S2=S3主导型,3,C3 S2_S3_dominant
WX02,吴县光福镇,P,value_pattern_onset,P_L3,S2=S3,pattern_A,C_rel,S0=S1,True,0,A_dominant,S2=S3主导型,3,C3 S2_S3_dominant
WX02,吴县光福镇,P,value_pattern_onset,P_L3,S2=S3,pattern_A,D_rel,S1=S3,True,0,A_dominant,S2=S3主导型,3,C3 S2_S3_dominant
WX02,吴县光福镇,TS,value_pattern_onset,TS_L3,S2=S3,pattern_A,A_rel,S2=S3,True,1,A_dominant,S2=S3主导型,3,C3 S2_S3_dominant
WX02,吴县光福镇,TS,value_pattern_onset,TS_L3,S2=S3,pattern_A,B_rel,S1=S2,True,0,A_dominant,S2=S3主导型,3,C3 S2_S3_dominant
WX02,吴县光福镇,TS,value_pattern_onset,TS_L3,S2=S3,pattern_A,C_rel,S0=S1,True,0,A_dominant,S2=S3主导型,3,C3 S2_S3_dominant
WX02,吴县光福镇,TS,value_pattern_onset,TS_L3,S2=S3,pattern_A,D_rel,S1=S3,True,0,A_dominant,S2=S3主导型,3,C3 S2_S3_dominant
WX02,吴县光福镇,Ø,value_pattern_onset,Ø_L3,S2=S3,pattern_A,A_rel,S2=S3,True,1,A_dominant,S2=S3主导型,3,C3 S2_S3_dominant
WX02,吴县光福镇,Ø,value_pattern_onset,Ø_L3,S2=S3,pattern_A,B_rel,S1=S2,True,0,A_dominant,S2=S3主导型,3,C3 S2_S3_dominant
WX02,吴县光福镇,Ø,value_pattern_onset,Ø_L3,S2=S3,pattern_A,C_rel,S0=S1,True,0,A_dominant,S2=S3主导型,3,C3 S2_S3_dominant
WX02,吴县光福镇,Ø,value_pattern_onset,Ø_L3,S2=S3,pattern_A,D_rel,S1=S3,True,0,A_dominant,S2=S3主导型,3,C3 S2_S3_dominant
XC01,新昌城关,N,special_merge_onset,N_Status,合流,merge,A_rel,S2=S3,True,1,conservative_split,保守分立型,1,C1 S2_S3_dominant
XC01,新昌城关,N,special_merge_onset,N_Status,合流,merge,B_rel,S1=S2,False,,conservative_split,保守分立型,1,C1 S2_S3_dominant
XC01,新昌城关,N,special_merge_onset,N_Status,合流,merge,C_rel,S0=S1,False,,conservative_split,保守分立型,1,C1 S2_S3_dominant
XC01,新昌城关,N,special_merge_onset,N_Status,合流,merge,D_rel,S1=S3,False,,conservative_split,保守分立型,1,C1 S2_S3_dominant
XC01,新昌城关,T,special_merge_onset,T_Status,分立,split,A_rel,S2=S3,True,0,conservative_split,保守分立型,1,C1 S2_S3_dominant
XC01,新昌城关,T,special_merge_onset,T_Status,分立,split,B_rel,S1=S2,False,,conservative_split,保守分立型,1,C1 S2_S3_dominant
XC01,新昌城关,T,special_merge_onset,T_Status,分立,split,C_rel,S0=S1,False,,conservative_split,保守分立型,1,C1 S2_S3_dominant
XC01,新昌城关,T,special_merge_onset,T_Status,分立,split,D_rel,S1=S3,False,,conservative_split,保守分立型,1,C1 S2_S3_dominant
XC01,新昌城关,K,value_pattern_onset,K_L3,全对立,pattern_NONE,A_rel,S2=S3,True,0,conservative_split,保守分立型,1,C1 S2_S3_dominant
XC01,新昌城关,K,value_pattern_onset,K_L3,全对立,pattern_NONE,B_rel,S1=S2,True,0,conservative_split,保守分立型,1,C1 S2_S3_dominant
XC01,新昌城关,K,value_pattern_onset,K_L3,全对立,pattern_NONE,C_rel,S0=S1,True,0,conservative_split,保守分立型,1,C1 S2_S3_dominant
XC01,新昌城关,K,value_pattern_onset,K_L3,全对立,pattern_NONE,D_rel,S1=S3,True,0,conservative_split,保守分立型,1,C1 S2_S3_dominant
XC01,新昌城关,M,value_pattern_onset,M_L3,S2=S3,pattern_A,A_rel,S2=S3,True,1,conservative_split,保守分立型,1,C1 S2_S3_dominant
XC01,新昌城关,M,value_pattern_onset,M_L3,S2=S3,pattern_A,B_rel,S1=S2,True,0,conservative_split,保守分立型,1,C1 S2_S3_dominant
XC01,新昌城关,M,value_pattern_onset,M_L3,S2=S3,pattern_A,C_rel,S0=S1,True,0,conservative_split,保守分立型,1,C1 S2_S3_dominant
XC01,新昌城关,M,value_pattern_onset,M_L3,S2=S3,pattern_A,D_rel,S1=S3,True,0,conservative_split,保守分立型,1,C1 S2_S3_dominant
XC01,新昌城关,P,value_pattern_onset,P_L3,全对立,pattern_NONE,A_rel,S2=S3,True,0,conservative_split,保守分立型,1,C1 S2_S3_dominant
XC01,新昌城关,P,value_pattern_onset,P_L3,全对立,pattern_NONE,B_rel,S1=S2,True,0,conservative_split,保守分立型,1,C1 S2_S3_dominant
XC01,新昌城关,P,value_pattern_onset,P_L3,全对立,pattern_NONE,C_rel,S0=S1,True,0,conservative_split,保守分立型,1,C1 S2_S3_dominant
XC01,新昌城关,P,value_pattern_onset,P_L3,全对立,pattern_NONE,D_rel,S1=S3,True,0,conservative_split,保守分立型,1,C1 S2_S3_dominant
XC01,新昌城关,TS,value_pattern_onset,TS_L3,全对立,pattern_NONE,A_rel,S2=S3,True,0,conservative_split,保守分立型,1,C1 S2_S3_dominant
XC01,新昌城关,TS,value_pattern_onset,TS_L3,全对立,pattern_NONE,B_rel,S1=S2,True,0,conservative_split,保守分立型,1,C1 S2_S3_dominant
XC01,新昌城关,TS,value_pattern_onset,TS_L3,全对立,pattern_NONE,C_rel,S0=S1,True,0,conservative_split,保守分立型,1,C1 S2_S3_dominant
XC01,新昌城关,TS,value_pattern_onset,TS_L3,全对立,pattern_NONE,D_rel,S1=S3,True,0,conservative_split,保守分立型,1,C1 S2_S3_dominant
XC01,新昌城关,Ø,value_pattern_onset,Ø_L3,全对立,pattern_NONE,A_rel,S2=S3,True,0,conservative_split,保守分立型,1,C1 S2_S3_dominant
XC01,新昌城关,Ø,value_pattern_onset,Ø_L3,全对立,pattern_NONE,B_rel,S1=S2,True,0,conservative_split,保守分立型,1,C1 S2_S3_dominant
XC01,新昌城关,Ø,value_pattern_onset,Ø_L3,全对立,pattern_NONE,C_rel,S0=S1,True,0,conservative_split,保守分立型,1,C1 S2_S3_dominant
XC01,新昌城关,Ø,value_pattern_onset,Ø_L3,全对立,pattern_NONE,D_rel,S1=S3,True,0,conservative_split,保守分立型,1,C1 S2_S3_dominant
XD01,新登下港,N,special_merge_onset,N_Status,合流,merge,A_rel,S2=S3,True,1,A_dominant,S2=S3主导型,3,C3 S2_S3_dominant
XD01,新登下港,N,special_merge_onset,N_Status,合流,merge,B_rel,S1=S2,False,,A_dominant,S2=S3主导型,3,C3 S2_S3_dominant
XD01,新登下港,N,special_merge_onset,N_Status,合流,merge,C_rel,S0=S1,False,,A_dominant,S2=S3主导型,3,C3 S2_S3_dominant
XD01,新登下港,N,special_merge_onset,N_Status,合流,merge,D_rel,S1=S3,False,,A_dominant,S2=S3主导型,3,C3 S2_S3_dominant
XD01,新登下港,T,special_merge_onset,T_Status,合流,merge,A_rel,S2=S3,True,1,A_dominant,S2=S3主导型,3,C3 S2_S3_dominant
XD01,新登下港,T,special_merge_onset,T_Status,合流,merge,B_rel,S1=S2,False,,A_dominant,S2=S3主导型,3,C3 S2_S3_dominant
XD01,新登下港,T,special_merge_onset,T_Status,合流,merge,C_rel,S0=S1,False,,A_dominant,S2=S3主导型,3,C3 S2_S3_dominant
XD01,新登下港,T,special_merge_onset,T_Status,合流,merge,D_rel,S1=S3,False,,A_dominant,S2=S3主导型,3,C3 S2_S3_dominant
XD01,新登下港,K,value_pattern_onset,K_L3,S2=S3,pattern_A,A_rel,S2=S3,True,1,A_dominant,S2=S3主导型,3,C3 S2_S3_dominant
XD01,新登下港,K,value_pattern_onset,K_L3,S2=S3,pattern_A,B_rel,S1=S2,True,0,A_dominant,S2=S3主导型,3,C3 S2_S3_dominant
XD01,新登下港,K,value_pattern_onset,K_L3,S2=S3,pattern_A,C_rel,S0=S1,True,0,A_dominant,S2=S3主导型,3,C3 S2_S3_dominant
XD01,新登下港,K,value_pattern_onset,K_L3,S2=S3,pattern_A,D_rel,S1=S3,True,0,A_dominant,S2=S3主导型,3,C3 S2_S3_dominant
XD01,新登下港,M,value_pattern_onset,M_L3,S2=S3,pattern_A,A_rel,S2=S3,True,1,A_dominant,S2=S3主导型,3,C3 S2_S3_dominant
XD01,新登下港,M,value_pattern_onset,M_L3,S2=S3,pattern_A,B_rel,S1=S2,True,0,A_dominant,S2=S3主导型,3,C3 S2_S3_dominant
XD01,新登下港,M,value_pattern_onset,M_L3,S2=S3,pattern_A,C_rel,S0=S1,True,0,A_dominant,S2=S3主导型,3,C3 S2_S3_dominant
XD01,新登下港,M,value_pattern_onset,M_L3,S2=S3,pattern_A,D_rel,S1=S3,True,0,A_dominant,S2=S3主导型,3,C3 S2_S3_dominant
XD01,新登下港,P,value_pattern_onset,P_L3,S2=S3,pattern_A,A_rel,S2=S3,True,1,A_dominant,S2=S3主导型,3,C3 S2_S3_dominant
XD01,新登下港,P,value_pattern_onset,P_L3,S2=S3,pattern_A,B_rel,S1=S2,True,0,A_dominant,S2=S3主导型,3,C3 S2_S3_dominant
XD01,新登下港,P,value_pattern_onset,P_L3,S2=S3,pattern_A,C_rel,S0=S1,True,0,A_dominant,S2=S3主导型,3,C3 S2_S3_dominant
XD01,新登下港,P,value_pattern_onset,P_L3,S2=S3,pattern_A,D_rel,S1=S3,True,0,A_dominant,S2=S3主导型,3,C3 S2_S3_dominant
XD01,新登下港,TS,value_pattern_onset,TS_L3,S2=S3,pattern_A,A_rel,S2=S3,True,1,A_dominant,S2=S3主导型,3,C3 S2_S3_dominant
XD01,新登下港,TS,value_pattern_onset,TS_L3,S2=S3,pattern_A,B_rel,S1=S2,True,0,A_dominant,S2=S3主导型,3,C3 S2_S3_dominant
XD01,新登下港,TS,value_pattern_onset,TS_L3,S2=S3,pattern_A,C_rel,S0=S1,True,0,A_dominant,S2=S3主导型,3,C3 S2_S3_dominant
XD01,新登下港,TS,value_pattern_onset,TS_L3,S2=S3,pattern_A,D_rel,S1=S3,True,0,A_dominant,S2=S3主导型,3,C3 S2_S3_dominant
XD01,新登下港,Ø,value_pattern_onset,Ø_L3,S2=S3,pattern_A,A_rel,S2=S3,True,1,A_dominant,S2=S3主导型,3,C3 S2_S3_dominant
XD01,新登下港,Ø,value_pattern_onset,Ø_L3,S2=S3,pattern_A,B_rel,S1=S2,True,0,A_dominant,S2=S3主导型,3,C3 S2_S3_dominant
XD01,新登下港,Ø,value_pattern_onset,Ø_L3,S2=S3,pattern_A,C_rel,S0=S1,True,0,A_dominant,S2=S3主导型,3,C3 S2_S3_dominant
XD01,新登下港,Ø,value_pattern_onset,Ø_L3,S2=S3,pattern_A,D_rel,S1=S3,True,0,A_dominant,S2=S3主导型,3,C3 S2_S3_dominant
XH02,萧山城厢,N,special_merge_onset,N_Status,合流,merge,A_rel,S2=S3,True,1,B_dominant,S1=S2主导型,2,C2 S1_S2_dominant
XH02,萧山城厢,N,special_merge_onset,N_Status,合流,merge,B_rel,S1=S2,False,,B_dominant,S1=S2主导型,2,C2 S1_S2_dominant
XH02,萧山城厢,N,special_merge_onset,N_Status,合流,merge,C_rel,S0=S1,False,,B_dominant,S1=S2主导型,2,C2 S1_S2_dominant
XH02,萧山城厢,N,special_merge_onset,N_Status,合流,merge,D_rel,S1=S3,False,,B_dominant,S1=S2主导型,2,C2 S1_S2_dominant
XH02,萧山城厢,T,special_merge_onset,T_Status,分立,split,A_rel,S2=S3,True,0,B_dominant,S1=S2主导型,2,C2 S1_S2_dominant
XH02,萧山城厢,T,special_merge_onset,T_Status,分立,split,B_rel,S1=S2,False,,B_dominant,S1=S2主导型,2,C2 S1_S2_dominant
XH02,萧山城厢,T,special_merge_onset,T_Status,分立,split,C_rel,S0=S1,False,,B_dominant,S1=S2主导型,2,C2 S1_S2_dominant
XH02,萧山城厢,T,special_merge_onset,T_Status,分立,split,D_rel,S1=S3,False,,B_dominant,S1=S2主导型,2,C2 S1_S2_dominant
XH02,萧山城厢,K,value_pattern_onset,K_L3,S1=S2,pattern_B,A_rel,S2=S3,True,0,B_dominant,S1=S2主导型,2,C2 S1_S2_dominant
XH02,萧山城厢,K,value_pattern_onset,K_L3,S1=S2,pattern_B,B_rel,S1=S2,True,1,B_dominant,S1=S2主导型,2,C2 S1_S2_dominant
XH02,萧山城厢,K,value_pattern_onset,K_L3,S1=S2,pattern_B,C_rel,S0=S1,True,0,B_dominant,S1=S2主导型,2,C2 S1_S2_dominant
XH02,萧山城厢,K,value_pattern_onset,K_L3,S1=S2,pattern_B,D_rel,S1=S3,True,0,B_dominant,S1=S2主导型,2,C2 S1_S2_dominant
XH02,萧山城厢,M,value_pattern_onset,M_L3,S1=S2=S3,pattern_E,A_rel,S2=S3,True,1,B_dominant,S1=S2主导型,2,C2 S1_S2_dominant
XH02,萧山城厢,M,value_pattern_onset,M_L3,S1=S2=S3,pattern_E,B_rel,S1=S2,True,1,B_dominant,S1=S2主导型,2,C2 S1_S2_dominant
XH02,萧山城厢,M,value_pattern_onset,M_L3,S1=S2=S3,pattern_E,C_rel,S0=S1,True,0,B_dominant,S1=S2主导型,2,C2 S1_S2_dominant
XH02,萧山城厢,M,value_pattern_onset,M_L3,S1=S2=S3,pattern_E,D_rel,S1=S3,True,0,B_dominant,S1=S2主导型,2,C2 S1_S2_dominant
XH02,萧山城厢,P,value_pattern_onset,P_L3,S1=S2,pattern_B,A_rel,S2=S3,True,0,B_dominant,S1=S2主导型,2,C2 S1_S2_dominant
XH02,萧山城厢,P,value_pattern_onset,P_L3,S1=S2,pattern_B,B_rel,S1=S2,True,1,B_dominant,S1=S2主导型,2,C2 S1_S2_dominant
XH02,萧山城厢,P,value_pattern_onset,P_L3,S1=S2,pattern_B,C_rel,S0=S1,True,0,B_dominant,S1=S2主导型,2,C2 S1_S2_dominant
XH02,萧山城厢,P,value_pattern_onset,P_L3,S1=S2,pattern_B,D_rel,S1=S3,True,0,B_dominant,S1=S2主导型,2,C2 S1_S2_dominant
XH02,萧山城厢,TS,value_pattern_onset,TS_L3,S1=S2,pattern_B,A_rel,S2=S3,True,0,B_dominant,S1=S2主导型,2,C2 S1_S2_dominant
XH02,萧山城厢,TS,value_pattern_onset,TS_L3,S1=S2,pattern_B,B_rel,S1=S2,True,1,B_dominant,S1=S2主导型,2,C2 S1_S2_dominant
XH02,萧山城厢,TS,value_pattern_onset,TS_L3,S1=S2,pattern_B,C_rel,S0=S1,True,0,B_dominant,S1=S2主导型,2,C2 S1_S2_dominant
XH02,萧山城厢,TS,value_pattern_onset,TS_L3,S1=S2,pattern_B,D_rel,S1=S3,True,0,B_dominant,S1=S2主导型,2,C2 S1_S2_dominant
XH02,萧山城厢,Ø,value_pattern_onset,Ø_L3,S1=S2,pattern_B,A_rel,S2=S3,True,0,B_dominant,S1=S2主导型,2,C2 S1_S2_dominant
XH02,萧山城厢,Ø,value_pattern_onset,Ø_L3,S1=S2,pattern_B,B_rel,S1=S2,True,1,B_dominant,S1=S2主导型,2,C2 S1_S2_dominant
XH02,萧山城厢,Ø,value_pattern_onset,Ø_L3,S1=S2,pattern_B,C_rel,S0=S1,True,0,B_dominant,S1=S2主导型,2,C2 S1_S2_dominant
XH02,萧山城厢,Ø,value_pattern_onset,Ø_L3,S1=S2,pattern_B,D_rel,S1=S3,True,0,B_dominant,S1=S2主导型,2,C2 S1_S2_dominant
XS01,象山丹城,N,special_merge_onset,N_Status,合流,merge,A_rel,S2=S3,True,1,B_dominant,S1=S2主导型,2,C2 S1_S2_dominant
XS01,象山丹城,N,special_merge_onset,N_Status,合流,merge,B_rel,S1=S2,False,,B_dominant,S1=S2主导型,2,C2 S1_S2_dominant
XS01,象山丹城,N,special_merge_onset,N_Status,合流,merge,C_rel,S0=S1,False,,B_dominant,S1=S2主导型,2,C2 S1_S2_dominant
XS01,象山丹城,N,special_merge_onset,N_Status,合流,merge,D_rel,S1=S3,False,,B_dominant,S1=S2主导型,2,C2 S1_S2_dominant
XS01,象山丹城,T,special_merge_onset,T_Status,分立,split,A_rel,S2=S3,True,0,B_dominant,S1=S2主导型,2,C2 S1_S2_dominant
XS01,象山丹城,T,special_merge_onset,T_Status,分立,split,B_rel,S1=S2,False,,B_dominant,S1=S2主导型,2,C2 S1_S2_dominant
XS01,象山丹城,T,special_merge_onset,T_Status,分立,split,C_rel,S0=S1,False,,B_dominant,S1=S2主导型,2,C2 S1_S2_dominant
XS01,象山丹城,T,special_merge_onset,T_Status,分立,split,D_rel,S1=S3,False,,B_dominant,S1=S2主导型,2,C2 S1_S2_dominant
XS01,象山丹城,K,value_pattern_onset,K_L3,S1=S2,pattern_B,A_rel,S2=S3,True,0,B_dominant,S1=S2主导型,2,C2 S1_S2_dominant
XS01,象山丹城,K,value_pattern_onset,K_L3,S1=S2,pattern_B,B_rel,S1=S2,True,1,B_dominant,S1=S2主导型,2,C2 S1_S2_dominant
XS01,象山丹城,K,value_pattern_onset,K_L3,S1=S2,pattern_B,C_rel,S0=S1,True,0,B_dominant,S1=S2主导型,2,C2 S1_S2_dominant
XS01,象山丹城,K,value_pattern_onset,K_L3,S1=S2,pattern_B,D_rel,S1=S3,True,0,B_dominant,S1=S2主导型,2,C2 S1_S2_dominant
XS01,象山丹城,M,value_pattern_onset,M_L3,S1=S2=S3,pattern_E,A_rel,S2=S3,True,1,B_dominant,S1=S2主导型,2,C2 S1_S2_dominant
XS01,象山丹城,M,value_pattern_onset,M_L3,S1=S2=S3,pattern_E,B_rel,S1=S2,True,1,B_dominant,S1=S2主导型,2,C2 S1_S2_dominant
XS01,象山丹城,M,value_pattern_onset,M_L3,S1=S2=S3,pattern_E,C_rel,S0=S1,True,0,B_dominant,S1=S2主导型,2,C2 S1_S2_dominant
XS01,象山丹城,M,value_pattern_onset,M_L3,S1=S2=S3,pattern_E,D_rel,S1=S3,True,0,B_dominant,S1=S2主导型,2,C2 S1_S2_dominant
XS01,象山丹城,P,value_pattern_onset,P_L3,S1=S2,pattern_B,A_rel,S2=S3,True,0,B_dominant,S1=S2主导型,2,C2 S1_S2_dominant
XS01,象山丹城,P,value_pattern_onset,P_L3,S1=S2,pattern_B,B_rel,S1=S2,True,1,B_dominant,S1=S2主导型,2,C2 S1_S2_dominant
XS01,象山丹城,P,value_pattern_onset,P_L3,S1=S2,pattern_B,C_rel,S0=S1,True,0,B_dominant,S1=S2主导型,2,C2 S1_S2_dominant
XS01,象山丹城,P,value_pattern_onset,P_L3,S1=S2,pattern_B,D_rel,S1=S3,True,0,B_dominant,S1=S2主导型,2,C2 S1_S2_dominant
XS01,象山丹城,TS,value_pattern_onset,TS_L3,S1=S2,pattern_B,A_rel,S2=S3,True,0,B_dominant,S1=S2主导型,2,C2 S1_S2_dominant
XS01,象山丹城,TS,value_pattern_onset,TS_L3,S1=S2,pattern_B,B_rel,S1=S2,True,1,B_dominant,S1=S2主导型,2,C2 S1_S2_dominant
XS01,象山丹城,TS,value_pattern_onset,TS_L3,S1=S2,pattern_B,C_rel,S0=S1,True,0,B_dominant,S1=S2主导型,2,C2 S1_S2_dominant
XS01,象山丹城,TS,value_pattern_onset,TS_L3,S1=S2,pattern_B,D_rel,S1=S3,True,0,B_dominant,S1=S2主导型,2,C2 S1_S2_dominant
XS01,象山丹城,Ø,value_pattern_onset,Ø_L3,S1=S2,pattern_B,A_rel,S2=S3,True,0,B_dominant,S1=S2主导型,2,C2 S1_S2_dominant
XS01,象山丹城,Ø,value_pattern_onset,Ø_L3,S1=S2,pattern_B,B_rel,S1=S2,True,1,B_dominant,S1=S2主导型,2,C2 S1_S2_dominant
XS01,象山丹城,Ø,value_pattern_onset,Ø_L3,S1=S2,pattern_B,C_rel,S0=S1,True,0,B_dominant,S1=S2主导型,2,C2 S1_S2_dominant
XS01,象山丹城,Ø,value_pattern_onset,Ø_L3,S1=S2,pattern_B,D_rel,S1=S3,True,0,B_dominant,S1=S2主导型,2,C2 S1_S2_dominant
XS03,萧山南阳镇,N,special_merge_onset,N_Status,合流,merge,A_rel,S2=S3,True,1,B_dominant,S1=S2主导型,2,C2 S1_S2_dominant
XS03,萧山南阳镇,N,special_merge_onset,N_Status,合流,merge,B_rel,S1=S2,False,,B_dominant,S1=S2主导型,2,C2 S1_S2_dominant
XS03,萧山南阳镇,N,special_merge_onset,N_Status,合流,merge,C_rel,S0=S1,False,,B_dominant,S1=S2主导型,2,C2 S1_S2_dominant
XS03,萧山南阳镇,N,special_merge_onset,N_Status,合流,merge,D_rel,S1=S3,False,,B_dominant,S1=S2主导型,2,C2 S1_S2_dominant
XS03,萧山南阳镇,T,special_merge_onset,T_Status,分立,split,A_rel,S2=S3,True,0,B_dominant,S1=S2主导型,2,C2 S1_S2_dominant
XS03,萧山南阳镇,T,special_merge_onset,T_Status,分立,split,B_rel,S1=S2,False,,B_dominant,S1=S2主导型,2,C2 S1_S2_dominant
XS03,萧山南阳镇,T,special_merge_onset,T_Status,分立,split,C_rel,S0=S1,False,,B_dominant,S1=S2主导型,2,C2 S1_S2_dominant
XS03,萧山南阳镇,T,special_merge_onset,T_Status,分立,split,D_rel,S1=S3,False,,B_dominant,S1=S2主导型,2,C2 S1_S2_dominant
XS03,萧山南阳镇,K,value_pattern_onset,K_L3,S1=S2,pattern_B,A_rel,S2=S3,True,0,B_dominant,S1=S2主导型,2,C2 S1_S2_dominant
XS03,萧山南阳镇,K,value_pattern_onset,K_L3,S1=S2,pattern_B,B_rel,S1=S2,True,1,B_dominant,S1=S2主导型,2,C2 S1_S2_dominant
XS03,萧山南阳镇,K,value_pattern_onset,K_L3,S1=S2,pattern_B,C_rel,S0=S1,True,0,B_dominant,S1=S2主导型,2,C2 S1_S2_dominant
XS03,萧山南阳镇,K,value_pattern_onset,K_L3,S1=S2,pattern_B,D_rel,S1=S3,True,0,B_dominant,S1=S2主导型,2,C2 S1_S2_dominant
XS03,萧山南阳镇,M,value_pattern_onset,M_L3,S1=S2=S3,pattern_E,A_rel,S2=S3,True,1,B_dominant,S1=S2主导型,2,C2 S1_S2_dominant
XS03,萧山南阳镇,M,value_pattern_onset,M_L3,S1=S2=S3,pattern_E,B_rel,S1=S2,True,1,B_dominant,S1=S2主导型,2,C2 S1_S2_dominant
XS03,萧山南阳镇,M,value_pattern_onset,M_L3,S1=S2=S3,pattern_E,C_rel,S0=S1,True,0,B_dominant,S1=S2主导型,2,C2 S1_S2_dominant
XS03,萧山南阳镇,M,value_pattern_onset,M_L3,S1=S2=S3,pattern_E,D_rel,S1=S3,True,0,B_dominant,S1=S2主导型,2,C2 S1_S2_dominant
XS03,萧山南阳镇,P,value_pattern_onset,P_L3,S1=S2,pattern_B,A_rel,S2=S3,True,0,B_dominant,S1=S2主导型,2,C2 S1_S2_dominant
XS03,萧山南阳镇,P,value_pattern_onset,P_L3,S1=S2,pattern_B,B_rel,S1=S2,True,1,B_dominant,S1=S2主导型,2,C2 S1_S2_dominant
XS03,萧山南阳镇,P,value_pattern_onset,P_L3,S1=S2,pattern_B,C_rel,S0=S1,True,0,B_dominant,S1=S2主导型,2,C2 S1_S2_dominant
XS03,萧山南阳镇,P,value_pattern_onset,P_L3,S1=S2,pattern_B,D_rel,S1=S3,True,0,B_dominant,S1=S2主导型,2,C2 S1_S2_dominant
XS03,萧山南阳镇,TS,value_pattern_onset,TS_L3,S1=S2,pattern_B,A_rel,S2=S3,True,0,B_dominant,S1=S2主导型,2,C2 S1_S2_dominant
XS03,萧山南阳镇,TS,value_pattern_onset,TS_L3,S1=S2,pattern_B,B_rel,S1=S2,True,1,B_dominant,S1=S2主导型,2,C2 S1_S2_dominant
XS03,萧山南阳镇,TS,value_pattern_onset,TS_L3,S1=S2,pattern_B,C_rel,S0=S1,True,0,B_dominant,S1=S2主导型,2,C2 S1_S2_dominant
XS03,萧山南阳镇,TS,value_pattern_onset,TS_L3,S1=S2,pattern_B,D_rel,S1=S3,True,0,B_dominant,S1=S2主导型,2,C2 S1_S2_dominant
XS03,萧山南阳镇,Ø,value_pattern_onset,Ø_L3,S1=S2,pattern_B,A_rel,S2=S3,True,0,B_dominant,S1=S2主导型,2,C2 S1_S2_dominant
XS03,萧山南阳镇,Ø,value_pattern_onset,Ø_L3,S1=S2,pattern_B,B_rel,S1=S2,True,1,B_dominant,S1=S2主导型,2,C2 S1_S2_dominant
XS03,萧山南阳镇,Ø,value_pattern_onset,Ø_L3,S1=S2,pattern_B,C_rel,S0=S1,True,0,B_dominant,S1=S2主导型,2,C2 S1_S2_dominant
XS03,萧山南阳镇,Ø,value_pattern_onset,Ø_L3,S1=S2,pattern_B,D_rel,S1=S3,True,0,B_dominant,S1=S2主导型,2,C2 S1_S2_dominant
XZ01,莘庄,N,special_merge_onset,N_Status,合流,merge,A_rel,S2=S3,True,1,A_dominant,S2=S3主导型,3,C3 S2_S3_dominant
XZ01,莘庄,N,special_merge_onset,N_Status,合流,merge,B_rel,S1=S2,False,,A_dominant,S2=S3主导型,3,C3 S2_S3_dominant
XZ01,莘庄,N,special_merge_onset,N_Status,合流,merge,C_rel,S0=S1,False,,A_dominant,S2=S3主导型,3,C3 S2_S3_dominant
XZ01,莘庄,N,special_merge_onset,N_Status,合流,merge,D_rel,S1=S3,False,,A_dominant,S2=S3主导型,3,C3 S2_S3_dominant
XZ01,莘庄,T,special_merge_onset,T_Status,合流,merge,A_rel,S2=S3,True,1,A_dominant,S2=S3主导型,3,C3 S2_S3_dominant
XZ01,莘庄,T,special_merge_onset,T_Status,合流,merge,B_rel,S1=S2,False,,A_dominant,S2=S3主导型,3,C3 S2_S3_dominant
XZ01,莘庄,T,special_merge_onset,T_Status,合流,merge,C_rel,S0=S1,False,,A_dominant,S2=S3主导型,3,C3 S2_S3_dominant
XZ01,莘庄,T,special_merge_onset,T_Status,合流,merge,D_rel,S1=S3,False,,A_dominant,S2=S3主导型,3,C3 S2_S3_dominant
XZ01,莘庄,K,value_pattern_onset,K_L3,S0=S1，S2=S3,pattern_F,A_rel,S2=S3,True,1,A_dominant,S2=S3主导型,3,C3 S2_S3_dominant
XZ01,莘庄,K,value_pattern_onset,K_L3,S0=S1，S2=S3,pattern_F,B_rel,S1=S2,True,0,A_dominant,S2=S3主导型,3,C3 S2_S3_dominant
XZ01,莘庄,K,value_pattern_onset,K_L3,S0=S1，S2=S3,pattern_F,C_rel,S0=S1,True,1,A_dominant,S2=S3主导型,3,C3 S2_S3_dominant
XZ01,莘庄,K,value_pattern_onset,K_L3,S0=S1，S2=S3,pattern_F,D_rel,S1=S3,True,0,A_dominant,S2=S3主导型,3,C3 S2_S3_dominant
XZ01,莘庄,M,value_pattern_onset,M_L3,S1=S2=S3,pattern_E,A_rel,S2=S3,True,1,A_dominant,S2=S3主导型,3,C3 S2_S3_dominant
XZ01,莘庄,M,value_pattern_onset,M_L3,S1=S2=S3,pattern_E,B_rel,S1=S2,True,1,A_dominant,S2=S3主导型,3,C3 S2_S3_dominant
XZ01,莘庄,M,value_pattern_onset,M_L3,S1=S2=S3,pattern_E,C_rel,S0=S1,True,0,A_dominant,S2=S3主导型,3,C3 S2_S3_dominant
XZ01,莘庄,M,value_pattern_onset,M_L3,S1=S2=S3,pattern_E,D_rel,S1=S3,True,0,A_dominant,S2=S3主导型,3,C3 S2_S3_dominant
XZ01,莘庄,P,value_pattern_onset,P_L3,S2=S3,pattern_A,A_rel,S2=S3,True,1,A_dominant,S2=S3主导型,3,C3 S2_S3_dominant
XZ01,莘庄,P,value_pattern_onset,P_L3,S2=S3,pattern_A,B_rel,S1=S2,True,0,A_dominant,S2=S3主导型,3,C3 S2_S3_dominant
XZ01,莘庄,P,value_pattern_onset,P_L3,S2=S3,pattern_A,C_rel,S0=S1,True,0,A_dominant,S2=S3主导型,3,C3 S2_S3_dominant
XZ01,莘庄,P,value_pattern_onset,P_L3,S2=S3,pattern_A,D_rel,S1=S3,True,0,A_dominant,S2=S3主导型,3,C3 S2_S3_dominant
XZ01,莘庄,TS,value_pattern_onset,TS_L3,S2=S3,pattern_A,A_rel,S2=S3,True,1,A_dominant,S2=S3主导型,3,C3 S2_S3_dominant
XZ01,莘庄,TS,value_pattern_onset,TS_L3,S2=S3,pattern_A,B_rel,S1=S2,True,0,A_dominant,S2=S3主导型,3,C3 S2_S3_dominant
XZ01,莘庄,TS,value_pattern_onset,TS_L3,S2=S3,pattern_A,C_rel,S0=S1,True,0,A_dominant,S2=S3主导型,3,C3 S2_S3_dominant
XZ01,莘庄,TS,value_pattern_onset,TS_L3,S2=S3,pattern_A,D_rel,S1=S3,True,0,A_dominant,S2=S3主导型,3,C3 S2_S3_dominant
XZ01,莘庄,Ø,value_pattern_onset,Ø_L3,S2=S3,pattern_A,A_rel,S2=S3,True,1,A_dominant,S2=S3主导型,3,C3 S2_S3_dominant
XZ01,莘庄,Ø,value_pattern_onset,Ø_L3,S2=S3,pattern_A,B_rel,S1=S2,True,0,A_dominant,S2=S3主导型,3,C3 S2_S3_dominant
XZ01,莘庄,Ø,value_pattern_onset,Ø_L3,S2=S3,pattern_A,C_rel,S0=S1,True,0,A_dominant,S2=S3主导型,3,C3 S2_S3_dominant
XZ01,莘庄,Ø,value_pattern_onset,Ø_L3,S2=S3,pattern_A,D_rel,S1=S3,True,0,A_dominant,S2=S3主导型,3,C3 S2_S3_dominant
YQ01,於潜,N,special_merge_onset,N_Status,合流,merge,A_rel,S2=S3,True,1,A_dominant,S2=S3主导型,3,C3 S2_S3_dominant
YQ01,於潜,N,special_merge_onset,N_Status,合流,merge,B_rel,S1=S2,False,,A_dominant,S2=S3主导型,3,C3 S2_S3_dominant
YQ01,於潜,N,special_merge_onset,N_Status,合流,merge,C_rel,S0=S1,False,,A_dominant,S2=S3主导型,3,C3 S2_S3_dominant
YQ01,於潜,N,special_merge_onset,N_Status,合流,merge,D_rel,S1=S3,False,,A_dominant,S2=S3主导型,3,C3 S2_S3_dominant
YQ01,於潜,T,special_merge_onset,T_Status,合流,merge,A_rel,S2=S3,True,1,A_dominant,S2=S3主导型,3,C3 S2_S3_dominant
YQ01,於潜,T,special_merge_onset,T_Status,合流,merge,B_rel,S1=S2,False,,A_dominant,S2=S3主导型,3,C3 S2_S3_dominant
YQ01,於潜,T,special_merge_onset,T_Status,合流,merge,C_rel,S0=S1,False,,A_dominant,S2=S3主导型,3,C3 S2_S3_dominant
YQ01,於潜,T,special_merge_onset,T_Status,合流,merge,D_rel,S1=S3,False,,A_dominant,S2=S3主导型,3,C3 S2_S3_dominant
YQ01,於潜,K,value_pattern_onset,K_L3,S2=S3,pattern_A,A_rel,S2=S3,True,1,A_dominant,S2=S3主导型,3,C3 S2_S3_dominant
YQ01,於潜,K,value_pattern_onset,K_L3,S2=S3,pattern_A,B_rel,S1=S2,True,0,A_dominant,S2=S3主导型,3,C3 S2_S3_dominant
YQ01,於潜,K,value_pattern_onset,K_L3,S2=S3,pattern_A,C_rel,S0=S1,True,0,A_dominant,S2=S3主导型,3,C3 S2_S3_dominant
YQ01,於潜,K,value_pattern_onset,K_L3,S2=S3,pattern_A,D_rel,S1=S3,True,0,A_dominant,S2=S3主导型,3,C3 S2_S3_dominant
YQ01,於潜,M,value_pattern_onset,M_L3,S2=S3,pattern_A,A_rel,S2=S3,True,1,A_dominant,S2=S3主导型,3,C3 S2_S3_dominant
YQ01,於潜,M,value_pattern_onset,M_L3,S2=S3,pattern_A,B_rel,S1=S2,True,0,A_dominant,S2=S3主导型,3,C3 S2_S3_dominant
YQ01,於潜,M,value_pattern_onset,M_L3,S2=S3,pattern_A,C_rel,S0=S1,True,0,A_dominant,S2=S3主导型,3,C3 S2_S3_dominant
YQ01,於潜,M,value_pattern_onset,M_L3,S2=S3,pattern_A,D_rel,S1=S3,True,0,A_dominant,S2=S3主导型,3,C3 S2_S3_dominant
YQ01,於潜,P,value_pattern_onset,P_L3,S2=S3,pattern_A,A_rel,S2=S3,True,1,A_dominant,S2=S3主导型,3,C3 S2_S3_dominant
YQ01,於潜,P,value_pattern_onset,P_L3,S2=S3,pattern_A,B_rel,S1=S2,True,0,A_dominant,S2=S3主导型,3,C3 S2_S3_dominant
YQ01,於潜,P,value_pattern_onset,P_L3,S2=S3,pattern_A,C_rel,S0=S1,True,0,A_dominant,S2=S3主导型,3,C3 S2_S3_dominant
YQ01,於潜,P,value_pattern_onset,P_L3,S2=S3,pattern_A,D_rel,S1=S3,True,0,A_dominant,S2=S3主导型,3,C3 S2_S3_dominant
YQ01,於潜,TS,value_pattern_onset,TS_L3,S2=S3,pattern_A,A_rel,S2=S3,True,1,A_dominant,S2=S3主导型,3,C3 S2_S3_dominant
YQ01,於潜,TS,value_pattern_onset,TS_L3,S2=S3,pattern_A,B_rel,S1=S2,True,0,A_dominant,S2=S3主导型,3,C3 S2_S3_dominant
YQ01,於潜,TS,value_pattern_onset,TS_L3,S2=S3,pattern_A,C_rel,S0=S1,True,0,A_dominant,S2=S3主导型,3,C3 S2_S3_dominant
YQ01,於潜,TS,value_pattern_onset,TS_L3,S2=S3,pattern_A,D_rel,S1=S3,True,0,A_dominant,S2=S3主导型,3,C3 S2_S3_dominant
YQ01,於潜,Ø,value_pattern_onset,Ø_L3,S2=S3,pattern_A,A_rel,S2=S3,True,1,A_dominant,S2=S3主导型,3,C3 S2_S3_dominant
YQ01,於潜,Ø,value_pattern_onset,Ø_L3,S2=S3,pattern_A,B_rel,S1=S2,True,0,A_dominant,S2=S3主导型,3,C3 S2_S3_dominant
YQ01,於潜,Ø,value_pattern_onset,Ø_L3,S2=S3,pattern_A,C_rel,S0=S1,True,0,A_dominant,S2=S3主导型,3,C3 S2_S3_dominant
YQ01,於潜,Ø,value_pattern_onset,Ø_L3,S2=S3,pattern_A,D_rel,S1=S3,True,0,A_dominant,S2=S3主导型,3,C3 S2_S3_dominant
YX01,宜兴,N,special_merge_onset,N_Status,分立,split,A_rel,S2=S3,True,0,conservative_split,保守分立型,1,C1 S2_S3_dominant
YX01,宜兴,N,special_merge_onset,N_Status,分立,split,B_rel,S1=S2,False,,conservative_split,保守分立型,1,C1 S2_S3_dominant
YX01,宜兴,N,special_merge_onset,N_Status,分立,split,C_rel,S0=S1,False,,conservative_split,保守分立型,1,C1 S2_S3_dominant
YX01,宜兴,N,special_merge_onset,N_Status,分立,split,D_rel,S1=S3,False,,conservative_split,保守分立型,1,C1 S2_S3_dominant
YX01,宜兴,T,special_merge_onset,T_Status,分立,split,A_rel,S2=S3,True,0,conservative_split,保守分立型,1,C1 S2_S3_dominant
YX01,宜兴,T,special_merge_onset,T_Status,分立,split,B_rel,S1=S2,False,,conservative_split,保守分立型,1,C1 S2_S3_dominant
YX01,宜兴,T,special_merge_onset,T_Status,分立,split,C_rel,S0=S1,False,,conservative_split,保守分立型,1,C1 S2_S3_dominant
YX01,宜兴,T,special_merge_onset,T_Status,分立,split,D_rel,S1=S3,False,,conservative_split,保守分立型,1,C1 S2_S3_dominant
YX01,宜兴,K,value_pattern_onset,K_L3,全对立,pattern_NONE,A_rel,S2=S3,True,0,conservative_split,保守分立型,1,C1 S2_S3_dominant
YX01,宜兴,K,value_pattern_onset,K_L3,全对立,pattern_NONE,B_rel,S1=S2,True,0,conservative_split,保守分立型,1,C1 S2_S3_dominant
YX01,宜兴,K,value_pattern_onset,K_L3,全对立,pattern_NONE,C_rel,S0=S1,True,0,conservative_split,保守分立型,1,C1 S2_S3_dominant
YX01,宜兴,K,value_pattern_onset,K_L3,全对立,pattern_NONE,D_rel,S1=S3,True,0,conservative_split,保守分立型,1,C1 S2_S3_dominant
YX01,宜兴,M,value_pattern_onset,M_L3,全对立,pattern_NONE,A_rel,S2=S3,True,0,conservative_split,保守分立型,1,C1 S2_S3_dominant
YX01,宜兴,M,value_pattern_onset,M_L3,全对立,pattern_NONE,B_rel,S1=S2,True,0,conservative_split,保守分立型,1,C1 S2_S3_dominant
YX01,宜兴,M,value_pattern_onset,M_L3,全对立,pattern_NONE,C_rel,S0=S1,True,0,conservative_split,保守分立型,1,C1 S2_S3_dominant
YX01,宜兴,M,value_pattern_onset,M_L3,全对立,pattern_NONE,D_rel,S1=S3,True,0,conservative_split,保守分立型,1,C1 S2_S3_dominant
YX01,宜兴,P,value_pattern_onset,P_L3,全对立,pattern_NONE,A_rel,S2=S3,True,0,conservative_split,保守分立型,1,C1 S2_S3_dominant
YX01,宜兴,P,value_pattern_onset,P_L3,全对立,pattern_NONE,B_rel,S1=S2,True,0,conservative_split,保守分立型,1,C1 S2_S3_dominant
YX01,宜兴,P,value_pattern_onset,P_L3,全对立,pattern_NONE,C_rel,S0=S1,True,0,conservative_split,保守分立型,1,C1 S2_S3_dominant
YX01,宜兴,P,value_pattern_onset,P_L3,全对立,pattern_NONE,D_rel,S1=S3,True,0,conservative_split,保守分立型,1,C1 S2_S3_dominant
YX01,宜兴,TS,value_pattern_onset,TS_L3,全对立,pattern_NONE,A_rel,S2=S3,True,0,conservative_split,保守分立型,1,C1 S2_S3_dominant
YX01,宜兴,TS,value_pattern_onset,TS_L3,全对立,pattern_NONE,B_rel,S1=S2,True,0,conservative_split,保守分立型,1,C1 S2_S3_dominant
YX01,宜兴,TS,value_pattern_onset,TS_L3,全对立,pattern_NONE,C_rel,S0=S1,True,0,conservative_split,保守分立型,1,C1 S2_S3_dominant
YX01,宜兴,TS,value_pattern_onset,TS_L3,全对立,pattern_NONE,D_rel,S1=S3,True,0,conservative_split,保守分立型,1,C1 S2_S3_dominant
YX01,宜兴,Ø,value_pattern_onset,Ø_L3,全对立,pattern_NONE,A_rel,S2=S3,True,0,conservative_split,保守分立型,1,C1 S2_S3_dominant
YX01,宜兴,Ø,value_pattern_onset,Ø_L3,全对立,pattern_NONE,B_rel,S1=S2,True,0,conservative_split,保守分立型,1,C1 S2_S3_dominant
YX01,宜兴,Ø,value_pattern_onset,Ø_L3,全对立,pattern_NONE,C_rel,S0=S1,True,0,conservative_split,保守分立型,1,C1 S2_S3_dominant
YX01,宜兴,Ø,value_pattern_onset,Ø_L3,全对立,pattern_NONE,D_rel,S1=S3,True,0,conservative_split,保守分立型,1,C1 S2_S3_dominant
YX02,鄞县中区,N,special_merge_onset,N_Status,分立,split,A_rel,S2=S3,True,0,conservative_split,保守分立型,1,C1 S2_S3_dominant
YX02,鄞县中区,N,special_merge_onset,N_Status,分立,split,B_rel,S1=S2,False,,conservative_split,保守分立型,1,C1 S2_S3_dominant
YX02,鄞县中区,N,special_merge_onset,N_Status,分立,split,C_rel,S0=S1,False,,conservative_split,保守分立型,1,C1 S2_S3_dominant
YX02,鄞县中区,N,special_merge_onset,N_Status,分立,split,D_rel,S1=S3,False,,conservative_split,保守分立型,1,C1 S2_S3_dominant
YX02,鄞县中区,T,special_merge_onset,T_Status,分立,split,A_rel,S2=S3,True,0,conservative_split,保守分立型,1,C1 S2_S3_dominant
YX02,鄞县中区,T,special_merge_onset,T_Status,分立,split,B_rel,S1=S2,False,,conservative_split,保守分立型,1,C1 S2_S3_dominant
YX02,鄞县中区,T,special_merge_onset,T_Status,分立,split,C_rel,S0=S1,False,,conservative_split,保守分立型,1,C1 S2_S3_dominant
YX02,鄞县中区,T,special_merge_onset,T_Status,分立,split,D_rel,S1=S3,False,,conservative_split,保守分立型,1,C1 S2_S3_dominant
YX02,鄞县中区,K,value_pattern_onset,K_L3,全对立,pattern_NONE,A_rel,S2=S3,True,0,conservative_split,保守分立型,1,C1 S2_S3_dominant
YX02,鄞县中区,K,value_pattern_onset,K_L3,全对立,pattern_NONE,B_rel,S1=S2,True,0,conservative_split,保守分立型,1,C1 S2_S3_dominant
YX02,鄞县中区,K,value_pattern_onset,K_L3,全对立,pattern_NONE,C_rel,S0=S1,True,0,conservative_split,保守分立型,1,C1 S2_S3_dominant
YX02,鄞县中区,K,value_pattern_onset,K_L3,全对立,pattern_NONE,D_rel,S1=S3,True,0,conservative_split,保守分立型,1,C1 S2_S3_dominant
YX02,鄞县中区,M,value_pattern_onset,M_L3,S2=S3,pattern_A,A_rel,S2=S3,True,1,conservative_split,保守分立型,1,C1 S2_S3_dominant
YX02,鄞县中区,M,value_pattern_onset,M_L3,S2=S3,pattern_A,B_rel,S1=S2,True,0,conservative_split,保守分立型,1,C1 S2_S3_dominant
YX02,鄞县中区,M,value_pattern_onset,M_L3,S2=S3,pattern_A,C_rel,S0=S1,True,0,conservative_split,保守分立型,1,C1 S2_S3_dominant
YX02,鄞县中区,M,value_pattern_onset,M_L3,S2=S3,pattern_A,D_rel,S1=S3,True,0,conservative_split,保守分立型,1,C1 S2_S3_dominant
YX02,鄞县中区,P,value_pattern_onset,P_L3,全对立,pattern_NONE,A_rel,S2=S3,True,0,conservative_split,保守分立型,1,C1 S2_S3_dominant
YX02,鄞县中区,P,value_pattern_onset,P_L3,全对立,pattern_NONE,B_rel,S1=S2,True,0,conservative_split,保守分立型,1,C1 S2_S3_dominant
YX02,鄞县中区,P,value_pattern_onset,P_L3,全对立,pattern_NONE,C_rel,S0=S1,True,0,conservative_split,保守分立型,1,C1 S2_S3_dominant
YX02,鄞县中区,P,value_pattern_onset,P_L3,全对立,pattern_NONE,D_rel,S1=S3,True,0,conservative_split,保守分立型,1,C1 S2_S3_dominant
YX02,鄞县中区,TS,value_pattern_onset,TS_L3,全对立,pattern_NONE,A_rel,S2=S3,True,0,conservative_split,保守分立型,1,C1 S2_S3_dominant
YX02,鄞县中区,TS,value_pattern_onset,TS_L3,全对立,pattern_NONE,B_rel,S1=S2,True,0,conservative_split,保守分立型,1,C1 S2_S3_dominant
YX02,鄞县中区,TS,value_pattern_onset,TS_L3,全对立,pattern_NONE,C_rel,S0=S1,True,0,conservative_split,保守分立型,1,C1 S2_S3_dominant
YX02,鄞县中区,TS,value_pattern_onset,TS_L3,全对立,pattern_NONE,D_rel,S1=S3,True,0,conservative_split,保守分立型,1,C1 S2_S3_dominant
YX02,鄞县中区,Ø,value_pattern_onset,Ø_L3,全对立,pattern_NONE,A_rel,S2=S3,True,0,conservative_split,保守分立型,1,C1 S2_S3_dominant
YX02,鄞县中区,Ø,value_pattern_onset,Ø_L3,全对立,pattern_NONE,B_rel,S1=S2,True,0,conservative_split,保守分立型,1,C1 S2_S3_dominant
YX02,鄞县中区,Ø,value_pattern_onset,Ø_L3,全对立,pattern_NONE,C_rel,S0=S1,True,0,conservative_split,保守分立型,1,C1 S2_S3_dominant
YX02,鄞县中区,Ø,value_pattern_onset,Ø_L3,全对立,pattern_NONE,D_rel,S1=S3,True,0,conservative_split,保守分立型,1,C1 S2_S3_dominant
YY01,余姚城关,N,special_merge_onset,N_Status,分立,split,A_rel,S2=S3,True,0,conservative_split,保守分立型,1,C1 S2_S3_dominant
YY01,余姚城关,N,special_merge_onset,N_Status,分立,split,B_rel,S1=S2,False,,conservative_split,保守分立型,1,C1 S2_S3_dominant
YY01,余姚城关,N,special_merge_onset,N_Status,分立,split,C_rel,S0=S1,False,,conservative_split,保守分立型,1,C1 S2_S3_dominant
YY01,余姚城关,N,special_merge_onset,N_Status,分立,split,D_rel,S1=S3,False,,conservative_split,保守分立型,1,C1 S2_S3_dominant
YY01,余姚城关,T,special_merge_onset,T_Status,分立,split,A_rel,S2=S3,True,0,conservative_split,保守分立型,1,C1 S2_S3_dominant
YY01,余姚城关,T,special_merge_onset,T_Status,分立,split,B_rel,S1=S2,False,,conservative_split,保守分立型,1,C1 S2_S3_dominant
YY01,余姚城关,T,special_merge_onset,T_Status,分立,split,C_rel,S0=S1,False,,conservative_split,保守分立型,1,C1 S2_S3_dominant
YY01,余姚城关,T,special_merge_onset,T_Status,分立,split,D_rel,S1=S3,False,,conservative_split,保守分立型,1,C1 S2_S3_dominant
YY01,余姚城关,K,value_pattern_onset,K_L3,全对立,pattern_NONE,A_rel,S2=S3,True,0,conservative_split,保守分立型,1,C1 S2_S3_dominant
YY01,余姚城关,K,value_pattern_onset,K_L3,全对立,pattern_NONE,B_rel,S1=S2,True,0,conservative_split,保守分立型,1,C1 S2_S3_dominant
YY01,余姚城关,K,value_pattern_onset,K_L3,全对立,pattern_NONE,C_rel,S0=S1,True,0,conservative_split,保守分立型,1,C1 S2_S3_dominant
YY01,余姚城关,K,value_pattern_onset,K_L3,全对立,pattern_NONE,D_rel,S1=S3,True,0,conservative_split,保守分立型,1,C1 S2_S3_dominant
YY01,余姚城关,M,value_pattern_onset,M_L3,S2=S3,pattern_A,A_rel,S2=S3,True,1,conservative_split,保守分立型,1,C1 S2_S3_dominant
YY01,余姚城关,M,value_pattern_onset,M_L3,S2=S3,pattern_A,B_rel,S1=S2,True,0,conservative_split,保守分立型,1,C1 S2_S3_dominant
YY01,余姚城关,M,value_pattern_onset,M_L3,S2=S3,pattern_A,C_rel,S0=S1,True,0,conservative_split,保守分立型,1,C1 S2_S3_dominant
YY01,余姚城关,M,value_pattern_onset,M_L3,S2=S3,pattern_A,D_rel,S1=S3,True,0,conservative_split,保守分立型,1,C1 S2_S3_dominant
YY01,余姚城关,P,value_pattern_onset,P_L3,全对立,pattern_NONE,A_rel,S2=S3,True,0,conservative_split,保守分立型,1,C1 S2_S3_dominant
YY01,余姚城关,P,value_pattern_onset,P_L3,全对立,pattern_NONE,B_rel,S1=S2,True,0,conservative_split,保守分立型,1,C1 S2_S3_dominant
YY01,余姚城关,P,value_pattern_onset,P_L3,全对立,pattern_NONE,C_rel,S0=S1,True,0,conservative_split,保守分立型,1,C1 S2_S3_dominant
YY01,余姚城关,P,value_pattern_onset,P_L3,全对立,pattern_NONE,D_rel,S1=S3,True,0,conservative_split,保守分立型,1,C1 S2_S3_dominant
YY01,余姚城关,TS,value_pattern_onset,TS_L3,全对立,pattern_NONE,A_rel,S2=S3,True,0,conservative_split,保守分立型,1,C1 S2_S3_dominant
YY01,余姚城关,TS,value_pattern_onset,TS_L3,全对立,pattern_NONE,B_rel,S1=S2,True,0,conservative_split,保守分立型,1,C1 S2_S3_dominant
YY01,余姚城关,TS,value_pattern_onset,TS_L3,全对立,pattern_NONE,C_rel,S0=S1,True,0,conservative_split,保守分立型,1,C1 S2_S3_dominant
YY01,余姚城关,TS,value_pattern_onset,TS_L3,全对立,pattern_NONE,D_rel,S1=S3,True,0,conservative_split,保守分立型,1,C1 S2_S3_dominant
YY01,余姚城关,Ø,value_pattern_onset,Ø_L3,全对立,pattern_NONE,A_rel,S2=S3,True,0,conservative_split,保守分立型,1,C1 S2_S3_dominant
YY01,余姚城关,Ø,value_pattern_onset,Ø_L3,全对立,pattern_NONE,B_rel,S1=S2,True,0,conservative_split,保守分立型,1,C1 S2_S3_dominant
YY01,余姚城关,Ø,value_pattern_onset,Ø_L3,全对立,pattern_NONE,C_rel,S0=S1,True,0,conservative_split,保守分立型,1,C1 S2_S3_dominant
YY01,余姚城关,Ø,value_pattern_onset,Ø_L3,全对立,pattern_NONE,D_rel,S1=S3,True,0,conservative_split,保守分立型,1,C1 S2_S3_dominant
ZJ01,诸暨城关,N,special_merge_onset,N_Status,合流,merge,A_rel,S2=S3,True,1,conservative_split,保守分立型,1,C1 S2_S3_dominant
ZJ01,诸暨城关,N,special_merge_onset,N_Status,合流,merge,B_rel,S1=S2,False,,conservative_split,保守分立型,1,C1 S2_S3_dominant
ZJ01,诸暨城关,N,special_merge_onset,N_Status,合流,merge,C_rel,S0=S1,False,,conservative_split,保守分立型,1,C1 S2_S3_dominant
ZJ01,诸暨城关,N,special_merge_onset,N_Status,合流,merge,D_rel,S1=S3,False,,conservative_split,保守分立型,1,C1 S2_S3_dominant
ZJ01,诸暨城关,T,special_merge_onset,T_Status,分立,split,A_rel,S2=S3,True,0,conservative_split,保守分立型,1,C1 S2_S3_dominant
ZJ01,诸暨城关,T,special_merge_onset,T_Status,分立,split,B_rel,S1=S2,False,,conservative_split,保守分立型,1,C1 S2_S3_dominant
ZJ01,诸暨城关,T,special_merge_onset,T_Status,分立,split,C_rel,S0=S1,False,,conservative_split,保守分立型,1,C1 S2_S3_dominant
ZJ01,诸暨城关,T,special_merge_onset,T_Status,分立,split,D_rel,S1=S3,False,,conservative_split,保守分立型,1,C1 S2_S3_dominant
ZJ01,诸暨城关,K,value_pattern_onset,K_L3,全对立,pattern_NONE,A_rel,S2=S3,True,0,conservative_split,保守分立型,1,C1 S2_S3_dominant
ZJ01,诸暨城关,K,value_pattern_onset,K_L3,全对立,pattern_NONE,B_rel,S1=S2,True,0,conservative_split,保守分立型,1,C1 S2_S3_dominant
ZJ01,诸暨城关,K,value_pattern_onset,K_L3,全对立,pattern_NONE,C_rel,S0=S1,True,0,conservative_split,保守分立型,1,C1 S2_S3_dominant
ZJ01,诸暨城关,K,value_pattern_onset,K_L3,全对立,pattern_NONE,D_rel,S1=S3,True,0,conservative_split,保守分立型,1,C1 S2_S3_dominant
ZJ01,诸暨城关,M,value_pattern_onset,M_L3,S2=S3,pattern_A,A_rel,S2=S3,True,1,conservative_split,保守分立型,1,C1 S2_S3_dominant
ZJ01,诸暨城关,M,value_pattern_onset,M_L3,S2=S3,pattern_A,B_rel,S1=S2,True,0,conservative_split,保守分立型,1,C1 S2_S3_dominant
ZJ01,诸暨城关,M,value_pattern_onset,M_L3,S2=S3,pattern_A,C_rel,S0=S1,True,0,conservative_split,保守分立型,1,C1 S2_S3_dominant
ZJ01,诸暨城关,M,value_pattern_onset,M_L3,S2=S3,pattern_A,D_rel,S1=S3,True,0,conservative_split,保守分立型,1,C1 S2_S3_dominant
ZJ01,诸暨城关,P,value_pattern_onset,P_L3,全对立,pattern_NONE,A_rel,S2=S3,True,0,conservative_split,保守分立型,1,C1 S2_S3_dominant
ZJ01,诸暨城关,P,value_pattern_onset,P_L3,全对立,pattern_NONE,B_rel,S1=S2,True,0,conservative_split,保守分立型,1,C1 S2_S3_dominant
ZJ01,诸暨城关,P,value_pattern_onset,P_L3,全对立,pattern_NONE,C_rel,S0=S1,True,0,conservative_split,保守分立型,1,C1 S2_S3_dominant
ZJ01,诸暨城关,P,value_pattern_onset,P_L3,全对立,pattern_NONE,D_rel,S1=S3,True,0,conservative_split,保守分立型,1,C1 S2_S3_dominant
ZJ01,诸暨城关,TS,value_pattern_onset,TS_L3,全对立,pattern_NONE,A_rel,S2=S3,True,0,conservative_split,保守分立型,1,C1 S2_S3_dominant
ZJ01,诸暨城关,TS,value_pattern_onset,TS_L3,全对立,pattern_NONE,B_rel,S1=S2,True,0,conservative_split,保守分立型,1,C1 S2_S3_dominant
ZJ01,诸暨城关,TS,value_pattern_onset,TS_L3,全对立,pattern_NONE,C_rel,S0=S1,True,0,conservative_split,保守分立型,1,C1 S2_S3_dominant
ZJ01,诸暨城关,TS,value_pattern_onset,TS_L3,全对立,pattern_NONE,D_rel,S1=S3,True,0,conservative_split,保守分立型,1,C1 S2_S3_dominant
ZJ01,诸暨城关,Ø,value_pattern_onset,Ø_L3,全对立,pattern_NONE,A_rel,S2=S3,True,0,conservative_split,保守分立型,1,C1 S2_S3_dominant
ZJ01,诸暨城关,Ø,value_pattern_onset,Ø_L3,全对立,pattern_NONE,B_rel,S1=S2,True,0,conservative_split,保守分立型,1,C1 S2_S3_dominant
ZJ01,诸暨城关,Ø,value_pattern_onset,Ø_L3,全对立,pattern_NONE,C_rel,S0=S1,True,0,conservative_split,保守分立型,1,C1 S2_S3_dominant
ZJ01,诸暨城关,Ø,value_pattern_onset,Ø_L3,全对立,pattern_NONE,D_rel,S1=S3,True,0,conservative_split,保守分立型,1,C1 S2_S3_dominant
ZJ02,诸暨璜山镇,N,special_merge_onset,N_Status,分立,split,A_rel,S2=S3,True,0,conservative_split,保守分立型,1,C1 S2_S3_dominant
ZJ02,诸暨璜山镇,N,special_merge_onset,N_Status,分立,split,B_rel,S1=S2,False,,conservative_split,保守分立型,1,C1 S2_S3_dominant
ZJ02,诸暨璜山镇,N,special_merge_onset,N_Status,分立,split,C_rel,S0=S1,False,,conservative_split,保守分立型,1,C1 S2_S3_dominant
ZJ02,诸暨璜山镇,N,special_merge_onset,N_Status,分立,split,D_rel,S1=S3,False,,conservative_split,保守分立型,1,C1 S2_S3_dominant
ZJ02,诸暨璜山镇,T,special_merge_onset,T_Status,分立,split,A_rel,S2=S3,True,0,conservative_split,保守分立型,1,C1 S2_S3_dominant
ZJ02,诸暨璜山镇,T,special_merge_onset,T_Status,分立,split,B_rel,S1=S2,False,,conservative_split,保守分立型,1,C1 S2_S3_dominant
ZJ02,诸暨璜山镇,T,special_merge_onset,T_Status,分立,split,C_rel,S0=S1,False,,conservative_split,保守分立型,1,C1 S2_S3_dominant
ZJ02,诸暨璜山镇,T,special_merge_onset,T_Status,分立,split,D_rel,S1=S3,False,,conservative_split,保守分立型,1,C1 S2_S3_dominant
ZJ02,诸暨璜山镇,K,value_pattern_onset,K_L3,全对立,pattern_NONE,A_rel,S2=S3,True,0,conservative_split,保守分立型,1,C1 S2_S3_dominant
ZJ02,诸暨璜山镇,K,value_pattern_onset,K_L3,全对立,pattern_NONE,B_rel,S1=S2,True,0,conservative_split,保守分立型,1,C1 S2_S3_dominant
ZJ02,诸暨璜山镇,K,value_pattern_onset,K_L3,全对立,pattern_NONE,C_rel,S0=S1,True,0,conservative_split,保守分立型,1,C1 S2_S3_dominant
ZJ02,诸暨璜山镇,K,value_pattern_onset,K_L3,全对立,pattern_NONE,D_rel,S1=S3,True,0,conservative_split,保守分立型,1,C1 S2_S3_dominant
ZJ02,诸暨璜山镇,M,value_pattern_onset,M_L3,S2=S3,pattern_A,A_rel,S2=S3,True,1,conservative_split,保守分立型,1,C1 S2_S3_dominant
ZJ02,诸暨璜山镇,M,value_pattern_onset,M_L3,S2=S3,pattern_A,B_rel,S1=S2,True,0,conservative_split,保守分立型,1,C1 S2_S3_dominant
ZJ02,诸暨璜山镇,M,value_pattern_onset,M_L3,S2=S3,pattern_A,C_rel,S0=S1,True,0,conservative_split,保守分立型,1,C1 S2_S3_dominant
ZJ02,诸暨璜山镇,M,value_pattern_onset,M_L3,S2=S3,pattern_A,D_rel,S1=S3,True,0,conservative_split,保守分立型,1,C1 S2_S3_dominant
ZJ02,诸暨璜山镇,P,value_pattern_onset,P_L3,全对立,pattern_NONE,A_rel,S2=S3,True,0,conservative_split,保守分立型,1,C1 S2_S3_dominant
ZJ02,诸暨璜山镇,P,value_pattern_onset,P_L3,全对立,pattern_NONE,B_rel,S1=S2,True,0,conservative_split,保守分立型,1,C1 S2_S3_dominant
ZJ02,诸暨璜山镇,P,value_pattern_onset,P_L3,全对立,pattern_NONE,C_rel,S0=S1,True,0,conservative_split,保守分立型,1,C1 S2_S3_dominant
ZJ02,诸暨璜山镇,P,value_pattern_onset,P_L3,全对立,pattern_NONE,D_rel,S1=S3,True,0,conservative_split,保守分立型,1,C1 S2_S3_dominant
ZJ02,诸暨璜山镇,TS,value_pattern_onset,TS_L3,全对立,pattern_NONE,A_rel,S2=S3,True,0,conservative_split,保守分立型,1,C1 S2_S3_dominant
ZJ02,诸暨璜山镇,TS,value_pattern_onset,TS_L3,全对立,pattern_NONE,B_rel,S1=S2,True,0,conservative_split,保守分立型,1,C1 S2_S3_dominant
ZJ02,诸暨璜山镇,TS,value_pattern_onset,TS_L3,全对立,pattern_NONE,C_rel,S0=S1,True,0,conservative_split,保守分立型,1,C1 S2_S3_dominant
ZJ02,诸暨璜山镇,TS,value_pattern_onset,TS_L3,全对立,pattern_NONE,D_rel,S1=S3,True,0,conservative_split,保守分立型,1,C1 S2_S3_dominant
ZJ02,诸暨璜山镇,Ø,value_pattern_onset,Ø_L3,全对立,pattern_NONE,A_rel,S2=S3,True,0,conservative_split,保守分立型,1,C1 S2_S3_dominant
ZJ02,诸暨璜山镇,Ø,value_pattern_onset,Ø_L3,全对立,pattern_NONE,B_rel,S1=S2,True,0,conservative_split,保守分立型,1,C1 S2_S3_dominant
ZJ02,诸暨璜山镇,Ø,value_pattern_onset,Ø_L3,全对立,pattern_NONE,C_rel,S0=S1,True,0,conservative_split,保守分立型,1,C1 S2_S3_dominant
ZJ02,诸暨璜山镇,Ø,value_pattern_onset,Ø_L3,全对立,pattern_NONE,D_rel,S1=S3,True,0,conservative_split,保守分立型,1,C1 S2_S3_dominant
ZJ03,诸暨直埠镇,N,special_merge_onset,N_Status,分立,split,A_rel,S2=S3,True,0,conservative_split,保守分立型,1,C1 S2_S3_dominant
ZJ03,诸暨直埠镇,N,special_merge_onset,N_Status,分立,split,B_rel,S1=S2,False,,conservative_split,保守分立型,1,C1 S2_S3_dominant
ZJ03,诸暨直埠镇,N,special_merge_onset,N_Status,分立,split,C_rel,S0=S1,False,,conservative_split,保守分立型,1,C1 S2_S3_dominant
ZJ03,诸暨直埠镇,N,special_merge_onset,N_Status,分立,split,D_rel,S1=S3,False,,conservative_split,保守分立型,1,C1 S2_S3_dominant
ZJ03,诸暨直埠镇,T,special_merge_onset,T_Status,分立,split,A_rel,S2=S3,True,0,conservative_split,保守分立型,1,C1 S2_S3_dominant
ZJ03,诸暨直埠镇,T,special_merge_onset,T_Status,分立,split,B_rel,S1=S2,False,,conservative_split,保守分立型,1,C1 S2_S3_dominant
ZJ03,诸暨直埠镇,T,special_merge_onset,T_Status,分立,split,C_rel,S0=S1,False,,conservative_split,保守分立型,1,C1 S2_S3_dominant
ZJ03,诸暨直埠镇,T,special_merge_onset,T_Status,分立,split,D_rel,S1=S3,False,,conservative_split,保守分立型,1,C1 S2_S3_dominant
ZJ03,诸暨直埠镇,K,value_pattern_onset,K_L3,全对立,pattern_NONE,A_rel,S2=S3,True,0,conservative_split,保守分立型,1,C1 S2_S3_dominant
ZJ03,诸暨直埠镇,K,value_pattern_onset,K_L3,全对立,pattern_NONE,B_rel,S1=S2,True,0,conservative_split,保守分立型,1,C1 S2_S3_dominant
ZJ03,诸暨直埠镇,K,value_pattern_onset,K_L3,全对立,pattern_NONE,C_rel,S0=S1,True,0,conservative_split,保守分立型,1,C1 S2_S3_dominant
ZJ03,诸暨直埠镇,K,value_pattern_onset,K_L3,全对立,pattern_NONE,D_rel,S1=S3,True,0,conservative_split,保守分立型,1,C1 S2_S3_dominant
ZJ03,诸暨直埠镇,M,value_pattern_onset,M_L3,全对立,pattern_NONE,A_rel,S2=S3,True,0,conservative_split,保守分立型,1,C1 S2_S3_dominant
ZJ03,诸暨直埠镇,M,value_pattern_onset,M_L3,全对立,pattern_NONE,B_rel,S1=S2,True,0,conservative_split,保守分立型,1,C1 S2_S3_dominant
ZJ03,诸暨直埠镇,M,value_pattern_onset,M_L3,全对立,pattern_NONE,C_rel,S0=S1,True,0,conservative_split,保守分立型,1,C1 S2_S3_dominant
ZJ03,诸暨直埠镇,M,value_pattern_onset,M_L3,全对立,pattern_NONE,D_rel,S1=S3,True,0,conservative_split,保守分立型,1,C1 S2_S3_dominant
ZJ03,诸暨直埠镇,P,value_pattern_onset,P_L3,全对立,pattern_NONE,A_rel,S2=S3,True,0,conservative_split,保守分立型,1,C1 S2_S3_dominant
ZJ03,诸暨直埠镇,P,value_pattern_onset,P_L3,全对立,pattern_NONE,B_rel,S1=S2,True,0,conservative_split,保守分立型,1,C1 S2_S3_dominant
ZJ03,诸暨直埠镇,P,value_pattern_onset,P_L3,全对立,pattern_NONE,C_rel,S0=S1,True,0,conservative_split,保守分立型,1,C1 S2_S3_dominant
ZJ03,诸暨直埠镇,P,value_pattern_onset,P_L3,全对立,pattern_NONE,D_rel,S1=S3,True,0,conservative_split,保守分立型,1,C1 S2_S3_dominant
ZJ03,诸暨直埠镇,TS,value_pattern_onset,TS_L3,全对立,pattern_NONE,A_rel,S2=S3,True,0,conservative_split,保守分立型,1,C1 S2_S3_dominant
ZJ03,诸暨直埠镇,TS,value_pattern_onset,TS_L3,全对立,pattern_NONE,B_rel,S1=S2,True,0,conservative_split,保守分立型,1,C1 S2_S3_dominant
ZJ03,诸暨直埠镇,TS,value_pattern_onset,TS_L3,全对立,pattern_NONE,C_rel,S0=S1,True,0,conservative_split,保守分立型,1,C1 S2_S3_dominant
ZJ03,诸暨直埠镇,TS,value_pattern_onset,TS_L3,全对立,pattern_NONE,D_rel,S1=S3,True,0,conservative_split,保守分立型,1,C1 S2_S3_dominant
ZJ03,诸暨直埠镇,Ø,value_pattern_onset,Ø_L3,全对立,pattern_NONE,A_rel,S2=S3,True,0,conservative_split,保守分立型,1,C1 S2_S3_dominant
ZJ03,诸暨直埠镇,Ø,value_pattern_onset,Ø_L3,全对立,pattern_NONE,B_rel,S1=S2,True,0,conservative_split,保守分立型,1,C1 S2_S3_dominant
ZJ03,诸暨直埠镇,Ø,value_pattern_onset,Ø_L3,全对立,pattern_NONE,C_rel,S0=S1,True,0,conservative_split,保守分立型,1,C1 S2_S3_dominant
ZJ03,诸暨直埠镇,Ø,value_pattern_onset,Ø_L3,全对立,pattern_NONE,D_rel,S1=S3,True,0,conservative_split,保守分立型,1,C1 S2_S3_dominant
ZP01,周浦,N,special_merge_onset,N_Status,合流,merge,A_rel,S2=S3,True,1,A_dominant,S2=S3主导型,3,C3 S2_S3_dominant
ZP01,周浦,N,special_merge_onset,N_Status,合流,merge,B_rel,S1=S2,False,,A_dominant,S2=S3主导型,3,C3 S2_S3_dominant
ZP01,周浦,N,special_merge_onset,N_Status,合流,merge,C_rel,S0=S1,False,,A_dominant,S2=S3主导型,3,C3 S2_S3_dominant
ZP01,周浦,N,special_merge_onset,N_Status,合流,merge,D_rel,S1=S3,False,,A_dominant,S2=S3主导型,3,C3 S2_S3_dominant
ZP01,周浦,T,special_merge_onset,T_Status,合流,merge,A_rel,S2=S3,True,1,A_dominant,S2=S3主导型,3,C3 S2_S3_dominant
ZP01,周浦,T,special_merge_onset,T_Status,合流,merge,B_rel,S1=S2,False,,A_dominant,S2=S3主导型,3,C3 S2_S3_dominant
ZP01,周浦,T,special_merge_onset,T_Status,合流,merge,C_rel,S0=S1,False,,A_dominant,S2=S3主导型,3,C3 S2_S3_dominant
ZP01,周浦,T,special_merge_onset,T_Status,合流,merge,D_rel,S1=S3,False,,A_dominant,S2=S3主导型,3,C3 S2_S3_dominant
ZP01,周浦,K,value_pattern_onset,K_L3,S0=S1，S2=S3,pattern_F,A_rel,S2=S3,True,1,A_dominant,S2=S3主导型,3,C3 S2_S3_dominant
ZP01,周浦,K,value_pattern_onset,K_L3,S0=S1，S2=S3,pattern_F,B_rel,S1=S2,True,0,A_dominant,S2=S3主导型,3,C3 S2_S3_dominant
ZP01,周浦,K,value_pattern_onset,K_L3,S0=S1，S2=S3,pattern_F,C_rel,S0=S1,True,1,A_dominant,S2=S3主导型,3,C3 S2_S3_dominant
ZP01,周浦,K,value_pattern_onset,K_L3,S0=S1，S2=S3,pattern_F,D_rel,S1=S3,True,0,A_dominant,S2=S3主导型,3,C3 S2_S3_dominant
ZP01,周浦,M,value_pattern_onset,M_L3,S2=S3,pattern_A,A_rel,S2=S3,True,1,A_dominant,S2=S3主导型,3,C3 S2_S3_dominant
ZP01,周浦,M,value_pattern_onset,M_L3,S2=S3,pattern_A,B_rel,S1=S2,True,0,A_dominant,S2=S3主导型,3,C3 S2_S3_dominant
ZP01,周浦,M,value_pattern_onset,M_L3,S2=S3,pattern_A,C_rel,S0=S1,True,0,A_dominant,S2=S3主导型,3,C3 S2_S3_dominant
ZP01,周浦,M,value_pattern_onset,M_L3,S2=S3,pattern_A,D_rel,S1=S3,True,0,A_dominant,S2=S3主导型,3,C3 S2_S3_dominant
ZP01,周浦,P,value_pattern_onset,P_L3,S2=S3,pattern_A,A_rel,S2=S3,True,1,A_dominant,S2=S3主导型,3,C3 S2_S3_dominant
ZP01,周浦,P,value_pattern_onset,P_L3,S2=S3,pattern_A,B_rel,S1=S2,True,0,A_dominant,S2=S3主导型,3,C3 S2_S3_dominant
ZP01,周浦,P,value_pattern_onset,P_L3,S2=S3,pattern_A,C_rel,S0=S1,True,0,A_dominant,S2=S3主导型,3,C3 S2_S3_dominant
ZP01,周浦,P,value_pattern_onset,P_L3,S2=S3,pattern_A,D_rel,S1=S3,True,0,A_dominant,S2=S3主导型,3,C3 S2_S3_dominant
ZP01,周浦,TS,value_pattern_onset,TS_L3,S2=S3,pattern_A,A_rel,S2=S3,True,1,A_dominant,S2=S3主导型,3,C3 S2_S3_dominant
ZP01,周浦,TS,value_pattern_onset,TS_L3,S2=S3,pattern_A,B_rel,S1=S2,True,0,A_dominant,S2=S3主导型,3,C3 S2_S3_dominant
ZP01,周浦,TS,value_pattern_onset,TS_L3,S2=S3,pattern_A,C_rel,S0=S1,True,0,A_dominant,S2=S3主导型,3,C3 S2_S3_dominant
ZP01,周浦,TS,value_pattern_onset,TS_L3,S2=S3,pattern_A,D_rel,S1=S3,True,0,A_dominant,S2=S3主导型,3,C3 S2_S3_dominant
ZP01,周浦,Ø,value_pattern_onset,Ø_L3,S2=S3,pattern_A,A_rel,S2=S3,True,1,A_dominant,S2=S3主导型,3,C3 S2_S3_dominant
ZP01,周浦,Ø,value_pattern_onset,Ø_L3,S2=S3,pattern_A,B_rel,S1=S2,True,0,A_dominant,S2=S3主导型,3,C3 S2_S3_dominant
ZP01,周浦,Ø,value_pattern_onset,Ø_L3,S2=S3,pattern_A,C_rel,S0=S1,True,0,A_dominant,S2=S3主导型,3,C3 S2_S3_dominant
ZP01,周浦,Ø,value_pattern_onset,Ø_L3,S2=S3,pattern_A,D_rel,S1=S3,True,0,A_dominant,S2=S3主导型,3,C3 S2_S3_dominant
ZR01,真如,N,special_merge_onset,N_Status,合流,merge,A_rel,S2=S3,True,1,A_dominant,S2=S3主导型,3,C3 S2_S3_dominant
ZR01,真如,N,special_merge_onset,N_Status,合流,merge,B_rel,S1=S2,False,,A_dominant,S2=S3主导型,3,C3 S2_S3_dominant
ZR01,真如,N,special_merge_onset,N_Status,合流,merge,C_rel,S0=S1,False,,A_dominant,S2=S3主导型,3,C3 S2_S3_dominant
ZR01,真如,N,special_merge_onset,N_Status,合流,merge,D_rel,S1=S3,False,,A_dominant,S2=S3主导型,3,C3 S2_S3_dominant
ZR01,真如,T,special_merge_onset,T_Status,合流,merge,A_rel,S2=S3,True,1,A_dominant,S2=S3主导型,3,C3 S2_S3_dominant
ZR01,真如,T,special_merge_onset,T_Status,合流,merge,B_rel,S1=S2,False,,A_dominant,S2=S3主导型,3,C3 S2_S3_dominant
ZR01,真如,T,special_merge_onset,T_Status,合流,merge,C_rel,S0=S1,False,,A_dominant,S2=S3主导型,3,C3 S2_S3_dominant
ZR01,真如,T,special_merge_onset,T_Status,合流,merge,D_rel,S1=S3,False,,A_dominant,S2=S3主导型,3,C3 S2_S3_dominant
ZR01,真如,K,value_pattern_onset,K_L3,S2=S3,pattern_A,A_rel,S2=S3,True,1,A_dominant,S2=S3主导型,3,C3 S2_S3_dominant
ZR01,真如,K,value_pattern_onset,K_L3,S2=S3,pattern_A,B_rel,S1=S2,True,0,A_dominant,S2=S3主导型,3,C3 S2_S3_dominant
ZR01,真如,K,value_pattern_onset,K_L3,S2=S3,pattern_A,C_rel,S0=S1,True,0,A_dominant,S2=S3主导型,3,C3 S2_S3_dominant
ZR01,真如,K,value_pattern_onset,K_L3,S2=S3,pattern_A,D_rel,S1=S3,True,0,A_dominant,S2=S3主导型,3,C3 S2_S3_dominant
ZR01,真如,M,value_pattern_onset,M_L3,S2=S3,pattern_A,A_rel,S2=S3,True,1,A_dominant,S2=S3主导型,3,C3 S2_S3_dominant
ZR01,真如,M,value_pattern_onset,M_L3,S2=S3,pattern_A,B_rel,S1=S2,True,0,A_dominant,S2=S3主导型,3,C3 S2_S3_dominant
ZR01,真如,M,value_pattern_onset,M_L3,S2=S3,pattern_A,C_rel,S0=S1,True,0,A_dominant,S2=S3主导型,3,C3 S2_S3_dominant
ZR01,真如,M,value_pattern_onset,M_L3,S2=S3,pattern_A,D_rel,S1=S3,True,0,A_dominant,S2=S3主导型,3,C3 S2_S3_dominant
ZR01,真如,P,value_pattern_onset,P_L3,S2=S3,pattern_A,A_rel,S2=S3,True,1,A_dominant,S2=S3主导型,3,C3 S2_S3_dominant
ZR01,真如,P,value_pattern_onset,P_L3,S2=S3,pattern_A,B_rel,S1=S2,True,0,A_dominant,S2=S3主导型,3,C3 S2_S3_dominant
ZR01,真如,P,value_pattern_onset,P_L3,S2=S3,pattern_A,C_rel,S0=S1,True,0,A_dominant,S2=S3主导型,3,C3 S2_S3_dominant
ZR01,真如,P,value_pattern_onset,P_L3,S2=S3,pattern_A,D_rel,S1=S3,True,0,A_dominant,S2=S3主导型,3,C3 S2_S3_dominant
ZR01,真如,TS,value_pattern_onset,TS_L3,S2=S3,pattern_A,A_rel,S2=S3,True,1,A_dominant,S2=S3主导型,3,C3 S2_S3_dominant
ZR01,真如,TS,value_pattern_onset,TS_L3,S2=S3,pattern_A,B_rel,S1=S2,True,0,A_dominant,S2=S3主导型,3,C3 S2_S3_dominant
ZR01,真如,TS,value_pattern_onset,TS_L3,S2=S3,pattern_A,C_rel,S0=S1,True,0,A_dominant,S2=S3主导型,3,C3 S2_S3_dominant
ZR01,真如,TS,value_pattern_onset,TS_L3,S2=S3,pattern_A,D_rel,S1=S3,True,0,A_dominant,S2=S3主导型,3,C3 S2_S3_dominant
ZR01,真如,Ø,value_pattern_onset,Ø_L3,S2=S3,pattern_A,A_rel,S2=S3,True,1,A_dominant,S2=S3主导型,3,C3 S2_S3_dominant
ZR01,真如,Ø,value_pattern_onset,Ø_L3,S2=S3,pattern_A,B_rel,S1=S2,True,0,A_dominant,S2=S3主导型,3,C3 S2_S3_dominant
ZR01,真如,Ø,value_pattern_onset,Ø_L3,S2=S3,pattern_A,C_rel,S0=S1,True,0,A_dominant,S2=S3主导型,3,C3 S2_S3_dominant
ZR01,真如,Ø,value_pattern_onset,Ø_L3,S2=S3,pattern_A,D_rel,S1=S3,True,0,A_dominant,S2=S3主导型,3,C3 S2_S3_dominant
ZS01,舟山定海,N,special_merge_onset,N_Status,分立,split,A_rel,S2=S3,True,0,conservative_split,保守分立型,1,C1 S2_S3_dominant
ZS01,舟山定海,N,special_merge_onset,N_Status,分立,split,B_rel,S1=S2,False,,conservative_split,保守分立型,1,C1 S2_S3_dominant
ZS01,舟山定海,N,special_merge_onset,N_Status,分立,split,C_rel,S0=S1,False,,conservative_split,保守分立型,1,C1 S2_S3_dominant
ZS01,舟山定海,N,special_merge_onset,N_Status,分立,split,D_rel,S1=S3,False,,conservative_split,保守分立型,1,C1 S2_S3_dominant
ZS01,舟山定海,T,special_merge_onset,T_Status,分立,split,A_rel,S2=S3,True,0,conservative_split,保守分立型,1,C1 S2_S3_dominant
ZS01,舟山定海,T,special_merge_onset,T_Status,分立,split,B_rel,S1=S2,False,,conservative_split,保守分立型,1,C1 S2_S3_dominant
ZS01,舟山定海,T,special_merge_onset,T_Status,分立,split,C_rel,S0=S1,False,,conservative_split,保守分立型,1,C1 S2_S3_dominant
ZS01,舟山定海,T,special_merge_onset,T_Status,分立,split,D_rel,S1=S3,False,,conservative_split,保守分立型,1,C1 S2_S3_dominant
ZS01,舟山定海,K,value_pattern_onset,K_L3,全对立,pattern_NONE,A_rel,S2=S3,True,0,conservative_split,保守分立型,1,C1 S2_S3_dominant
ZS01,舟山定海,K,value_pattern_onset,K_L3,全对立,pattern_NONE,B_rel,S1=S2,True,0,conservative_split,保守分立型,1,C1 S2_S3_dominant
ZS01,舟山定海,K,value_pattern_onset,K_L3,全对立,pattern_NONE,C_rel,S0=S1,True,0,conservative_split,保守分立型,1,C1 S2_S3_dominant
ZS01,舟山定海,K,value_pattern_onset,K_L3,全对立,pattern_NONE,D_rel,S1=S3,True,0,conservative_split,保守分立型,1,C1 S2_S3_dominant
ZS01,舟山定海,M,value_pattern_onset,M_L3,S2=S3,pattern_A,A_rel,S2=S3,True,1,conservative_split,保守分立型,1,C1 S2_S3_dominant
ZS01,舟山定海,M,value_pattern_onset,M_L3,S2=S3,pattern_A,B_rel,S1=S2,True,0,conservative_split,保守分立型,1,C1 S2_S3_dominant
ZS01,舟山定海,M,value_pattern_onset,M_L3,S2=S3,pattern_A,C_rel,S0=S1,True,0,conservative_split,保守分立型,1,C1 S2_S3_dominant
ZS01,舟山定海,M,value_pattern_onset,M_L3,S2=S3,pattern_A,D_rel,S1=S3,True,0,conservative_split,保守分立型,1,C1 S2_S3_dominant
ZS01,舟山定海,P,value_pattern_onset,P_L3,全对立,pattern_NONE,A_rel,S2=S3,True,0,conservative_split,保守分立型,1,C1 S2_S3_dominant
ZS01,舟山定海,P,value_pattern_onset,P_L3,全对立,pattern_NONE,B_rel,S1=S2,True,0,conservative_split,保守分立型,1,C1 S2_S3_dominant
ZS01,舟山定海,P,value_pattern_onset,P_L3,全对立,pattern_NONE,C_rel,S0=S1,True,0,conservative_split,保守分立型,1,C1 S2_S3_dominant
ZS01,舟山定海,P,value_pattern_onset,P_L3,全对立,pattern_NONE,D_rel,S1=S3,True,0,conservative_split,保守分立型,1,C1 S2_S3_dominant
ZS01,舟山定海,TS,value_pattern_onset,TS_L3,全对立,pattern_NONE,A_rel,S2=S3,True,0,conservative_split,保守分立型,1,C1 S2_S3_dominant
ZS01,舟山定海,TS,value_pattern_onset,TS_L3,全对立,pattern_NONE,B_rel,S1=S2,True,0,conservative_split,保守分立型,1,C1 S2_S3_dominant
ZS01,舟山定海,TS,value_pattern_onset,TS_L3,全对立,pattern_NONE,C_rel,S0=S1,True,0,conservative_split,保守分立型,1,C1 S2_S3_dominant
ZS01,舟山定海,TS,value_pattern_onset,TS_L3,全对立,pattern_NONE,D_rel,S1=S3,True,0,conservative_split,保守分立型,1,C1 S2_S3_dominant
ZS01,舟山定海,Ø,value_pattern_onset,Ø_L3,全对立,pattern_NONE,A_rel,S2=S3,True,0,conservative_split,保守分立型,1,C1 S2_S3_dominant
ZS01,舟山定海,Ø,value_pattern_onset,Ø_L3,全对立,pattern_NONE,B_rel,S1=S2,True,0,conservative_split,保守分立型,1,C1 S2_S3_dominant
ZS01,舟山定海,Ø,value_pattern_onset,Ø_L3,全对立,pattern_NONE,C_rel,S0=S1,True,0,conservative_split,保守分立型,1,C1 S2_S3_dominant
ZS01,舟山定海,Ø,value_pattern_onset,Ø_L3,全对立,pattern_NONE,D_rel,S1=S3,True,0,conservative_split,保守分立型,1,C1 S2_S3_dominant
